2024-07-09 17:41:57.882078092 - INFO: Context name: 71b4ad9a-0df1-478f-a472-46166fcdf4c9
2024-07-09 17:41:57.888090656 - DEBUG: fastoche_intents_mari-1.2.0
2024-07-09 17:41:57.888366934 - DEBUG: python_patch2run3-1.0.0
2024-07-09 17:41:57.888399072 - DEBUG: future-0.16.0
2024-07-09 17:41:57.888483372 - DEBUG: urllib3-1.26.9
2024-07-09 17:41:57.888499837 - DEBUG: pycparser-2.21
2024-07-09 17:41:57.888514595 - DEBUG: et_xmlfile-1.0.1
2024-07-09 17:41:57.888536056 - DEBUG: smmap2-3.0.1
2024-07-09 17:41:57.888555971 - DEBUG: smmap-3.0.5
2024-07-09 17:41:57.888570763 - DEBUG: six-1.11.0
2024-07-09 17:41:57.888605864 - DEBUG: requests-2.13.0
2024-07-09 17:41:57.888670433 - DEBUG: urllib3-1.26.12
2024-07-09 17:41:57.888686861 - DEBUG: urllib3-1.26.15
2024-07-09 17:41:57.888707706 - DEBUG: certifi-2021.10.8
2024-07-09 17:41:57.888753349 - DEBUG: certifi-2022.5.18.1
2024-07-09 17:41:57.888812751 - DEBUG: certifi-2022.12.7
2024-07-09 17:41:57.888857682 - DEBUG: certifi-2023.5.7
2024-07-09 17:41:57.888928905 - DEBUG: certifi-2024.6.2
2024-07-09 17:41:57.888985167 - DEBUG: requests-2.27.1
2024-07-09 17:41:57.889065488 - DEBUG: requests-2.28.2
2024-07-09 17:41:57.889076124 - DEBUG: requests-2.30.0
2024-07-09 17:41:57.889083443 - DEBUG: requests-2.31.0
2024-07-09 17:41:57.889090122 - DEBUG: requests-2.32.3
2024-07-09 17:41:57.889096529 - DEBUG: six-1.16.0
2024-07-09 17:41:57.889144627 - DEBUG: et_xmlfile-1.1.0
2024-07-09 17:41:57.889186159 - DEBUG: jdcal-1.4.1
2024-07-09 17:41:57.889199405 - DEBUG: timecode-1.3.1
2024-07-09 17:41:57.889333945 - DEBUG: future-0.18.2
2024-07-09 17:41:57.889409876 - DEBUG: future-0.18.3
2024-07-09 17:41:57.889482245 - DEBUG: python_patch2run3-1.1.0
2024-07-09 17:41:57.889504967 - DEBUG: python_patch2run3-1.2.0
2024-07-09 17:41:57.889522004 - DEBUG: python_patch2run3-1.2.1
2024-07-09 17:41:57.889539125 - DEBUG: python_patch2run3-1.2.2
2024-07-09 17:41:57.889559461 - DEBUG: python_patch2run3-1.3.0
2024-07-09 17:41:57.889577678 - DEBUG: python_patch2run3-1.3.1
2024-07-09 17:41:57.889595385 - DEBUG: python_patch2run3-1.3.2
2024-07-09 17:41:57.889614019 - DEBUG: python_patch2run3-1.4.0
2024-07-09 17:41:57.889635758 - DEBUG: python_patch2run3-1.4.1
2024-07-09 17:41:57.889655995 - DEBUG: python_patch2run3-1.5.0
2024-07-09 17:41:57.889675813 - DEBUG: python_patch2run3-1.6.0
2024-07-09 17:41:57.889698821 - DEBUG: python_patch2run3-1.6.1
2024-07-09 17:41:57.889720240 - DEBUG: python_patch2run3-1.6.2
2024-07-09 17:41:57.889744781 - DEBUG: python_patch2run3-1.7.0
2024-07-09 17:41:57.889769914 - DEBUG: python_patch2run3-1.7.1
2024-07-09 17:41:57.889791338 - DEBUG: python_patch2run3-1.7.2
2024-07-09 17:41:57.889812757 - DEBUG: python_patch2run3-1.7.3
2024-07-09 17:41:57.889922794 - DEBUG: fortiche_imaging-1.0.0
2024-07-09 17:41:57.890200568 - DEBUG: app_launcher-1.1.0
2024-07-09 17:41:57.890312750 - DEBUG: templating_utils-1.0.0
2024-07-09 17:41:57.890347946 - DEBUG: Jinja2-2.10
2024-07-09 17:41:57.890355878 - DEBUG: templating_utils-1.0.1
2024-07-09 17:41:57.890381609 - DEBUG: templating_utils-1.0.2
2024-07-09 17:41:57.890406510 - DEBUG: Jinja2-2.11.3
2024-07-09 17:41:57.890413868 - DEBUG: templating_utils-1.0.3
2024-07-09 17:41:57.890522189 - DEBUG: os_utils-1.0.1
2024-07-09 17:41:57.890720755 - DEBUG: fastoche_core-1.0.0
2024-07-09 17:41:57.890863321 - DEBUG: shotgun_api3-3.0.41
2024-07-09 17:41:57.890945498 - DEBUG: httplib2-0.20.4
2024-07-09 17:41:57.891001186 - DEBUG: text_unidecode-1.2
2024-07-09 17:41:57.891092369 - DEBUG: uritemplate-3.0.1
2024-07-09 17:41:57.891121369 - DEBUG: google_auth_httplib2-0.1.0
2024-07-09 17:41:57.891157171 - DEBUG: google_auth-2.6.2
2024-07-09 17:41:57.891176070 - DEBUG: httplib2-0.11.3
2024-07-09 17:41:57.891225150 - DEBUG: python_dateutil-2.8.2
2024-07-09 17:41:57.891313260 - DEBUG: shotgun_api3-3.3.4
2024-07-09 17:41:57.891348100 - DEBUG: shotgun_api3-3.3.5
2024-07-09 17:41:57.891383703 - DEBUG: scandir-1.7
2024-07-09 17:41:57.891430180 - DEBUG: enum34-1.1.6
2024-07-09 17:41:57.891481228 - DEBUG: fishbowl-1.0.0
2024-07-09 17:41:57.891539696 - DEBUG: fishbowl-1.0.1
2024-07-09 17:41:57.891607376 - DEBUG: fishbowl-1.0.2
2024-07-09 17:41:57.891666377 - DEBUG: fishbowl-1.1.0
2024-07-09 17:41:57.891728002 - DEBUG: fishbowl-1.1.2
2024-07-09 17:41:57.891785679 - DEBUG: configparser-3.5.0
2024-07-09 17:41:57.891919246 - DEBUG: configparser-3.8.1
2024-07-09 17:41:57.891943703 - DEBUG: configparser-4.0.2
2024-07-09 17:41:57.892087222 - DEBUG: fishbowl-1.1.3
2024-07-09 17:41:57.892302141 - DEBUG: fishbowl-1.2.0
2024-07-09 17:41:57.892510653 - DEBUG: fishbowl-1.3.0
2024-07-09 17:41:57.892733868 - DEBUG: python_utils-1.0.0
2024-07-09 17:41:57.892824473 - DEBUG: carbon-1.0.0
2024-07-09 17:41:57.893166183 - DEBUG: python_utils-1.0.1
2024-07-09 17:41:57.893243871 - DEBUG: python_utils-1.0.2
2024-07-09 17:41:57.893288011 - DEBUG: python_utils-1.1.0
2024-07-09 17:41:57.893316284 - DEBUG: python_utils-1.2.1
2024-07-09 17:41:57.893342269 - DEBUG: python_utils-1.3.0
2024-07-09 17:41:57.893368151 - DEBUG: python_utils-1.4.0
2024-07-09 17:41:57.893409764 - DEBUG: python_utils-1.4.1
2024-07-09 17:41:57.893452011 - DEBUG: python_utils-1.4.2
2024-07-09 17:41:57.893491766 - DEBUG: python_utils-1.4.3
2024-07-09 17:41:57.893519645 - DEBUG: python_utils-1.5.0
2024-07-09 17:41:57.893550012 - DEBUG: python_utils-1.6.0
2024-07-09 17:41:57.893586468 - DEBUG: python_utils-1.6.1
2024-07-09 17:41:57.893640323 - DEBUG: python_utils-1.7.0
2024-07-09 17:41:57.893674602 - DEBUG: python_utils-1.7.1
2024-07-09 17:41:57.893707456 - DEBUG: python_utils-1.7.2
2024-07-09 17:41:57.893741320 - DEBUG: python_utils-1.8.0
2024-07-09 17:41:57.893776610 - DEBUG: python_utils-1.8.1
2024-07-09 17:41:57.893811120 - DEBUG: python_utils-1.8.2
2024-07-09 17:41:57.893847547 - DEBUG: python_utils-1.8.3
2024-07-09 17:41:57.893885698 - DEBUG: python_utils-1.8.4
2024-07-09 17:41:57.893967324 - DEBUG: python_utils-1.9.0
2024-07-09 17:41:57.894020434 - DEBUG: python_utils-1.10.0
2024-07-09 17:41:57.894064376 - DEBUG: python_utils-1.10.1
2024-07-09 17:41:57.894110812 - DEBUG: python_utils-1.10.2
2024-07-09 17:41:57.894157462 - DEBUG: python_utils-1.10.3
2024-07-09 17:41:57.894202402 - DEBUG: python_utils-1.10.4
2024-07-09 17:41:57.894280513 - DEBUG: python_utils-1.10.5
2024-07-09 17:41:57.894324882 - DEBUG: python_utils-1.10.6
2024-07-09 17:41:57.894371392 - DEBUG: python_utils-1.10.7
2024-07-09 17:41:57.894416584 - DEBUG: python_utils-1.10.8
2024-07-09 17:41:57.894463780 - DEBUG: python_utils-1.11.0
2024-07-09 17:41:57.894510141 - DEBUG: python_utils-1.11.1
2024-07-09 17:41:57.894559216 - DEBUG: python_utils-1.12.0
2024-07-09 17:41:57.894606788 - DEBUG: python_utils-1.12.1
2024-07-09 17:41:57.894659476 - DEBUG: python_utils-1.13.0
2024-07-09 17:41:57.894722871 - DEBUG: carbon-1.0.1
2024-07-09 17:41:57.895736376 - DEBUG: carbon-1.1.0
2024-07-09 17:41:57.896693734 - DEBUG: carbon-1.1.1
2024-07-09 17:41:57.897574091 - DEBUG: carbon-1.1.3
2024-07-09 17:41:57.898677370 - DEBUG: carbon-1.1.4
2024-07-09 17:41:57.899733497 - DEBUG: carbon-1.1.5
2024-07-09 17:41:57.900771502 - DEBUG: carbon-1.1.6
2024-07-09 17:41:57.901808715 - DEBUG: carbon-1.1.7
2024-07-09 17:41:57.902923377 - DEBUG: guerilla_utils-1.0.0
2024-07-09 17:41:57.902978435 - DEBUG: networkx-2.2
2024-07-09 17:41:57.903885653 - DEBUG: guerilla_utils-1.0.1
2024-07-09 17:41:57.904820160 - DEBUG: guerilla_utils-1.1.0
2024-07-09 17:41:57.905762814 - DEBUG: guerilla_utils-1.2.0
2024-07-09 17:41:57.906697220 - DEBUG: networkx-1.11
2024-07-09 17:41:57.906732928 - DEBUG: decorator-4.4.2
2024-07-09 17:41:57.906745896 - DEBUG: decorator-5.1.1
2024-07-09 17:41:57.906762778 - DEBUG: guerilla_utils-1.3.0
2024-07-09 17:41:57.907716282 - DEBUG: guerilla_utils-1.4.0
2024-07-09 17:41:57.908675970 - DEBUG: guerilla_utils-1.5.0
2024-07-09 17:41:57.909635308 - DEBUG: guerilla_utils-1.6.0
2024-07-09 17:41:57.910595473 - DEBUG: guerilla_utils-1.7.0
2024-07-09 17:41:57.911569999 - DEBUG: guerilla_utils-1.8.0
2024-07-09 17:41:57.912541204 - DEBUG: guerilla_utils-1.8.1
2024-07-09 17:41:57.913511947 - DEBUG: guerilla_utils-1.9.0
2024-07-09 17:41:57.914477241 - DEBUG: guerilla_utils-1.9.1
2024-07-09 17:41:57.914531084 - DEBUG: networkx-2.6.3
2024-07-09 17:41:57.914545956 - DEBUG: networkx-2.8.8
2024-07-09 17:41:57.915459956 - DEBUG: guerilla_utils-1.9.2
2024-07-09 17:41:57.916445709 - DEBUG: guerilla_utils-1.9.3
2024-07-09 17:41:57.917442676 - DEBUG: qt_utils-1.0.1
2024-07-09 17:41:57.918529708 - DEBUG: qt_utils-1.0.2
2024-07-09 17:41:57.919475919 - DEBUG: qt_utils-1.0.3
2024-07-09 17:41:57.920487589 - DEBUG: qt_utils-1.0.4
2024-07-09 17:41:57.921595266 - DEBUG: qt_utils-1.1.0
2024-07-09 17:41:57.922785420 - DEBUG: qt_utils-1.1.1
2024-07-09 17:41:57.924079514 - DEBUG: qt_utils-1.1.2
2024-07-09 17:41:57.925177429 - DEBUG: qt_utils-1.2.0
2024-07-09 17:41:57.926353117 - DEBUG: qt_utils-1.2.1
2024-07-09 17:41:57.927484788 - DEBUG: qt_utils-1.3.0
2024-07-09 17:41:57.928725997 - DEBUG: fastoche_guerilla-1.0.0
2024-07-09 17:41:57.928833824 - DEBUG: click-6.7
2024-07-09 17:41:57.929034106 - DEBUG: os_utils-1.0.2
2024-07-09 17:41:57.929241211 - DEBUG: os_utils-1.0.3
2024-07-09 17:41:57.930144458 - DEBUG: psutil-5.4.0
2024-07-09 17:41:57.930242896 - DEBUG: psutil-5.9.4
2024-07-09 17:41:57.930440700 - DEBUG: os_utils-1.0.4
2024-07-09 17:41:57.930635978 - DEBUG: os_utils-1.1.0
2024-07-09 17:41:57.930870425 - DEBUG: os_utils-1.2.0
2024-07-09 17:41:57.931091156 - DEBUG: os_utils-1.3.0
2024-07-09 17:41:57.932211006 - DEBUG: os_utils-1.4.0
2024-07-09 17:41:57.932415981 - DEBUG: os_utils-1.4.1
2024-07-09 17:41:57.933434935 - DEBUG: os_utils-1.5.0
2024-07-09 17:41:57.934525862 - DEBUG: os_utils-1.5.1
2024-07-09 17:41:57.934817828 - DEBUG: os_utils-1.6.0
2024-07-09 17:41:57.935054822 - DEBUG: os_utils-1.6.1
2024-07-09 17:41:57.935284047 - DEBUG: os_utils-1.6.2
2024-07-09 17:41:57.936411123 - DEBUG: os_utils-1.6.3
2024-07-09 17:41:57.937515612 - DEBUG: os_utils-1.7.0
2024-07-09 17:41:57.938639145 - DEBUG: os_utils-1.7.1
2024-07-09 17:41:57.939721893 - DEBUG: os_utils-1.8.0
2024-07-09 17:41:57.940804348 - DEBUG: os_utils-1.9.0
2024-07-09 17:41:57.941960452 - DEBUG: os_utils-1.9.1
2024-07-09 17:41:57.942982258 - DEBUG: os_utils-1.9.2
2024-07-09 17:41:57.944119371 - DEBUG: os_utils-1.9.3
2024-07-09 17:41:57.945349243 - DEBUG: os_utils-1.9.4
2024-07-09 17:41:57.946868780 - DEBUG: fortiche_core-1.0.0
2024-07-09 17:41:57.947523165 - DEBUG: termcolor-1.1.0
2024-07-09 17:41:57.947662924 - DEBUG: sentry_sdk-0.10.2
2024-07-09 17:41:57.947684764 - DEBUG: numpy-1.16.4
2024-07-09 17:41:57.947806367 - DEBUG: python_dependency_scan-1.0.0
2024-07-09 17:41:57.947992120 - DEBUG: importlib_metadata-1.6.0
2024-07-09 17:41:57.948019982 - DEBUG: zipp-1.2.0
2024-07-09 17:41:57.948030339 - DEBUG: zipp-3.15.0
2024-07-09 17:41:57.948042200 - DEBUG: pyyed-1.4.3
2024-07-09 17:41:57.948058536 - DEBUG: pyasn1-0.4.8
2024-07-09 17:41:57.948132604 - DEBUG: more_itertools-4.1.0
2024-07-09 17:41:57.948168153 - DEBUG: python_dependency_scan-1.0.1
2024-07-09 17:41:57.948287472 - DEBUG: python_dependency_scan-1.0.2
2024-07-09 17:41:57.948405865 - DEBUG: python_dependency_scan-1.0.3
2024-07-09 17:41:57.948526656 - DEBUG: pydeps-1.10.12
2024-07-09 17:41:57.948543424 - DEBUG: stdlib_list-0.8.0
2024-07-09 17:41:57.948572255 - DEBUG: python_dependency_scan-1.0.4
2024-07-09 17:41:57.948681373 - DEBUG: importlib_metadata-1.7.0
2024-07-09 17:41:57.948713370 - DEBUG: pyyed-1.5.0
2024-07-09 17:41:57.948744075 - DEBUG: enum34-1.1.10
2024-07-09 17:41:57.948760732 - DEBUG: python_dependency_scan-1.1.0
2024-07-09 17:41:57.948905430 - DEBUG: python_dependency_scan-1.1.1
2024-07-09 17:41:57.949210591 - DEBUG: python_dependency_scan-1.1.2
2024-07-09 17:41:57.949542656 - DEBUG: python_dependency_scan-1.1.3
2024-07-09 17:41:57.949905114 - DEBUG: python_dependency_scan-1.1.4
2024-07-09 17:41:57.950219448 - DEBUG: python_dependency_scan-1.1.5
2024-07-09 17:41:57.950536952 - DEBUG: python_dependency_scan-1.1.6
2024-07-09 17:41:57.950948602 - DEBUG: jsmin-2.2.2
2024-07-09 17:41:57.951903595 - DEBUG: fortiche_core-1.1.0
2024-07-09 17:41:57.953524362 - DEBUG: fortiche_core-1.1.1
2024-07-09 17:41:57.955278894 - DEBUG: fortiche_core-1.2.0
2024-07-09 17:41:57.956967336 - DEBUG: fortiche_core-1.3.0
2024-07-09 17:41:57.958730228 - DEBUG: fortiche_core-1.3.1
2024-07-09 17:41:57.960676536 - DEBUG: fortiche_core-1.3.2
2024-07-09 17:41:57.962441913 - DEBUG: fortiche_core-1.3.3
2024-07-09 17:41:57.964156416 - DEBUG: fortiche_core-1.3.4
2024-07-09 17:41:57.964401306 - DEBUG: numpy-1.16.6
2024-07-09 17:41:57.964442245 - DEBUG: numpy-1.21.6
2024-07-09 17:41:57.965269540 - DEBUG: scandir-1.10.0
2024-07-09 17:41:57.965985782 - DEBUG: fortiche_core-1.3.5
2024-07-09 17:41:57.967693534 - DEBUG: fortiche_core-1.3.6
2024-07-09 17:41:57.969264964 - DEBUG: fortiche_core-1.4.0
2024-07-09 17:41:57.970580660 - DEBUG: click-8.1.3
2024-07-09 17:41:57.970830738 - DEBUG: fortiche_core-1.4.1
2024-07-09 17:41:57.972466270 - DEBUG: fortiche_core-1.5.0
2024-07-09 17:41:57.973989428 - DEBUG: fortiche_core-1.6.0
2024-07-09 17:41:57.975462017 - DEBUG: fortiche_core-1.6.1
2024-07-09 17:41:57.977057043 - DEBUG: fortiche_core-1.7.0
2024-07-09 17:41:57.978506924 - DEBUG: fortiche_core-1.7.1
2024-07-09 17:41:57.980062418 - DEBUG: fortiche_core-1.8.0
2024-07-09 17:41:57.981559274 - DEBUG: fortiche_core-1.8.1
2024-07-09 17:41:57.983050155 - DEBUG: fortiche_core-1.8.2
2024-07-09 17:41:57.984842286 - DEBUG: fortiche_core-1.8.3
2024-07-09 17:41:57.986469535 - DEBUG: fortiche_core-1.9.0
2024-07-09 17:41:57.988251072 - DEBUG: fortiche_core-1.9.1
2024-07-09 17:41:57.989821721 - DEBUG: fortiche_core-1.10.0
2024-07-09 17:41:57.991435236 - DEBUG: fortiche_core-1.10.1
2024-07-09 17:41:57.993091258 - DEBUG: fortiche_core-1.11.0
2024-07-09 17:41:57.994729487 - DEBUG: fortiche_core-1.11.1
2024-07-09 17:41:57.996509067 - DEBUG: fortiche_core-1.11.2
2024-07-09 17:41:57.998308787 - DEBUG: fortiche_core-1.11.3
2024-07-09 17:41:58.000005246 - DEBUG: fortiche_core-1.11.4
2024-07-09 17:41:58.001542893 - DEBUG: fortiche_core-1.12.0
2024-07-09 17:41:58.003135587 - DEBUG: fortiche_core-1.13.0
2024-07-09 17:41:58.004648416 - DEBUG: fortiche_core-1.14.0
2024-07-09 17:41:58.006204557 - DEBUG: fortiche_core-1.14.1
2024-07-09 17:41:58.007916878 - DEBUG: fortiche_core-1.14.2
2024-07-09 17:41:58.009623347 - DEBUG: fortiche_core-1.15.0
2024-07-09 17:41:58.011185032 - DEBUG: fortiche_core-1.16.0
2024-07-09 17:41:58.012801481 - DEBUG: fortiche_core-1.17.0
2024-07-09 17:41:58.014413630 - DEBUG: fortiche_core-1.18.0
2024-07-09 17:41:58.016037165 - DEBUG: fortiche_core-1.19.0
2024-07-09 17:41:58.017657038 - DEBUG: fortiche_core-1.20.0
2024-07-09 17:41:58.019172982 - DEBUG: fortiche_core-1.20.1
2024-07-09 17:41:58.020913262 - DEBUG: fortiche_core-1.20.2
2024-07-09 17:41:58.022666842 - DEBUG: fortiche_core-1.21.0
2024-07-09 17:41:58.024361101 - DEBUG: fortiche_core-1.21.1
2024-07-09 17:41:58.025822378 - DEBUG: fortiche_core-1.22.0
2024-07-09 17:41:58.027337329 - DEBUG: fortiche_core-1.23.0
2024-07-09 17:41:58.029063893 - DEBUG: fastoche_core-1.1.0
2024-07-09 17:41:58.031732823 - DEBUG: horizon-1.0.0
2024-07-09 17:41:58.033991731 - DEBUG: horizon-1.1.0
2024-07-09 17:41:58.036269407 - DEBUG: horizon-1.1.1
2024-07-09 17:41:58.038418109 - DEBUG: horizon-1.2.0
2024-07-09 17:41:58.040423884 - DEBUG: horizon-1.3.0
2024-07-09 17:41:58.041300239 - DEBUG: fortiche_qt-1.0.0
2024-07-09 17:41:58.042609602 - DEBUG: fortiche_qt-1.0.1
2024-07-09 17:41:58.043919709 - DEBUG: fortiche_qt-1.0.2
2024-07-09 17:41:58.046463159 - DEBUG: horizon-1.3.1
2024-07-09 17:41:58.048611934 - DEBUG: horizon-1.3.2
2024-07-09 17:41:58.050694580 - DEBUG: horizon-1.4.0
2024-07-09 17:41:58.052817816 - DEBUG: horizon-1.4.1
2024-07-09 17:41:58.054961246 - DEBUG: horizon-1.5.0
2024-07-09 17:41:58.057108424 - DEBUG: horizon-1.6.0
2024-07-09 17:41:58.059332106 - DEBUG: horizon-1.7.0
2024-07-09 17:41:58.061568252 - DEBUG: horizon-1.7.1
2024-07-09 17:41:58.063764682 - DEBUG: horizon-1.8.0
2024-07-09 17:41:58.065987176 - DEBUG: horizon-1.9.0
2024-07-09 17:41:58.068123484 - DEBUG: horizon-1.10.0
2024-07-09 17:41:58.070482922 - DEBUG: fortiche_shotgun-1.0.0
2024-07-09 17:41:58.072012922 - DEBUG: ffmpeg_utils-1.1.0
2024-07-09 17:41:58.072352038 - DEBUG: ffmpeg_utils-1.2.0
2024-07-09 17:41:58.072717568 - DEBUG: ffmpeg_utils-1.3.0
2024-07-09 17:41:58.073115223 - DEBUG: ffmpeg_utils-1.3.1
2024-07-09 17:41:58.073448212 - DEBUG: ffmpeg_utils-1.3.2
2024-07-09 17:41:58.073800518 - DEBUG: ffmpeg_utils-1.3.3
2024-07-09 17:41:58.074151712 - DEBUG: ffmpeg_utils-1.4.0
2024-07-09 17:41:58.074542501 - DEBUG: ffmpeg_utils-1.4.1
2024-07-09 17:41:58.074908168 - DEBUG: ffmpeg_utils-1.5.0
2024-07-09 17:41:58.075289089 - DEBUG: ffmpeg_utils-1.5.1
2024-07-09 17:41:58.075647687 - DEBUG: ffmpeg_utils-1.6.0
2024-07-09 17:41:58.076238356 - DEBUG: app_launcher-1.3.0
2024-07-09 17:41:58.077380353 - DEBUG: app_launcher-1.4.0
2024-07-09 17:41:58.078558230 - DEBUG: app_launcher-1.4.1
2024-07-09 17:41:58.079907228 - DEBUG: app_launcher-1.5.0
2024-07-09 17:41:58.081060450 - DEBUG: app_launcher-1.6.0
2024-07-09 17:41:58.082269822 - DEBUG: app_launcher-1.6.1
2024-07-09 17:41:58.083457177 - DEBUG: app_launcher-1.7.0
2024-07-09 17:41:58.084648562 - DEBUG: app_launcher-1.8.0
2024-07-09 17:41:58.085756912 - DEBUG: app_launcher-1.9.0
2024-07-09 17:41:58.086896847 - DEBUG: app_launcher-1.9.1
2024-07-09 17:41:58.088052636 - DEBUG: app_launcher-1.9.2
2024-07-09 17:41:58.089137955 - DEBUG: app_launcher-1.10.0
2024-07-09 17:41:58.090288166 - DEBUG: app_launcher-1.11.0
2024-07-09 17:41:58.091391087 - DEBUG: app_launcher-1.12.0
2024-07-09 17:41:58.092609504 - DEBUG: app_launcher-1.13.0
2024-07-09 17:41:58.093788134 - DEBUG: app_launcher-1.14.0
2024-07-09 17:41:58.094990076 - DEBUG: app_launcher-1.15.0
2024-07-09 17:41:58.096217313 - DEBUG: app_launcher-1.16.0
2024-07-09 17:41:58.097327453 - DEBUG: app_launcher-1.17.0
2024-07-09 17:41:58.098427566 - DEBUG: app_launcher-1.18.0
2024-07-09 17:41:58.099514457 - DEBUG: app_launcher-1.19.0
2024-07-09 17:41:58.100678278 - DEBUG: app_launcher-1.20.0
2024-07-09 17:41:58.101819875 - DEBUG: app_launcher-1.21.0
2024-07-09 17:41:58.102928708 - DEBUG: app_launcher-1.22.0
2024-07-09 17:41:58.104038107 - DEBUG: app_launcher-1.23.0
2024-07-09 17:41:58.105198878 - DEBUG: app_launcher-1.24.0
2024-07-09 17:41:58.106303653 - DEBUG: app_launcher-1.25.0
2024-07-09 17:41:58.107401528 - DEBUG: app_launcher-1.26.0
2024-07-09 17:41:58.108612994 - DEBUG: app_launcher-1.26.1
2024-07-09 17:41:58.109734836 - DEBUG: app_launcher-1.27.0
2024-07-09 17:41:58.110835874 - DEBUG: app_launcher-1.28.0
2024-07-09 17:41:58.111953483 - DEBUG: app_launcher-1.28.1
2024-07-09 17:41:58.113092126 - DEBUG: app_launcher-1.28.2
2024-07-09 17:41:58.114252719 - DEBUG: shotgun_sglink_launcher-1.0.0
2024-07-09 17:41:58.115504083 - DEBUG: shotgun_utils-1.0.0
2024-07-09 17:41:58.115559258 - DEBUG: shotgun_utils-1.1.0
2024-07-09 17:41:58.115596922 - DEBUG: shotgun_utils-1.1.1
2024-07-09 17:41:58.115614579 - DEBUG: shotgun_utils-1.2.0
2024-07-09 17:41:58.115632332 - DEBUG: shotgun_utils-1.3.0
2024-07-09 17:41:58.115650098 - DEBUG: shotgun_utils-1.3.1
2024-07-09 17:41:58.115873933 - DEBUG: shotgun_utils-1.3.2
2024-07-09 17:41:58.116089128 - DEBUG: shotgun_utils-1.3.3
2024-07-09 17:41:58.116298241 - DEBUG: shotgun_sglink_launcher-1.1.0
2024-07-09 17:41:58.117591011 - DEBUG: shotgun_sglink_launcher-1.1.1
2024-07-09 17:41:58.118906718 - DEBUG: shotgun_sglink_launcher-1.2.0
2024-07-09 17:41:58.120175312 - DEBUG: shotgun_sglink_launcher-1.2.1
2024-07-09 17:41:58.121376378 - DEBUG: shotgun_sglink_launcher-1.2.2
2024-07-09 17:41:58.122855160 - DEBUG: shotgun_sglink_launcher-1.2.3
2024-07-09 17:41:58.124390054 - DEBUG: shotgun_sglink_launcher-1.3.0
2024-07-09 17:41:58.126624786 - DEBUG: shotgun_sglink_launcher-1.3.1
2024-07-09 17:41:58.129246863 - DEBUG: shotgun_sglink_launcher-1.3.2
2024-07-09 17:41:58.131772090 - DEBUG: shotgun_sglink_launcher-1.3.3
2024-07-09 17:41:58.134454233 - DEBUG: shotgun_sglink_launcher-1.3.4
2024-07-09 17:41:58.137900635 - DEBUG: nested_dict-1.61
2024-07-09 17:41:58.137965498 - DEBUG: cffi-1.15.0
2024-07-09 17:41:58.137978111 - DEBUG: cffi-1.15.1
2024-07-09 17:41:58.137993078 - DEBUG: idna-2.10
2024-07-09 17:41:58.138001781 - DEBUG: idna-3.3
2024-07-09 17:41:58.138009812 - DEBUG: idna-3.4
2024-07-09 17:41:58.138018144 - DEBUG: idna-3.7
2024-07-09 17:41:58.138027971 - DEBUG: asn1crypto-1.5.1
2024-07-09 17:41:58.138089017 - DEBUG: ntplib-0.3.4
2024-07-09 17:41:58.138107039 - DEBUG: boto3-1.17.112
2024-07-09 17:41:58.138167211 - DEBUG: botocore-1.20.112
2024-07-09 17:41:58.138217168 - DEBUG: jmespath-0.10.0
2024-07-09 17:41:58.138275211 - DEBUG: s3transfer-0.4.2
2024-07-09 17:41:58.138304418 - DEBUG: botocore-1.29.130
2024-07-09 17:41:58.138322030 - DEBUG: boto3-1.26.130
2024-07-09 17:41:58.138355191 - DEBUG: fortiche_shotgun-1.1.0
2024-07-09 17:41:58.141411894 - DEBUG: fortiche_shotgun-1.2.0
2024-07-09 17:41:58.144716718 - DEBUG: fortiche_shotgun-1.3.0
2024-07-09 17:41:58.147859942 - DEBUG: fortiche_shotgun-1.3.1
2024-07-09 17:41:58.150847453 - DEBUG: fortiche_shotgun-1.4.0
2024-07-09 17:41:58.153845379 - DEBUG: fortiche_shotgun-1.4.1
2024-07-09 17:41:58.156970403 - DEBUG: fortiche_shotgun-1.4.2
2024-07-09 17:41:58.160469268 - DEBUG: fortiche_shotgun-1.5.0
2024-07-09 17:41:58.163844910 - DEBUG: fortiche_shotgun-1.6.0
2024-07-09 17:41:58.167175394 - DEBUG: fortiche_shotgun-1.7.0
2024-07-09 17:41:58.170283685 - DEBUG: fortiche_shotgun-1.7.1
2024-07-09 17:41:58.170504211 - DEBUG: ntplib-0.4.0
2024-07-09 17:41:58.173422986 - DEBUG: fortiche_shotgun-1.8.0
2024-07-09 17:41:58.176391829 - DEBUG: fortiche_shotgun-1.9.0
2024-07-09 17:41:58.179569353 - DEBUG: fortiche_shotgun-1.9.1
2024-07-09 17:41:58.183141867 - DEBUG: fortiche_shotgun-1.9.2
2024-07-09 17:41:58.186416819 - DEBUG: fortiche_shotgun-1.10.0
2024-07-09 17:41:58.189723435 - DEBUG: fortiche_shotgun-1.11.0
2024-07-09 17:41:58.192972412 - DEBUG: fortiche_shotgun-1.11.1
2024-07-09 17:41:58.196307761 - DEBUG: fortiche_shotgun-1.12.0
2024-07-09 17:41:58.199497930 - DEBUG: fortiche_shotgun-1.12.1
2024-07-09 17:41:58.202705260 - DEBUG: fortiche_shotgun-1.12.2
2024-07-09 17:41:58.206375056 - DEBUG: fortiche_shotgun-1.12.3
2024-07-09 17:41:58.209900378 - DEBUG: fortiche_shotgun-1.12.4
2024-07-09 17:41:58.213366994 - DEBUG: fortiche_shotgun-1.13.0
2024-07-09 17:41:58.216846217 - DEBUG: fortiche_shotgun-1.14.0
2024-07-09 17:41:58.220240447 - DEBUG: fortiche_shotgun-1.15.0
2024-07-09 17:41:58.223437228 - DEBUG: fortiche_shotgun-1.16.0
2024-07-09 17:41:58.226705304 - DEBUG: fortiche_shotgun-1.16.1
2024-07-09 17:41:58.230038198 - DEBUG: fortiche_shotgun-1.17.0
2024-07-09 17:41:58.233371886 - DEBUG: fortiche_shotgun-1.18.0
2024-07-09 17:41:58.236624878 - DEBUG: fortiche_shotgun-1.18.1
2024-07-09 17:41:58.240009869 - DEBUG: fortiche_shotgun-1.19.0
2024-07-09 17:41:58.243357847 - DEBUG: fortiche_shotgun-1.19.1
2024-07-09 17:41:58.246881625 - DEBUG: fortiche_shotgun-1.20.0
2024-07-09 17:41:58.250510495 - DEBUG: fortiche_shotgun-1.21.0
2024-07-09 17:41:58.253992958 - DEBUG: fortiche_shotgun-1.21.1
2024-07-09 17:41:58.257476562 - DEBUG: fortiche_shotgun-1.22.0
2024-07-09 17:41:58.260945741 - DEBUG: fortiche_shotgun-1.23.0
2024-07-09 17:41:58.264190488 - DEBUG: fortiche_shotgun-1.24.0
2024-07-09 17:41:58.267421902 - DEBUG: fortiche_shotgun-1.24.1
2024-07-09 17:41:58.270690134 - DEBUG: fortiche_shotgun-1.24.2
2024-07-09 17:41:58.273994175 - DEBUG: fortiche_shotgun-1.24.3
2024-07-09 17:41:58.277273288 - DEBUG: fortiche_shotgun-1.24.4
2024-07-09 17:41:58.280582502 - DEBUG: fortiche_shotgun-1.24.5
2024-07-09 17:41:58.283760989 - DEBUG: fastoche_core-1.1.1
2024-07-09 17:41:58.287681942 - DEBUG: fastoche_core-1.1.2
2024-07-09 17:41:58.291503637 - DEBUG: fastoche_core-1.1.3
2024-07-09 17:41:58.295375903 - DEBUG: fastoche_core-1.1.4
2024-07-09 17:41:58.299322919 - DEBUG: fastoche_core-1.1.5
2024-07-09 17:41:58.303047097 - DEBUG: fastoche_core-1.2.0
2024-07-09 17:41:58.306774751 - DEBUG: fastoche_core-1.2.1
2024-07-09 17:41:58.310544584 - DEBUG: fastoche_core-1.3.0
2024-07-09 17:41:58.314224725 - DEBUG: fastoche_core-1.3.1
2024-07-09 17:41:58.315518001 - DEBUG: OpenTimelineIO-0.14.0
2024-07-09 17:41:58.315543002 - DEBUG: OpenTimelineIO-0.14.0-inside-nuke-13.2-pkg.0
2024-07-09 17:41:58.315575622 - DEBUG: rez-2.104.7
2024-07-09 17:41:58.315721711 - DEBUG: python-2.7-inside-fbox-pkg.0
2024-07-09 17:41:58.315837647 - DEBUG: PySide2-5.12-inside-mari-5.0-pkg.0
2024-07-09 17:41:58.315879197 - DEBUG: shiboken2-5.12.0
2024-07-09 17:41:58.315984240 - DEBUG: PySide2-5.12.0
2024-07-09 17:41:58.316031986 - DEBUG: PySide2-5.12.6-inside-nuke-13.2-pkg.0
2024-07-09 17:41:58.316067097 - DEBUG: PySide2-5.15-inside-nuke-14.0-pkg.0
2024-07-09 17:41:58.316101918 - DEBUG: PySide2-5.15.2-inside-houdini-19.5-pkg.0
2024-07-09 17:41:58.316141018 - DEBUG: PySide2-5.15.2.1
2024-07-09 17:41:58.316177917 - DEBUG: shiboken2-5.15.2.1
2024-07-09 17:41:58.316271488 - DEBUG: PySide2-5.15.2.1-pkg.1
2024-07-09 17:41:58.316316279 - DEBUG: python-2.7-inside-guerilla-2.3-pkg.0
2024-07-09 17:41:58.316437406 - DEBUG: PySide2-5.15.2-inside-maya-2022-pkg.0
2024-07-09 17:41:58.316494044 - DEBUG: python-2.7-inside-maya-2018-pkg.0
2024-07-09 17:41:58.316603446 - DEBUG: OpenTimelineIO-0.14.1
2024-07-09 17:41:58.316631081 - DEBUG: OpenTimelineIO-0.15-inside-nuke-14.0-pkg.0
2024-07-09 17:41:58.316663655 - DEBUG: OpenTimelineIO-0.15.0
2024-07-09 17:41:58.316760953 - DEBUG: python-2.7-inside-maya-2022-pkg.0
2024-07-09 17:41:58.316974430 - DEBUG: python-2.7-pkg.0
2024-07-09 17:41:58.317111451 - DEBUG: python-2.7-pkg.1
2024-07-09 17:41:58.317239506 - DEBUG: python-3.7-inside-mari-5.0-pkg.0
2024-07-09 17:41:58.317371414 - DEBUG: python-3.7-inside-mari-5.0-pkg.1
2024-07-09 17:41:58.317503165 - DEBUG: python-3.7-inside-mari-5.0-pkg.2
2024-07-09 17:41:58.317658791 - DEBUG: python-3.7-inside-maya-2022-pkg.0
2024-07-09 17:41:58.317874548 - DEBUG: python-3.7-inside-maya-2022-pkg.1
2024-07-09 17:41:58.318061103 - DEBUG: python-3.7-inside-maya-2022-pkg.2
2024-07-09 17:41:58.318220729 - DEBUG: python-3.7-inside-nuke-13.2-pkg.0
2024-07-09 17:41:58.318456803 - DEBUG: python-3.7-inside-nuke-13.2-pkg.1
2024-07-09 17:41:58.318593011 - DEBUG: python-3.7-pkg.0
2024-07-09 17:41:58.318733594 - DEBUG: python-3.7-pkg.1
2024-07-09 17:41:58.318954016 - DEBUG: python-3.9-inside-houdini-19.5-pkg.0
2024-07-09 17:41:58.319106440 - DEBUG: python-3.9-inside-houdini-19.5-pkg.1
2024-07-09 17:41:58.319249167 - DEBUG: python-3.9-inside-nuke-14.0-pkg.0
2024-07-09 17:41:58.319454487 - DEBUG: python-3.9-inside-nuke-14.0-pkg.1
2024-07-09 17:41:58.319633538 - DEBUG: python-3.9-pkg.0
2024-07-09 17:41:58.319791004 - DEBUG: python-3.9-pkg.1
2024-07-09 17:41:58.319966895 - DEBUG: python-3.10-inside-blender-3.6-pkg.0
2024-07-09 17:41:58.322564439 - DEBUG: fastoche_core-1.3.2
2024-07-09 17:41:58.326539924 - DEBUG: fastoche_core-1.4.0
2024-07-09 17:41:58.330428489 - DEBUG: fastoche_core-1.5.0
2024-07-09 17:41:58.334378171 - DEBUG: fastoche_core-1.6.0
2024-07-09 17:41:58.338278882 - DEBUG: fastoche_core-1.6.1
2024-07-09 17:41:58.342124992 - DEBUG: fastoche_core-1.6.2
2024-07-09 17:41:58.345889632 - DEBUG: fastoche_core-1.7.0
2024-07-09 17:41:58.350306581 - DEBUG: fastoche_core-1.7.1
2024-07-09 17:41:58.354766340 - DEBUG: fastoche_core-1.7.2
2024-07-09 17:41:58.359397792 - DEBUG: fastoche_core-1.7.3
2024-07-09 17:41:58.364088511 - DEBUG: fastoche_core-1.7.4
2024-07-09 17:41:58.368415103 - DEBUG: fastoche_core-1.7.5
2024-07-09 17:41:58.372902788 - DEBUG: fastoche_core-1.8.0
2024-07-09 17:41:58.377399139 - DEBUG: fastoche_core-1.9.0
2024-07-09 17:41:58.381722703 - DEBUG: fastoche_core-1.9.1
2024-07-09 17:41:58.386304857 - DEBUG: fastoche_core-1.9.2
2024-07-09 17:41:58.390953457 - DEBUG: fastoche_core-1.9.3
2024-07-09 17:41:58.395411776 - DEBUG: fastoche_core-1.9.4
2024-07-09 17:41:58.399815973 - DEBUG: fastoche_core-1.10.0
2024-07-09 17:41:58.404705009 - DEBUG: fastoche_core-1.10.1
2024-07-09 17:41:58.409824191 - DEBUG: fastoche_core-1.10.2
2024-07-09 17:41:58.414775916 - DEBUG: fastoche_core-1.11.0
2024-07-09 17:41:58.419440950 - DEBUG: fastoche_core-1.12.0
2024-07-09 17:41:58.424195997 - DEBUG: fastoche_core-1.13.0
2024-07-09 17:41:58.428804819 - DEBUG: fastoche_core-1.13.1
2024-07-09 17:41:58.433009608 - DEBUG: fastoche_core-1.14.0
2024-07-09 17:41:58.437147187 - DEBUG: fastoche_core-1.15.0
2024-07-09 17:41:58.441489760 - DEBUG: fastoche_core-1.16.0
2024-07-09 17:41:58.442075382 - DEBUG: MarkupSafe-1.1.1
2024-07-09 17:41:58.442156482 - DEBUG: MarkupSafe-2.0.1
2024-07-09 17:41:58.446151521 - DEBUG: fastoche_core-1.17.0
2024-07-09 17:41:58.450396087 - DEBUG: fastoche_core-1.17.1
2024-07-09 17:41:58.454562421 - DEBUG: fastoche_core-1.17.2
2024-07-09 17:41:58.458647820 - DEBUG: fastoche_core-1.18.0
2024-07-09 17:41:58.462811012 - DEBUG: fastoche_core-1.19.0
2024-07-09 17:41:58.468991357 - DEBUG: fastoche_guerilla-1.1.0
2024-07-09 17:41:58.473548777 - DEBUG: fastoche_guerilla-1.2.0
2024-07-09 17:41:58.478222753 - DEBUG: fastoche_guerilla-1.3.0
2024-07-09 17:41:58.482494250 - DEBUG: fastoche_guerilla-1.3.1
2024-07-09 17:41:58.486750864 - DEBUG: fastoche_guerilla-1.4.0
2024-07-09 17:41:58.491332675 - DEBUG: fastoche_guerilla-1.5.0
2024-07-09 17:41:58.495946683 - DEBUG: fastoche_guerilla-1.5.1
2024-07-09 17:41:58.500692572 - DEBUG: fastoche_guerilla-1.5.2
2024-07-09 17:41:58.505492509 - DEBUG: fastoche_guerilla-1.6.0
2024-07-09 17:41:58.510326421 - DEBUG: fastoche_guerilla-1.7.0
2024-07-09 17:41:58.515075837 - DEBUG: fastoche_guerilla-1.9.1
2024-07-09 17:41:58.520282918 - DEBUG: fastoche_guerilla-1.10.0
2024-07-09 17:41:58.524880549 - DEBUG: fastoche_guerilla-1.11.0
2024-07-09 17:41:58.529646300 - DEBUG: fastoche_guerilla-1.11.1
2024-07-09 17:41:58.534184767 - DEBUG: fastoche_guerilla-1.11.2
2024-07-09 17:41:58.538737841 - DEBUG: fastoche_guerilla-1.12.0
2024-07-09 17:41:58.543397260 - DEBUG: fastoche_guerilla-1.12.1
2024-07-09 17:41:58.548711566 - DEBUG: fastoche_guerilla-1.13.0
2024-07-09 17:41:58.553487991 - DEBUG: fastoche_guerilla-1.13.1
2024-07-09 17:41:58.558460445 - DEBUG: fastoche_guerilla-1.13.2
2024-07-09 17:41:58.563120331 - DEBUG: fastoche_guerilla-1.14.0
2024-07-09 17:41:58.568042362 - DEBUG: fastoche_guerilla-1.15.0
2024-07-09 17:41:58.573132028 - DEBUG: fastoche_guerilla-1.16.0
2024-07-09 17:41:58.578040699 - DEBUG: fastoche_guerilla-1.16.1
2024-07-09 17:41:58.582850354 - DEBUG: fastoche_guerilla-1.17.0
2024-07-09 17:41:58.588054197 - DEBUG: fastoche_guerilla-1.17.1
2024-07-09 17:41:58.592547416 - DEBUG: fastoche_guerilla-1.18.0
2024-07-09 17:41:58.597204008 - DEBUG: fastoche_guerilla-1.18.1
2024-07-09 17:41:58.602141706 - DEBUG: fastoche_guerilla-1.18.2
2024-07-09 17:41:58.607669677 - DEBUG: fastoche_guerilla-1.18.3
2024-07-09 17:41:58.612850066 - DEBUG: fastoche_guerilla-1.18.4
2024-07-09 17:41:58.618295069 - DEBUG: fastoche_guerilla-1.19.0
2024-07-09 17:41:58.623482150 - DEBUG: fastoche_guerilla-1.20.0
2024-07-09 17:41:58.628565519 - DEBUG: fastoche_guerilla-1.21.0
2024-07-09 17:41:58.634247932 - DEBUG: fastoche_guerilla-1.21.1
2024-07-09 17:41:58.641313727 - DEBUG: appy-1.0.0
2024-07-09 17:41:58.641605053 - DEBUG: templaters-1.0.0
2024-07-09 17:41:58.644566255 - DEBUG: templaters-1.1.0
2024-07-09 17:41:58.647125378 - DEBUG: templaters-1.1.1
2024-07-09 17:41:58.649684994 - DEBUG: templaters-1.2.0
2024-07-09 17:41:58.652189370 - DEBUG: templaters-1.2.1
2024-07-09 17:41:58.657204953 - DEBUG: cryptography-2.2.2
2024-07-09 17:41:58.657298035 - DEBUG: cryptography-2.2.2-pkg.0
2024-07-09 17:41:58.657308485 - DEBUG: cryptography-2.2.2-pkg.1
2024-07-09 17:41:58.657322366 - DEBUG: appy-1.0.1
2024-07-09 17:41:58.659979319 - DEBUG: appy-1.0.2
2024-07-09 17:41:58.662569838 - DEBUG: appy-1.0.3
2024-07-09 17:41:58.665243570 - DEBUG: appy-1.0.4
2024-07-09 17:41:58.667828146 - DEBUG: appy-1.1.0
2024-07-09 17:41:58.670519086 - DEBUG: appy-1.2.0
2024-07-09 17:41:58.671707913 - DEBUG: cryptography-2.9.2
2024-07-09 17:41:58.673580957 - DEBUG: appy-1.2.1
2024-07-09 17:41:58.676387312 - DEBUG: appy-1.3.0
2024-07-09 17:41:58.679330947 - DEBUG: appy-1.3.1
2024-07-09 17:41:58.682501997 - DEBUG: appy-1.3.2
2024-07-09 17:41:58.685622419 - DEBUG: appy-1.4.0
2024-07-09 17:41:58.688603604 - DEBUG: appy-1.5.0
2024-07-09 17:41:58.691291454 - DEBUG: appy-1.5.1
2024-07-09 17:41:58.694101643 - DEBUG: appy-1.5.2
2024-07-09 17:41:58.706538657 - DEBUG: OpenEXR-1.3.2
2024-07-09 17:41:58.706604223 - DEBUG: Pillow-5.1.0
2024-07-09 17:41:58.707662439 - DEBUG: fortiche_imaging-1.0.1
2024-07-09 17:41:58.710581665 - DEBUG: fortiche_imaging-1.0.2
2024-07-09 17:41:58.713600293 - DEBUG: fortiche_imaging-1.1.0
2024-07-09 17:41:58.716678079 - DEBUG: fortiche_imaging-1.2.0
2024-07-09 17:41:58.719824975 - DEBUG: fortiche_imaging-1.2.1
2024-07-09 17:41:58.722005979 - DEBUG: Pillow-5.4.1
2024-07-09 17:41:58.722071014 - DEBUG: Pillow-9.5.0
2024-07-09 17:41:58.722866404 - DEBUG: fortiche_imaging-1.3.0
2024-07-09 17:41:58.726047506 - DEBUG: fortiche_imaging-1.3.1
2024-07-09 17:41:58.729156560 - DEBUG: fortiche_imaging-1.4.0
2024-07-09 17:41:58.732225343 - DEBUG: fortiche_imaging-1.4.1
2024-07-09 17:41:58.735369215 - DEBUG: fortiche_imaging-1.5.0
2024-07-09 17:41:58.738604187 - DEBUG: nuke_utils-1.0.0
2024-07-09 17:41:58.739419576 - DEBUG: nuke_utils-1.1.0
2024-07-09 17:41:58.740344055 - DEBUG: nuke_utils-1.2.0
2024-07-09 17:41:58.741129375 - DEBUG: nuke_utils-1.3.0
2024-07-09 17:41:58.742047613 - DEBUG: nuke_utils-1.4.0
2024-07-09 17:41:58.742948820 - DEBUG: nuke_utils-1.5.0
2024-07-09 17:41:58.744026632 - DEBUG: nuke_utils-1.6.0
2024-07-09 17:41:58.745026805 - DEBUG: nuke_utils-1.6.1
2024-07-09 17:41:58.745891164 - DEBUG: nuke_utils-1.6.2
2024-07-09 17:41:58.746701364 - DEBUG: nuke_utils-1.6.3
2024-07-09 17:41:58.747600967 - DEBUG: nuke_utils-1.6.4
2024-07-09 17:41:58.748509362 - DEBUG: nuke_utils-1.6.5
2024-07-09 17:41:58.749423425 - DEBUG: nuke_utils-1.6.6
2024-07-09 17:41:58.750327946 - DEBUG: fortiche_imaging-1.5.1
2024-07-09 17:41:58.753701489 - DEBUG: fortiche_imaging-1.5.2
2024-07-09 17:41:58.757029602 - DEBUG: fortiche_imaging-1.6.0
2024-07-09 17:41:58.760463605 - DEBUG: fortiche_imaging-1.6.1
2024-07-09 17:41:58.763907473 - DEBUG: fortiche_imaging-1.6.2
2024-07-09 17:41:58.767596510 - DEBUG: fortiche_imaging-1.6.3
2024-07-09 17:41:58.771394913 - DEBUG: fastoche_mari-1.0.0
2024-07-09 17:41:58.774743825 - DEBUG: mari_utils-1.0.0
2024-07-09 17:41:58.775059701 - DEBUG: mari_utils-1.0.1
2024-07-09 17:41:58.775334313 - DEBUG: mari_utils-1.1.0
2024-07-09 17:41:58.775523507 - DEBUG: mari_utils-1.2.0
2024-07-09 17:41:58.775782132 - DEBUG: mari_utils-1.2.1
2024-07-09 17:41:58.776037617 - DEBUG: fastoche_mari-1.0.1
2024-07-09 17:41:58.779462014 - DEBUG: fastoche_mari-1.1.0
2024-07-09 17:41:58.782905023 - DEBUG: fastoche_mari-1.1.1
2024-07-09 17:41:58.786482407 - DEBUG: fastoche_mari-1.2.0
2024-07-09 17:41:58.789879388 - DEBUG: fastoche_mari-1.3.0
2024-07-09 17:41:58.793323084 - DEBUG: fastoche_mari-1.3.1
2024-07-09 17:41:58.801465703 - DEBUG: cargo-1.0.0
2024-07-09 17:41:58.803880386 - DEBUG: cargo-1.1.0
2024-07-09 17:41:58.806279408 - DEBUG: cargo-1.1.1
2024-07-09 17:41:58.808620501 - DEBUG: cargo-1.2.0
2024-07-09 17:41:58.811116506 - DEBUG: cargo-1.2.1
2024-07-09 17:41:58.813499285 - DEBUG: cargo-1.2.2
2024-07-09 17:41:58.815938188 - DEBUG: cargo-1.2.3
2024-07-09 17:41:58.818354670 - DEBUG: cargo-1.3.0
2024-07-09 17:41:58.820760143 - DEBUG: cargo-1.3.1
2024-07-09 17:41:58.823097501 - DEBUG: cargo-1.3.2
2024-07-09 17:41:58.825486660 - DEBUG: cargo-1.3.3
2024-07-09 19:24:43.910724069 - INFO: Context name: 15ddfc17-f6b4-410f-8be1-8f9b45198321
2024-07-09 19:24:43.915708144 - DEBUG: fastoche_intents_mari-1.2.0
2024-07-09 19:24:43.916023630 - DEBUG: python_patch2run3-1.0.0
2024-07-09 19:24:43.916064835 - DEBUG: future-0.16.0
2024-07-09 19:24:43.916135174 - DEBUG: urllib3-1.26.9
2024-07-09 19:24:43.916152627 - DEBUG: pycparser-2.21
2024-07-09 19:24:43.916188436 - DEBUG: et_xmlfile-1.0.1
2024-07-09 19:24:43.916231691 - DEBUG: smmap2-3.0.1
2024-07-09 19:24:43.916256822 - DEBUG: smmap-3.0.5
2024-07-09 19:24:43.916271689 - DEBUG: six-1.11.0
2024-07-09 19:24:43.916307617 - DEBUG: requests-2.13.0
2024-07-09 19:24:43.916363252 - DEBUG: urllib3-1.26.12
2024-07-09 19:24:43.916377187 - DEBUG: urllib3-1.26.15
2024-07-09 19:24:43.916396528 - DEBUG: certifi-2021.10.8
2024-07-09 19:24:43.916458546 - DEBUG: certifi-2022.5.18.1
2024-07-09 19:24:43.916501283 - DEBUG: certifi-2022.12.7
2024-07-09 19:24:43.916606506 - DEBUG: certifi-2023.5.7
2024-07-09 19:24:43.916657109 - DEBUG: certifi-2024.6.2
2024-07-09 19:24:43.916700209 - DEBUG: requests-2.27.1
2024-07-09 19:24:43.916781308 - DEBUG: requests-2.28.2
2024-07-09 19:24:43.916794702 - DEBUG: requests-2.30.0
2024-07-09 19:24:43.916802190 - DEBUG: requests-2.31.0
2024-07-09 19:24:43.916809408 - DEBUG: requests-2.32.3
2024-07-09 19:24:43.916823672 - DEBUG: six-1.16.0
2024-07-09 19:24:43.916881349 - DEBUG: et_xmlfile-1.1.0
2024-07-09 19:24:43.916923336 - DEBUG: jdcal-1.4.1
2024-07-09 19:24:43.916939768 - DEBUG: timecode-1.3.1
2024-07-09 19:24:43.917076776 - DEBUG: future-0.18.2
2024-07-09 19:24:43.917191329 - DEBUG: future-0.18.3
2024-07-09 19:24:43.917286927 - DEBUG: python_patch2run3-1.1.0
2024-07-09 19:24:43.917312845 - DEBUG: python_patch2run3-1.2.0
2024-07-09 19:24:43.917331616 - DEBUG: python_patch2run3-1.2.1
2024-07-09 19:24:43.917355165 - DEBUG: python_patch2run3-1.2.2
2024-07-09 19:24:43.917374787 - DEBUG: python_patch2run3-1.3.0
2024-07-09 19:24:43.917394253 - DEBUG: python_patch2run3-1.3.1
2024-07-09 19:24:43.917413972 - DEBUG: python_patch2run3-1.3.2
2024-07-09 19:24:43.917437627 - DEBUG: python_patch2run3-1.4.0
2024-07-09 19:24:43.917458681 - DEBUG: python_patch2run3-1.4.1
2024-07-09 19:24:43.917479945 - DEBUG: python_patch2run3-1.5.0
2024-07-09 19:24:43.917501404 - DEBUG: python_patch2run3-1.6.0
2024-07-09 19:24:43.917535857 - DEBUG: python_patch2run3-1.6.1
2024-07-09 19:24:43.917567682 - DEBUG: python_patch2run3-1.6.2
2024-07-09 19:24:43.917591423 - DEBUG: python_patch2run3-1.7.0
2024-07-09 19:24:43.917614720 - DEBUG: python_patch2run3-1.7.1
2024-07-09 19:24:43.917638921 - DEBUG: python_patch2run3-1.7.2
2024-07-09 19:24:43.917666654 - DEBUG: python_patch2run3-1.7.3
2024-07-09 19:24:43.917754490 - DEBUG: fortiche_imaging-1.0.0
2024-07-09 19:24:43.918059296 - DEBUG: app_launcher-1.1.0
2024-07-09 19:24:43.918164040 - DEBUG: templating_utils-1.0.0
2024-07-09 19:24:43.918207254 - DEBUG: Jinja2-2.10
2024-07-09 19:24:43.918217334 - DEBUG: templating_utils-1.0.1
2024-07-09 19:24:43.918265627 - DEBUG: templating_utils-1.0.2
2024-07-09 19:24:43.918290955 - DEBUG: Jinja2-2.11.3
2024-07-09 19:24:43.918300678 - DEBUG: templating_utils-1.0.3
2024-07-09 19:24:43.918431353 - DEBUG: os_utils-1.0.1
2024-07-09 19:24:43.918646345 - DEBUG: fastoche_core-1.0.0
2024-07-09 19:24:43.918817818 - DEBUG: shotgun_api3-3.0.41
2024-07-09 19:24:43.918870063 - DEBUG: httplib2-0.20.4
2024-07-09 19:24:43.918947522 - DEBUG: text_unidecode-1.2
2024-07-09 19:24:43.919072729 - DEBUG: uritemplate-3.0.1
2024-07-09 19:24:43.919104296 - DEBUG: google_auth_httplib2-0.1.0
2024-07-09 19:24:43.919148419 - DEBUG: google_auth-2.6.2
2024-07-09 19:24:43.919171227 - DEBUG: httplib2-0.11.3
2024-07-09 19:24:43.919225908 - DEBUG: python_dateutil-2.8.2
2024-07-09 19:24:43.919303078 - DEBUG: shotgun_api3-3.3.4
2024-07-09 19:24:43.919364086 - DEBUG: shotgun_api3-3.3.5
2024-07-09 19:24:43.919409769 - DEBUG: scandir-1.7
2024-07-09 19:24:43.919465314 - DEBUG: enum34-1.1.6
2024-07-09 19:24:43.919528308 - DEBUG: fishbowl-1.0.0
2024-07-09 19:24:43.919613058 - DEBUG: fishbowl-1.0.1
2024-07-09 19:24:43.919657218 - DEBUG: fishbowl-1.0.2
2024-07-09 19:24:43.919700571 - DEBUG: fishbowl-1.1.0
2024-07-09 19:24:43.919751942 - DEBUG: fishbowl-1.1.2
2024-07-09 19:24:43.919801881 - DEBUG: configparser-3.5.0
2024-07-09 19:24:43.919891577 - DEBUG: configparser-3.8.1
2024-07-09 19:24:43.919938628 - DEBUG: configparser-4.0.2
2024-07-09 19:24:43.920106827 - DEBUG: fishbowl-1.1.3
2024-07-09 19:24:43.920314073 - DEBUG: fishbowl-1.2.0
2024-07-09 19:24:43.920526172 - DEBUG: fishbowl-1.3.0
2024-07-09 19:24:43.920790829 - DEBUG: python_utils-1.0.0
2024-07-09 19:24:43.921014216 - DEBUG: carbon-1.0.0
2024-07-09 19:24:43.921378855 - DEBUG: python_utils-1.0.1
2024-07-09 19:24:43.921424704 - DEBUG: python_utils-1.0.2
2024-07-09 19:24:43.921459868 - DEBUG: python_utils-1.1.0
2024-07-09 19:24:43.921511040 - DEBUG: python_utils-1.2.1
2024-07-09 19:24:43.921556009 - DEBUG: python_utils-1.3.0
2024-07-09 19:24:43.921593578 - DEBUG: python_utils-1.4.0
2024-07-09 19:24:43.921636734 - DEBUG: python_utils-1.4.1
2024-07-09 19:24:43.921676448 - DEBUG: python_utils-1.4.2
2024-07-09 19:24:43.921740565 - DEBUG: python_utils-1.4.3
2024-07-09 19:24:43.921768302 - DEBUG: python_utils-1.5.0
2024-07-09 19:24:43.921802606 - DEBUG: python_utils-1.6.0
2024-07-09 19:24:43.921839753 - DEBUG: python_utils-1.6.1
2024-07-09 19:24:43.921906237 - DEBUG: python_utils-1.7.0
2024-07-09 19:24:43.921976576 - DEBUG: python_utils-1.7.1
2024-07-09 19:24:43.922019442 - DEBUG: python_utils-1.7.2
2024-07-09 19:24:43.922059531 - DEBUG: python_utils-1.8.0
2024-07-09 19:24:43.922104049 - DEBUG: python_utils-1.8.1
2024-07-09 19:24:43.922139852 - DEBUG: python_utils-1.8.2
2024-07-09 19:24:43.922185498 - DEBUG: python_utils-1.8.3
2024-07-09 19:24:43.922249623 - DEBUG: python_utils-1.8.4
2024-07-09 19:24:43.922291071 - DEBUG: python_utils-1.9.0
2024-07-09 19:24:43.922335205 - DEBUG: python_utils-1.10.0
2024-07-09 19:24:43.922385143 - DEBUG: python_utils-1.10.1
2024-07-09 19:24:43.922432172 - DEBUG: python_utils-1.10.2
2024-07-09 19:24:43.922476699 - DEBUG: python_utils-1.10.3
2024-07-09 19:24:43.922523770 - DEBUG: python_utils-1.10.4
2024-07-09 19:24:43.922573949 - DEBUG: python_utils-1.10.5
2024-07-09 19:24:43.922622474 - DEBUG: python_utils-1.10.6
2024-07-09 19:24:43.922674451 - DEBUG: python_utils-1.10.7
2024-07-09 19:24:43.922758302 - DEBUG: python_utils-1.10.8
2024-07-09 19:24:43.922806040 - DEBUG: python_utils-1.11.0
2024-07-09 19:24:43.922856781 - DEBUG: python_utils-1.11.1
2024-07-09 19:24:43.922915569 - DEBUG: python_utils-1.12.0
2024-07-09 19:24:43.922974224 - DEBUG: python_utils-1.12.1
2024-07-09 19:24:43.923025959 - DEBUG: python_utils-1.13.0
2024-07-09 19:24:43.923104594 - DEBUG: carbon-1.0.1
2024-07-09 19:24:43.924114857 - DEBUG: carbon-1.1.0
2024-07-09 19:24:43.924968349 - DEBUG: carbon-1.1.1
2024-07-09 19:24:43.925865353 - DEBUG: carbon-1.1.3
2024-07-09 19:24:43.926702965 - DEBUG: carbon-1.1.4
2024-07-09 19:24:43.927570297 - DEBUG: carbon-1.1.5
2024-07-09 19:24:43.928453721 - DEBUG: carbon-1.1.6
2024-07-09 19:24:43.929391305 - DEBUG: carbon-1.1.7
2024-07-09 19:24:43.930447560 - DEBUG: guerilla_utils-1.0.0
2024-07-09 19:24:43.930500402 - DEBUG: networkx-2.2
2024-07-09 19:24:43.931394777 - DEBUG: guerilla_utils-1.0.1
2024-07-09 19:24:43.932595716 - DEBUG: guerilla_utils-1.1.0
2024-07-09 19:24:43.933780838 - DEBUG: guerilla_utils-1.2.0
2024-07-09 19:24:43.934647076 - DEBUG: networkx-1.11
2024-07-09 19:24:43.934696579 - DEBUG: decorator-4.4.2
2024-07-09 19:24:43.934711919 - DEBUG: decorator-5.1.1
2024-07-09 19:24:43.934725875 - DEBUG: guerilla_utils-1.3.0
2024-07-09 19:24:43.935621527 - DEBUG: guerilla_utils-1.4.0
2024-07-09 19:24:43.936382625 - DEBUG: guerilla_utils-1.5.0
2024-07-09 19:24:43.937144628 - DEBUG: guerilla_utils-1.6.0
2024-07-09 19:24:43.937972578 - DEBUG: guerilla_utils-1.7.0
2024-07-09 19:24:43.938742127 - DEBUG: guerilla_utils-1.8.0
2024-07-09 19:24:43.939681518 - DEBUG: guerilla_utils-1.8.1
2024-07-09 19:24:43.940538023 - DEBUG: guerilla_utils-1.9.0
2024-07-09 19:24:43.941465645 - DEBUG: guerilla_utils-1.9.1
2024-07-09 19:24:43.941536078 - DEBUG: networkx-2.6.3
2024-07-09 19:24:43.941547032 - DEBUG: networkx-2.8.8
2024-07-09 19:24:43.942433001 - DEBUG: guerilla_utils-1.9.2
2024-07-09 19:24:43.943343355 - DEBUG: guerilla_utils-1.9.3
2024-07-09 19:24:43.944342769 - DEBUG: qt_utils-1.0.1
2024-07-09 19:24:43.945507455 - DEBUG: qt_utils-1.0.2
2024-07-09 19:24:43.946444086 - DEBUG: qt_utils-1.0.3
2024-07-09 19:24:43.947366976 - DEBUG: qt_utils-1.0.4
2024-07-09 19:24:43.948223588 - DEBUG: qt_utils-1.1.0
2024-07-09 19:24:43.949184352 - DEBUG: qt_utils-1.1.1
2024-07-09 19:24:43.950152370 - DEBUG: qt_utils-1.1.2
2024-07-09 19:24:43.951073685 - DEBUG: qt_utils-1.2.0
2024-07-09 19:24:43.952102107 - DEBUG: qt_utils-1.2.1
2024-07-09 19:24:43.953203547 - DEBUG: qt_utils-1.3.0
2024-07-09 19:24:43.954611411 - DEBUG: fastoche_guerilla-1.0.0
2024-07-09 19:24:43.954733968 - DEBUG: click-6.7
2024-07-09 19:24:43.954926954 - DEBUG: os_utils-1.0.2
2024-07-09 19:24:43.955150964 - DEBUG: os_utils-1.0.3
2024-07-09 19:24:43.956055204 - DEBUG: psutil-5.4.0
2024-07-09 19:24:43.956148967 - DEBUG: psutil-5.9.4
2024-07-09 19:24:43.956348704 - DEBUG: os_utils-1.0.4
2024-07-09 19:24:43.956570462 - DEBUG: os_utils-1.1.0
2024-07-09 19:24:43.956773929 - DEBUG: os_utils-1.2.0
2024-07-09 19:24:43.956992589 - DEBUG: os_utils-1.3.0
2024-07-09 19:24:43.958103387 - DEBUG: os_utils-1.4.0
2024-07-09 19:24:43.958312422 - DEBUG: os_utils-1.4.1
2024-07-09 19:24:43.959374758 - DEBUG: os_utils-1.5.0
2024-07-09 19:24:43.960397332 - DEBUG: os_utils-1.5.1
2024-07-09 19:24:43.960590497 - DEBUG: os_utils-1.6.0
2024-07-09 19:24:43.960800635 - DEBUG: os_utils-1.6.1
2024-07-09 19:24:43.961013494 - DEBUG: os_utils-1.6.2
2024-07-09 19:24:43.962016855 - DEBUG: os_utils-1.6.3
2024-07-09 19:24:43.962966044 - DEBUG: os_utils-1.7.0
2024-07-09 19:24:43.964089605 - DEBUG: os_utils-1.7.1
2024-07-09 19:24:43.965294019 - DEBUG: os_utils-1.8.0
2024-07-09 19:24:43.966449688 - DEBUG: os_utils-1.9.0
2024-07-09 19:24:43.967667208 - DEBUG: os_utils-1.9.1
2024-07-09 19:24:43.968888877 - DEBUG: os_utils-1.9.2
2024-07-09 19:24:43.970515295 - DEBUG: os_utils-1.9.3
2024-07-09 19:24:43.971815218 - DEBUG: os_utils-1.9.4
2024-07-09 19:24:43.973065435 - DEBUG: fortiche_core-1.0.0
2024-07-09 19:24:43.973664423 - DEBUG: termcolor-1.1.0
2024-07-09 19:24:43.973765802 - DEBUG: sentry_sdk-0.10.2
2024-07-09 19:24:43.973787520 - DEBUG: numpy-1.16.4
2024-07-09 19:24:43.973888997 - DEBUG: python_dependency_scan-1.0.0
2024-07-09 19:24:43.974071679 - DEBUG: importlib_metadata-1.6.0
2024-07-09 19:24:43.974114968 - DEBUG: zipp-1.2.0
2024-07-09 19:24:43.974148357 - DEBUG: zipp-3.15.0
2024-07-09 19:24:43.974164299 - DEBUG: pyyed-1.4.3
2024-07-09 19:24:43.974182160 - DEBUG: pyasn1-0.4.8
2024-07-09 19:24:43.974316256 - DEBUG: more_itertools-4.1.0
2024-07-09 19:24:43.974358870 - DEBUG: python_dependency_scan-1.0.1
2024-07-09 19:24:43.974596694 - DEBUG: python_dependency_scan-1.0.2
2024-07-09 19:24:43.974730616 - DEBUG: python_dependency_scan-1.0.3
2024-07-09 19:24:43.974935951 - DEBUG: pydeps-1.10.12
2024-07-09 19:24:43.974972283 - DEBUG: stdlib_list-0.8.0
2024-07-09 19:24:43.975006127 - DEBUG: python_dependency_scan-1.0.4
2024-07-09 19:24:43.975109019 - DEBUG: importlib_metadata-1.7.0
2024-07-09 19:24:43.975137687 - DEBUG: pyyed-1.5.0
2024-07-09 19:24:43.975166599 - DEBUG: enum34-1.1.10
2024-07-09 19:24:43.975181773 - DEBUG: python_dependency_scan-1.1.0
2024-07-09 19:24:43.975367148 - DEBUG: python_dependency_scan-1.1.1
2024-07-09 19:24:43.975779469 - DEBUG: python_dependency_scan-1.1.2
2024-07-09 19:24:43.976139055 - DEBUG: python_dependency_scan-1.1.3
2024-07-09 19:24:43.976421961 - DEBUG: python_dependency_scan-1.1.4
2024-07-09 19:24:43.976734492 - DEBUG: python_dependency_scan-1.1.5
2024-07-09 19:24:43.977079210 - DEBUG: python_dependency_scan-1.1.6
2024-07-09 19:24:43.977529420 - DEBUG: jsmin-2.2.2
2024-07-09 19:24:43.978530925 - DEBUG: fortiche_core-1.1.0
2024-07-09 19:24:43.980338716 - DEBUG: fortiche_core-1.1.1
2024-07-09 19:24:43.982286713 - DEBUG: fortiche_core-1.2.0
2024-07-09 19:24:43.984130714 - DEBUG: fortiche_core-1.3.0
2024-07-09 19:24:43.985773367 - DEBUG: fortiche_core-1.3.1
2024-07-09 19:24:43.987517143 - DEBUG: fortiche_core-1.3.2
2024-07-09 19:24:43.989219799 - DEBUG: fortiche_core-1.3.3
2024-07-09 19:24:43.991161215 - DEBUG: fortiche_core-1.3.4
2024-07-09 19:24:43.991463602 - DEBUG: numpy-1.16.6
2024-07-09 19:24:43.991512373 - DEBUG: numpy-1.21.6
2024-07-09 19:24:43.992421387 - DEBUG: scandir-1.10.0
2024-07-09 19:24:43.993180205 - DEBUG: fortiche_core-1.3.5
2024-07-09 19:24:43.994930260 - DEBUG: fortiche_core-1.3.6
2024-07-09 19:24:43.996650122 - DEBUG: fortiche_core-1.4.0
2024-07-09 19:24:43.998034148 - DEBUG: click-8.1.3
2024-07-09 19:24:43.998266371 - DEBUG: fortiche_core-1.4.1
2024-07-09 19:24:43.999847824 - DEBUG: fortiche_core-1.5.0
2024-07-09 19:24:44.001527616 - DEBUG: fortiche_core-1.6.0
2024-07-09 19:24:44.003456799 - DEBUG: fortiche_core-1.6.1
2024-07-09 19:24:44.005371062 - DEBUG: fortiche_core-1.7.0
2024-07-09 19:24:44.007740350 - DEBUG: fortiche_core-1.7.1
2024-07-09 19:24:44.009593353 - DEBUG: fortiche_core-1.8.0
2024-07-09 19:24:44.011497950 - DEBUG: fortiche_core-1.8.1
2024-07-09 19:24:44.013151406 - DEBUG: fortiche_core-1.8.2
2024-07-09 19:24:44.014937358 - DEBUG: fortiche_core-1.8.3
2024-07-09 19:24:44.016770719 - DEBUG: fortiche_core-1.9.0
2024-07-09 19:24:44.018449011 - DEBUG: fortiche_core-1.9.1
2024-07-09 19:24:44.020331688 - DEBUG: fortiche_core-1.10.0
2024-07-09 19:24:44.022026692 - DEBUG: fortiche_core-1.10.1
2024-07-09 19:24:44.023693634 - DEBUG: fortiche_core-1.11.0
2024-07-09 19:24:44.025167451 - DEBUG: fortiche_core-1.11.1
2024-07-09 19:24:44.026868635 - DEBUG: fortiche_core-1.11.2
2024-07-09 19:24:44.028668562 - DEBUG: fortiche_core-1.11.3
2024-07-09 19:24:44.030304320 - DEBUG: fortiche_core-1.11.4
2024-07-09 19:24:44.032016919 - DEBUG: fortiche_core-1.12.0
2024-07-09 19:24:44.033738778 - DEBUG: fortiche_core-1.13.0
2024-07-09 19:24:44.035395873 - DEBUG: fortiche_core-1.14.0
2024-07-09 19:24:44.036917937 - DEBUG: fortiche_core-1.14.1
2024-07-09 19:24:44.038591903 - DEBUG: fortiche_core-1.14.2
2024-07-09 19:24:44.040677617 - DEBUG: fortiche_core-1.15.0
2024-07-09 19:24:44.042689473 - DEBUG: fortiche_core-1.16.0
2024-07-09 19:24:44.044515611 - DEBUG: fortiche_core-1.17.0
2024-07-09 19:24:44.046151367 - DEBUG: fortiche_core-1.18.0
2024-07-09 19:24:44.047892555 - DEBUG: fortiche_core-1.19.0
2024-07-09 19:24:44.049684725 - DEBUG: fortiche_core-1.20.0
2024-07-09 19:24:44.051717099 - DEBUG: fortiche_core-1.20.1
2024-07-09 19:24:44.053677647 - DEBUG: fortiche_core-1.20.2
2024-07-09 19:24:44.055673400 - DEBUG: fortiche_core-1.21.0
2024-07-09 19:24:44.057672165 - DEBUG: fortiche_core-1.21.1
2024-07-09 19:24:44.059354517 - DEBUG: fortiche_core-1.22.0
2024-07-09 19:24:44.061282766 - DEBUG: fortiche_core-1.23.0
2024-07-09 19:24:44.063345960 - DEBUG: fastoche_core-1.1.0
2024-07-09 19:24:44.066494200 - DEBUG: horizon-1.0.0
2024-07-09 19:24:44.069003674 - DEBUG: horizon-1.1.0
2024-07-09 19:24:44.071578118 - DEBUG: horizon-1.1.1
2024-07-09 19:24:44.074147276 - DEBUG: horizon-1.2.0
2024-07-09 19:24:44.076849569 - DEBUG: horizon-1.3.0
2024-07-09 19:24:44.077932914 - DEBUG: fortiche_qt-1.0.0
2024-07-09 19:24:44.079365548 - DEBUG: fortiche_qt-1.0.1
2024-07-09 19:24:44.081014402 - DEBUG: fortiche_qt-1.0.2
2024-07-09 19:24:44.084254952 - DEBUG: horizon-1.3.1
2024-07-09 19:24:44.086451140 - DEBUG: horizon-1.3.2
2024-07-09 19:24:44.089050122 - DEBUG: horizon-1.4.0
2024-07-09 19:24:44.091476675 - DEBUG: horizon-1.4.1
2024-07-09 19:24:44.093997110 - DEBUG: horizon-1.5.0
2024-07-09 19:24:44.096239884 - DEBUG: horizon-1.6.0
2024-07-09 19:24:44.098468025 - DEBUG: horizon-1.7.0
2024-07-09 19:24:44.100916996 - DEBUG: horizon-1.7.1
2024-07-09 19:24:44.103391174 - DEBUG: horizon-1.8.0
2024-07-09 19:24:44.106281094 - DEBUG: horizon-1.9.0
2024-07-09 19:24:44.108574374 - DEBUG: horizon-1.10.0
2024-07-09 19:24:44.111112318 - DEBUG: fortiche_shotgun-1.0.0
2024-07-09 19:24:44.112789107 - DEBUG: ffmpeg_utils-1.1.0
2024-07-09 19:24:44.113187948 - DEBUG: ffmpeg_utils-1.2.0
2024-07-09 19:24:44.113648598 - DEBUG: ffmpeg_utils-1.3.0
2024-07-09 19:24:44.114030849 - DEBUG: ffmpeg_utils-1.3.1
2024-07-09 19:24:44.114398842 - DEBUG: ffmpeg_utils-1.3.2
2024-07-09 19:24:44.114745740 - DEBUG: ffmpeg_utils-1.3.3
2024-07-09 19:24:44.115130644 - DEBUG: ffmpeg_utils-1.4.0
2024-07-09 19:24:44.115521859 - DEBUG: ffmpeg_utils-1.4.1
2024-07-09 19:24:44.115903531 - DEBUG: ffmpeg_utils-1.5.0
2024-07-09 19:24:44.116285082 - DEBUG: ffmpeg_utils-1.5.1
2024-07-09 19:24:44.116742887 - DEBUG: ffmpeg_utils-1.6.0
2024-07-09 19:24:44.117353512 - DEBUG: app_launcher-1.3.0
2024-07-09 19:24:44.118699135 - DEBUG: app_launcher-1.4.0
2024-07-09 19:24:44.119909491 - DEBUG: app_launcher-1.4.1
2024-07-09 19:24:44.122569191 - DEBUG: app_launcher-1.5.0
2024-07-09 19:24:44.123935186 - DEBUG: app_launcher-1.6.0
2024-07-09 19:24:44.125190104 - DEBUG: app_launcher-1.6.1
2024-07-09 19:24:44.126478494 - DEBUG: app_launcher-1.7.0
2024-07-09 19:24:44.127824418 - DEBUG: app_launcher-1.8.0
2024-07-09 19:24:44.129011223 - DEBUG: app_launcher-1.9.0
2024-07-09 19:24:44.130247721 - DEBUG: app_launcher-1.9.1
2024-07-09 19:24:44.131505483 - DEBUG: app_launcher-1.9.2
2024-07-09 19:24:44.132716977 - DEBUG: app_launcher-1.10.0
2024-07-09 19:24:44.133939457 - DEBUG: app_launcher-1.11.0
2024-07-09 19:24:44.135182967 - DEBUG: app_launcher-1.12.0
2024-07-09 19:24:44.136541432 - DEBUG: app_launcher-1.13.0
2024-07-09 19:24:44.137755538 - DEBUG: app_launcher-1.14.0
2024-07-09 19:24:44.139033375 - DEBUG: app_launcher-1.15.0
2024-07-09 19:24:44.140432788 - DEBUG: app_launcher-1.16.0
2024-07-09 19:24:44.141660481 - DEBUG: app_launcher-1.17.0
2024-07-09 19:24:44.142950441 - DEBUG: app_launcher-1.18.0
2024-07-09 19:24:44.144146250 - DEBUG: app_launcher-1.19.0
2024-07-09 19:24:44.145246755 - DEBUG: app_launcher-1.20.0
2024-07-09 19:24:44.146343185 - DEBUG: app_launcher-1.21.0
2024-07-09 19:24:44.147503225 - DEBUG: app_launcher-1.22.0
2024-07-09 19:24:44.148818231 - DEBUG: app_launcher-1.23.0
2024-07-09 19:24:44.150451493 - DEBUG: app_launcher-1.24.0
2024-07-09 19:24:44.151828226 - DEBUG: app_launcher-1.25.0
2024-07-09 19:24:44.153377904 - DEBUG: app_launcher-1.26.0
2024-07-09 19:24:44.154752282 - DEBUG: app_launcher-1.26.1
2024-07-09 19:24:44.156224657 - DEBUG: app_launcher-1.27.0
2024-07-09 19:24:44.157627464 - DEBUG: app_launcher-1.28.0
2024-07-09 19:24:44.158820139 - DEBUG: app_launcher-1.28.1
2024-07-09 19:24:44.160130052 - DEBUG: app_launcher-1.28.2
2024-07-09 19:24:44.161475488 - DEBUG: shotgun_sglink_launcher-1.0.0
2024-07-09 19:24:44.163050894 - DEBUG: shotgun_utils-1.0.0
2024-07-09 19:24:44.163085732 - DEBUG: shotgun_utils-1.1.0
2024-07-09 19:24:44.163106402 - DEBUG: shotgun_utils-1.1.1
2024-07-09 19:24:44.163125005 - DEBUG: shotgun_utils-1.2.0
2024-07-09 19:24:44.163159960 - DEBUG: shotgun_utils-1.3.0
2024-07-09 19:24:44.163178741 - DEBUG: shotgun_utils-1.3.1
2024-07-09 19:24:44.163477610 - DEBUG: shotgun_utils-1.3.2
2024-07-09 19:24:44.163796563 - DEBUG: shotgun_utils-1.3.3
2024-07-09 19:24:44.164082873 - DEBUG: shotgun_sglink_launcher-1.1.0
2024-07-09 19:24:44.165878732 - DEBUG: shotgun_sglink_launcher-1.1.1
2024-07-09 19:24:44.167553289 - DEBUG: shotgun_sglink_launcher-1.2.0
2024-07-09 19:24:44.169185881 - DEBUG: shotgun_sglink_launcher-1.2.1
2024-07-09 19:24:44.170652882 - DEBUG: shotgun_sglink_launcher-1.2.2
2024-07-09 19:24:44.172694443 - DEBUG: shotgun_sglink_launcher-1.2.3
2024-07-09 19:24:44.174508477 - DEBUG: shotgun_sglink_launcher-1.3.0
2024-07-09 19:24:44.177233635 - DEBUG: shotgun_sglink_launcher-1.3.1
2024-07-09 19:24:44.180257616 - DEBUG: shotgun_sglink_launcher-1.3.2
2024-07-09 19:24:44.183639200 - DEBUG: shotgun_sglink_launcher-1.3.3
2024-07-09 19:24:44.186617772 - DEBUG: shotgun_sglink_launcher-1.3.4
2024-07-09 19:24:44.190649809 - DEBUG: nested_dict-1.61
2024-07-09 19:24:44.190765079 - DEBUG: cffi-1.15.0
2024-07-09 19:24:44.190811428 - DEBUG: cffi-1.15.1
2024-07-09 19:24:44.190830361 - DEBUG: idna-2.10
2024-07-09 19:24:44.190841930 - DEBUG: idna-3.3
2024-07-09 19:24:44.190851829 - DEBUG: idna-3.4
2024-07-09 19:24:44.190862090 - DEBUG: idna-3.7
2024-07-09 19:24:44.190890318 - DEBUG: asn1crypto-1.5.1
2024-07-09 19:24:44.190972543 - DEBUG: ntplib-0.3.4
2024-07-09 19:24:44.191010309 - DEBUG: boto3-1.17.112
2024-07-09 19:24:44.191127012 - DEBUG: botocore-1.20.112
2024-07-09 19:24:44.191189520 - DEBUG: jmespath-0.10.0
2024-07-09 19:24:44.191262269 - DEBUG: s3transfer-0.4.2
2024-07-09 19:24:44.191370183 - DEBUG: botocore-1.29.130
2024-07-09 19:24:44.191389030 - DEBUG: boto3-1.26.130
2024-07-09 19:24:44.191431298 - DEBUG: fortiche_shotgun-1.1.0
2024-07-09 19:24:44.194519946 - DEBUG: fortiche_shotgun-1.2.0
2024-07-09 19:24:44.198109912 - DEBUG: fortiche_shotgun-1.3.0
2024-07-09 19:24:44.201709098 - DEBUG: fortiche_shotgun-1.3.1
2024-07-09 19:24:44.204978171 - DEBUG: fortiche_shotgun-1.4.0
2024-07-09 19:24:44.208273378 - DEBUG: fortiche_shotgun-1.4.1
2024-07-09 19:24:44.211983687 - DEBUG: fortiche_shotgun-1.4.2
2024-07-09 19:24:44.215707483 - DEBUG: fortiche_shotgun-1.5.0
2024-07-09 19:24:44.219385543 - DEBUG: fortiche_shotgun-1.6.0
2024-07-09 19:24:44.223041809 - DEBUG: fortiche_shotgun-1.7.0
2024-07-09 19:24:44.226971347 - DEBUG: fortiche_shotgun-1.7.1
2024-07-09 19:24:44.227229233 - DEBUG: ntplib-0.4.0
2024-07-09 19:24:44.230829369 - DEBUG: fortiche_shotgun-1.8.0
2024-07-09 19:24:44.234243301 - DEBUG: fortiche_shotgun-1.9.0
2024-07-09 19:24:44.238229955 - DEBUG: fortiche_shotgun-1.9.1
2024-07-09 19:24:44.241991029 - DEBUG: fortiche_shotgun-1.9.2
2024-07-09 19:24:44.245736931 - DEBUG: fortiche_shotgun-1.10.0
2024-07-09 19:24:44.249539026 - DEBUG: fortiche_shotgun-1.11.0
2024-07-09 19:24:44.253468584 - DEBUG: fortiche_shotgun-1.11.1
2024-07-09 19:24:44.257617779 - DEBUG: fortiche_shotgun-1.12.0
2024-07-09 19:24:44.261325596 - DEBUG: fortiche_shotgun-1.12.1
2024-07-09 19:24:44.264862553 - DEBUG: fortiche_shotgun-1.12.2
2024-07-09 19:24:44.268588227 - DEBUG: fortiche_shotgun-1.12.3
2024-07-09 19:24:44.272322234 - DEBUG: fortiche_shotgun-1.12.4
2024-07-09 19:24:44.276026775 - DEBUG: fortiche_shotgun-1.13.0
2024-07-09 19:24:44.279806139 - DEBUG: fortiche_shotgun-1.14.0
2024-07-09 19:24:44.283644318 - DEBUG: fortiche_shotgun-1.15.0
2024-07-09 19:24:44.287106230 - DEBUG: fortiche_shotgun-1.16.0
2024-07-09 19:24:44.290615836 - DEBUG: fortiche_shotgun-1.16.1
2024-07-09 19:24:44.294679240 - DEBUG: fortiche_shotgun-1.17.0
2024-07-09 19:24:44.298563874 - DEBUG: fortiche_shotgun-1.18.0
2024-07-09 19:24:44.302298018 - DEBUG: fortiche_shotgun-1.18.1
2024-07-09 19:24:44.306649686 - DEBUG: fortiche_shotgun-1.19.0
2024-07-09 19:24:44.310878389 - DEBUG: fortiche_shotgun-1.19.1
2024-07-09 19:24:44.315139755 - DEBUG: fortiche_shotgun-1.20.0
2024-07-09 19:24:44.319616718 - DEBUG: fortiche_shotgun-1.21.0
2024-07-09 19:24:44.323861864 - DEBUG: fortiche_shotgun-1.21.1
2024-07-09 19:24:44.327892597 - DEBUG: fortiche_shotgun-1.22.0
2024-07-09 19:24:44.331791250 - DEBUG: fortiche_shotgun-1.23.0
2024-07-09 19:24:44.335742570 - DEBUG: fortiche_shotgun-1.24.0
2024-07-09 19:24:44.339470761 - DEBUG: fortiche_shotgun-1.24.1
2024-07-09 19:24:44.343431365 - DEBUG: fortiche_shotgun-1.24.2
2024-07-09 19:24:44.347390248 - DEBUG: fortiche_shotgun-1.24.3
2024-07-09 19:24:44.351366690 - DEBUG: fortiche_shotgun-1.24.4
2024-07-09 19:24:44.355870181 - DEBUG: fortiche_shotgun-1.24.5
2024-07-09 19:24:44.359861120 - DEBUG: fastoche_core-1.1.1
2024-07-09 19:24:44.364836714 - DEBUG: fastoche_core-1.1.2
2024-07-09 19:24:44.369879429 - DEBUG: fastoche_core-1.1.3
2024-07-09 19:24:44.374875335 - DEBUG: fastoche_core-1.1.4
2024-07-09 19:24:44.379902511 - DEBUG: fastoche_core-1.1.5
2024-07-09 19:24:44.384882259 - DEBUG: fastoche_core-1.2.0
2024-07-09 19:24:44.389869491 - DEBUG: fastoche_core-1.2.1
2024-07-09 19:24:44.394733470 - DEBUG: fastoche_core-1.3.0
2024-07-09 19:24:44.399531119 - DEBUG: fastoche_core-1.3.1
2024-07-09 19:24:44.401337747 - DEBUG: OpenTimelineIO-0.14.0
2024-07-09 19:24:44.401359332 - DEBUG: OpenTimelineIO-0.14.0-inside-nuke-13.2-pkg.0
2024-07-09 19:24:44.401398333 - DEBUG: rez-2.104.7
2024-07-09 19:24:44.401602518 - DEBUG: python-2.7-inside-fbox-pkg.0
2024-07-09 19:24:44.401776091 - DEBUG: PySide2-5.12-inside-mari-5.0-pkg.0
2024-07-09 19:24:44.401832626 - DEBUG: shiboken2-5.12.0
2024-07-09 19:24:44.401954042 - DEBUG: PySide2-5.12.0
2024-07-09 19:24:44.402005443 - DEBUG: PySide2-5.12.6-inside-nuke-13.2-pkg.0
2024-07-09 19:24:44.402087746 - DEBUG: PySide2-5.15-inside-nuke-14.0-pkg.0
2024-07-09 19:24:44.402130775 - DEBUG: PySide2-5.15.2-inside-houdini-19.5-pkg.0
2024-07-09 19:24:44.402171153 - DEBUG: PySide2-5.15.2.1
2024-07-09 19:24:44.402210829 - DEBUG: shiboken2-5.15.2.1
2024-07-09 19:24:44.402323109 - DEBUG: PySide2-5.15.2.1-pkg.1
2024-07-09 19:24:44.402376363 - DEBUG: python-2.7-inside-guerilla-2.3-pkg.0
2024-07-09 19:24:44.402514364 - DEBUG: PySide2-5.15.2-inside-maya-2022-pkg.0
2024-07-09 19:24:44.402608194 - DEBUG: python-2.7-inside-maya-2018-pkg.0
2024-07-09 19:24:44.402737997 - DEBUG: OpenTimelineIO-0.14.1
2024-07-09 19:24:44.402753152 - DEBUG: OpenTimelineIO-0.15-inside-nuke-14.0-pkg.0
2024-07-09 19:24:44.402794294 - DEBUG: OpenTimelineIO-0.15.0
2024-07-09 19:24:44.402946401 - DEBUG: python-2.7-inside-maya-2022-pkg.0
2024-07-09 19:24:44.403208206 - DEBUG: python-2.7-pkg.0
2024-07-09 19:24:44.403423749 - DEBUG: python-2.7-pkg.1
2024-07-09 19:24:44.403590930 - DEBUG: python-3.7-inside-mari-5.0-pkg.0
2024-07-09 19:24:44.403834251 - DEBUG: python-3.7-inside-mari-5.0-pkg.1
2024-07-09 19:24:44.404047080 - DEBUG: python-3.7-inside-mari-5.0-pkg.2
2024-07-09 19:24:44.404220107 - DEBUG: python-3.7-inside-maya-2022-pkg.0
2024-07-09 19:24:44.404521730 - DEBUG: python-3.7-inside-maya-2022-pkg.1
2024-07-09 19:24:44.404693297 - DEBUG: python-3.7-inside-maya-2022-pkg.2
2024-07-09 19:24:44.404904336 - DEBUG: python-3.7-inside-nuke-13.2-pkg.0
2024-07-09 19:24:44.405236784 - DEBUG: python-3.7-inside-nuke-13.2-pkg.1
2024-07-09 19:24:44.405437719 - DEBUG: python-3.7-pkg.0
2024-07-09 19:24:44.405600051 - DEBUG: python-3.7-pkg.1
2024-07-09 19:24:44.405894340 - DEBUG: python-3.9-inside-houdini-19.5-pkg.0
2024-07-09 19:24:44.406118841 - DEBUG: python-3.9-inside-houdini-19.5-pkg.1
2024-07-09 19:24:44.406298681 - DEBUG: python-3.9-inside-nuke-14.0-pkg.0
2024-07-09 19:24:44.406585839 - DEBUG: python-3.9-inside-nuke-14.0-pkg.1
2024-07-09 19:24:44.406815047 - DEBUG: python-3.9-pkg.0
2024-07-09 19:24:44.407062624 - DEBUG: python-3.9-pkg.1
2024-07-09 19:24:44.407260030 - DEBUG: python-3.10-inside-blender-3.6-pkg.0
2024-07-09 19:24:44.410455546 - DEBUG: fastoche_core-1.3.2
2024-07-09 19:24:44.415371140 - DEBUG: fastoche_core-1.4.0
2024-07-09 19:24:44.420150341 - DEBUG: fastoche_core-1.5.0
2024-07-09 19:24:44.424457943 - DEBUG: fastoche_core-1.6.0
2024-07-09 19:24:44.429256045 - DEBUG: fastoche_core-1.6.1
2024-07-09 19:24:44.434194372 - DEBUG: fastoche_core-1.6.2
2024-07-09 19:24:44.439415404 - DEBUG: fastoche_core-1.7.0
2024-07-09 19:24:44.444519835 - DEBUG: fastoche_core-1.7.1
2024-07-09 19:24:44.449609463 - DEBUG: fastoche_core-1.7.2
2024-07-09 19:24:44.454465900 - DEBUG: fastoche_core-1.7.3
2024-07-09 19:24:44.458988035 - DEBUG: fastoche_core-1.7.4
2024-07-09 19:24:44.463941581 - DEBUG: fastoche_core-1.7.5
2024-07-09 19:24:44.468643524 - DEBUG: fastoche_core-1.8.0
2024-07-09 19:24:44.473094307 - DEBUG: fastoche_core-1.9.0
2024-07-09 19:24:44.478536425 - DEBUG: fastoche_core-1.9.1
2024-07-09 19:24:44.482946041 - DEBUG: fastoche_core-1.9.2
2024-07-09 19:24:44.487777240 - DEBUG: fastoche_core-1.9.3
2024-07-09 19:24:44.492030401 - DEBUG: fastoche_core-1.9.4
2024-07-09 19:24:44.496729816 - DEBUG: fastoche_core-1.10.0
2024-07-09 19:24:44.501633734 - DEBUG: fastoche_core-1.10.1
2024-07-09 19:24:44.506040230 - DEBUG: fastoche_core-1.10.2
2024-07-09 19:24:44.511362508 - DEBUG: fastoche_core-1.11.0
2024-07-09 19:24:44.516784721 - DEBUG: fastoche_core-1.12.0
2024-07-09 19:24:44.521290178 - DEBUG: fastoche_core-1.13.0
2024-07-09 19:24:44.526222267 - DEBUG: fastoche_core-1.13.1
2024-07-09 19:24:44.531052588 - DEBUG: fastoche_core-1.14.0
2024-07-09 19:24:44.535669393 - DEBUG: fastoche_core-1.15.0
2024-07-09 19:24:44.540200107 - DEBUG: fastoche_core-1.16.0
2024-07-09 19:24:44.540862588 - DEBUG: MarkupSafe-1.1.1
2024-07-09 19:24:44.540963500 - DEBUG: MarkupSafe-2.0.1
2024-07-09 19:24:44.545401328 - DEBUG: fastoche_core-1.17.0
2024-07-09 19:24:44.549970940 - DEBUG: fastoche_core-1.17.1
2024-07-09 19:24:44.555078430 - DEBUG: fastoche_core-1.17.2
2024-07-09 19:24:44.560028067 - DEBUG: fastoche_core-1.18.0
2024-07-09 19:24:44.564747509 - DEBUG: fastoche_core-1.19.0
2024-07-09 19:24:44.571180221 - DEBUG: fastoche_guerilla-1.1.0
2024-07-09 19:24:44.576546018 - DEBUG: fastoche_guerilla-1.2.0
2024-07-09 19:24:44.582187612 - DEBUG: fastoche_guerilla-1.3.0
2024-07-09 19:24:44.586909683 - DEBUG: fastoche_guerilla-1.3.1
2024-07-09 19:24:44.592237464 - DEBUG: fastoche_guerilla-1.4.0
2024-07-09 19:24:44.597180425 - DEBUG: fastoche_guerilla-1.5.0
2024-07-09 19:24:44.602252189 - DEBUG: fastoche_guerilla-1.5.1
2024-07-09 19:24:44.607481119 - DEBUG: fastoche_guerilla-1.5.2
2024-07-09 19:24:44.612450893 - DEBUG: fastoche_guerilla-1.6.0
2024-07-09 19:24:44.617629365 - DEBUG: fastoche_guerilla-1.7.0
2024-07-09 19:24:44.623110751 - DEBUG: fastoche_guerilla-1.9.1
2024-07-09 19:24:44.628558417 - DEBUG: fastoche_guerilla-1.10.0
2024-07-09 19:24:44.634106056 - DEBUG: fastoche_guerilla-1.11.0
2024-07-09 19:24:44.639825939 - DEBUG: fastoche_guerilla-1.11.1
2024-07-09 19:24:44.645495866 - DEBUG: fastoche_guerilla-1.11.2
2024-07-09 19:24:44.651567387 - DEBUG: fastoche_guerilla-1.12.0
2024-07-09 19:24:44.657235873 - DEBUG: fastoche_guerilla-1.12.1
2024-07-09 19:24:44.662878486 - DEBUG: fastoche_guerilla-1.13.0
2024-07-09 19:24:44.668570394 - DEBUG: fastoche_guerilla-1.13.1
2024-07-09 19:24:44.674260886 - DEBUG: fastoche_guerilla-1.13.2
2024-07-09 19:24:44.680031729 - DEBUG: fastoche_guerilla-1.14.0
2024-07-09 19:24:44.686019082 - DEBUG: fastoche_guerilla-1.15.0
2024-07-09 19:24:44.691661632 - DEBUG: fastoche_guerilla-1.16.0
2024-07-09 19:24:44.697228521 - DEBUG: fastoche_guerilla-1.16.1
2024-07-09 19:24:44.702788518 - DEBUG: fastoche_guerilla-1.17.0
2024-07-09 19:24:44.708559997 - DEBUG: fastoche_guerilla-1.17.1
2024-07-09 19:24:44.714544192 - DEBUG: fastoche_guerilla-1.18.0
2024-07-09 19:24:44.720273738 - DEBUG: fastoche_guerilla-1.18.1
2024-07-09 19:24:44.726072980 - DEBUG: fastoche_guerilla-1.18.2
2024-07-09 19:24:44.731451411 - DEBUG: fastoche_guerilla-1.18.3
2024-07-09 19:24:44.737083711 - DEBUG: fastoche_guerilla-1.18.4
2024-07-09 19:24:44.742628810 - DEBUG: fastoche_guerilla-1.19.0
2024-07-09 19:24:44.748458693 - DEBUG: fastoche_guerilla-1.20.0
2024-07-09 19:24:44.753987436 - DEBUG: fastoche_guerilla-1.21.0
2024-07-09 19:24:44.759850604 - DEBUG: fastoche_guerilla-1.21.1
2024-07-09 19:24:44.767373350 - DEBUG: appy-1.0.0
2024-07-09 19:24:44.767700740 - DEBUG: templaters-1.0.0
2024-07-09 19:24:44.770582434 - DEBUG: templaters-1.1.0
2024-07-09 19:24:44.773493209 - DEBUG: templaters-1.1.1
2024-07-09 19:24:44.776339356 - DEBUG: templaters-1.2.0
2024-07-09 19:24:44.779066736 - DEBUG: templaters-1.2.1
2024-07-09 19:24:44.784531176 - DEBUG: cryptography-2.2.2
2024-07-09 19:24:44.784640651 - DEBUG: cryptography-2.2.2-pkg.0
2024-07-09 19:24:44.784658616 - DEBUG: cryptography-2.2.2-pkg.1
2024-07-09 19:24:44.784680179 - DEBUG: appy-1.0.1
2024-07-09 19:24:44.787606729 - DEBUG: appy-1.0.2
2024-07-09 19:24:44.790903341 - DEBUG: appy-1.0.3
2024-07-09 19:24:44.794057837 - DEBUG: appy-1.0.4
2024-07-09 19:24:44.797083120 - DEBUG: appy-1.1.0
2024-07-09 19:24:44.799868064 - DEBUG: appy-1.2.0
2024-07-09 19:24:44.800812737 - DEBUG: cryptography-2.9.2
2024-07-09 19:24:44.802560258 - DEBUG: appy-1.2.1
2024-07-09 19:24:44.805849599 - DEBUG: appy-1.3.0
2024-07-09 19:24:44.809351146 - DEBUG: appy-1.3.1
2024-07-09 19:24:44.812561040 - DEBUG: appy-1.3.2
2024-07-09 19:24:44.815311542 - DEBUG: appy-1.4.0
2024-07-09 19:24:44.818644594 - DEBUG: appy-1.5.0
2024-07-09 19:24:44.821940224 - DEBUG: appy-1.5.1
2024-07-09 19:24:44.825035618 - DEBUG: appy-1.5.2
2024-07-09 19:24:44.838929198 - DEBUG: OpenEXR-1.3.2
2024-07-09 19:24:44.839006232 - DEBUG: Pillow-5.1.0
2024-07-09 19:24:44.840185955 - DEBUG: fortiche_imaging-1.0.1
2024-07-09 19:24:44.843661651 - DEBUG: fortiche_imaging-1.0.2
2024-07-09 19:24:44.846939071 - DEBUG: fortiche_imaging-1.1.0
2024-07-09 19:24:44.850455890 - DEBUG: fortiche_imaging-1.2.0
2024-07-09 19:24:44.854052000 - DEBUG: fortiche_imaging-1.2.1
2024-07-09 19:24:44.856650667 - DEBUG: Pillow-5.4.1
2024-07-09 19:24:44.856722962 - DEBUG: Pillow-9.5.0
2024-07-09 19:24:44.857644633 - DEBUG: fortiche_imaging-1.3.0
2024-07-09 19:24:44.861043328 - DEBUG: fortiche_imaging-1.3.1
2024-07-09 19:24:44.864477186 - DEBUG: fortiche_imaging-1.4.0
2024-07-09 19:24:44.868008605 - DEBUG: fortiche_imaging-1.4.1
2024-07-09 19:24:44.871392186 - DEBUG: fortiche_imaging-1.5.0
2024-07-09 19:24:44.874630459 - DEBUG: nuke_utils-1.0.0
2024-07-09 19:24:44.875537688 - DEBUG: nuke_utils-1.1.0
2024-07-09 19:24:44.876483340 - DEBUG: nuke_utils-1.2.0
2024-07-09 19:24:44.877370652 - DEBUG: nuke_utils-1.3.0
2024-07-09 19:24:44.878337817 - DEBUG: nuke_utils-1.4.0
2024-07-09 19:24:44.879197149 - DEBUG: nuke_utils-1.5.0
2024-07-09 19:24:44.880103898 - DEBUG: nuke_utils-1.6.0
2024-07-09 19:24:44.881011805 - DEBUG: nuke_utils-1.6.1
2024-07-09 19:24:44.881933542 - DEBUG: nuke_utils-1.6.2
2024-07-09 19:24:44.882831499 - DEBUG: nuke_utils-1.6.3
2024-07-09 19:24:44.883937562 - DEBUG: nuke_utils-1.6.4
2024-07-09 19:24:44.884798220 - DEBUG: nuke_utils-1.6.5
2024-07-09 19:24:44.885741061 - DEBUG: nuke_utils-1.6.6
2024-07-09 19:24:44.886988917 - DEBUG: fortiche_imaging-1.5.1
2024-07-09 19:24:44.890723239 - DEBUG: fortiche_imaging-1.5.2
2024-07-09 19:24:44.894425910 - DEBUG: fortiche_imaging-1.6.0
2024-07-09 19:24:44.897993111 - DEBUG: fortiche_imaging-1.6.1
2024-07-09 19:24:44.901668716 - DEBUG: fortiche_imaging-1.6.2
2024-07-09 19:24:44.905207158 - DEBUG: fortiche_imaging-1.6.3
2024-07-09 19:24:44.908755608 - DEBUG: fastoche_mari-1.0.0
2024-07-09 19:24:44.912330288 - DEBUG: mari_utils-1.0.0
2024-07-09 19:24:44.912556275 - DEBUG: mari_utils-1.0.1
2024-07-09 19:24:44.912797917 - DEBUG: mari_utils-1.1.0
2024-07-09 19:24:44.913026954 - DEBUG: mari_utils-1.2.0
2024-07-09 19:24:44.913265611 - DEBUG: mari_utils-1.2.1
2024-07-09 19:24:44.913490011 - DEBUG: fastoche_mari-1.0.1
2024-07-09 19:24:44.916921510 - DEBUG: fastoche_mari-1.1.0
2024-07-09 19:24:44.919792933 - DEBUG: fastoche_mari-1.1.1
2024-07-09 19:24:44.922951266 - DEBUG: fastoche_mari-1.2.0
2024-07-09 19:24:44.926149427 - DEBUG: fastoche_mari-1.3.0
2024-07-09 19:24:44.929337596 - DEBUG: fastoche_mari-1.3.1
2024-07-09 19:24:44.937465955 - DEBUG: cargo-1.0.0
2024-07-09 19:24:44.940063645 - DEBUG: cargo-1.1.0
2024-07-09 19:24:44.942445169 - DEBUG: cargo-1.1.1
2024-07-09 19:24:44.944993301 - DEBUG: cargo-1.2.0
2024-07-09 19:24:44.947770300 - DEBUG: cargo-1.2.1
2024-07-09 19:24:44.950483990 - DEBUG: cargo-1.2.2
2024-07-09 19:24:44.953203101 - DEBUG: cargo-1.2.3
2024-07-09 19:24:44.956042269 - DEBUG: cargo-1.3.0
2024-07-09 19:24:44.958473928 - DEBUG: cargo-1.3.1
2024-07-09 19:24:44.961441572 - DEBUG: cargo-1.3.2
2024-07-09 19:24:44.964297589 - DEBUG: cargo-1.3.3
2024-07-09 20:50:28.273043736 - INFO: Context name: af1f02ce-da83-4845-bb1b-9ce2975e7869
2024-07-09 20:50:28.279045184 - DEBUG: fastoche_intents_mari-1.2.0
2024-07-09 20:50:28.279450652 - DEBUG: python_patch2run3-1.0.0
2024-07-09 20:50:28.279525763 - DEBUG: future-0.16.0
2024-07-09 20:50:28.279637714 - DEBUG: urllib3-1.26.9
2024-07-09 20:50:28.279675048 - DEBUG: pycparser-2.21
2024-07-09 20:50:28.279697376 - DEBUG: et_xmlfile-1.0.1
2024-07-09 20:50:28.279722041 - DEBUG: smmap2-3.0.1
2024-07-09 20:50:28.279750299 - DEBUG: smmap-3.0.5
2024-07-09 20:50:28.279783494 - DEBUG: six-1.11.0
2024-07-09 20:50:28.279823839 - DEBUG: requests-2.13.0
2024-07-09 20:50:28.279936507 - DEBUG: urllib3-1.26.12
2024-07-09 20:50:28.280014806 - DEBUG: urllib3-1.26.15
2024-07-09 20:50:28.280040435 - DEBUG: certifi-2021.10.8
2024-07-09 20:50:28.280093627 - DEBUG: certifi-2022.5.18.1
2024-07-09 20:50:28.280148170 - DEBUG: certifi-2022.12.7
2024-07-09 20:50:28.280214429 - DEBUG: certifi-2023.5.7
2024-07-09 20:50:28.280265536 - DEBUG: certifi-2024.6.2
2024-07-09 20:50:28.280375419 - DEBUG: requests-2.27.1
2024-07-09 20:50:28.280534734 - DEBUG: requests-2.28.2
2024-07-09 20:50:28.280555316 - DEBUG: requests-2.30.0
2024-07-09 20:50:28.280568700 - DEBUG: requests-2.31.0
2024-07-09 20:50:28.280582449 - DEBUG: requests-2.32.3
2024-07-09 20:50:28.280596035 - DEBUG: six-1.16.0
2024-07-09 20:50:28.280705422 - DEBUG: et_xmlfile-1.1.0
2024-07-09 20:50:28.280758221 - DEBUG: jdcal-1.4.1
2024-07-09 20:50:28.280782241 - DEBUG: timecode-1.3.1
2024-07-09 20:50:28.281021939 - DEBUG: future-0.18.2
2024-07-09 20:50:28.281109863 - DEBUG: future-0.18.3
2024-07-09 20:50:28.281189022 - DEBUG: python_patch2run3-1.1.0
2024-07-09 20:50:28.281213466 - DEBUG: python_patch2run3-1.2.0
2024-07-09 20:50:28.281247854 - DEBUG: python_patch2run3-1.2.1
2024-07-09 20:50:28.281270244 - DEBUG: python_patch2run3-1.2.2
2024-07-09 20:50:28.281289078 - DEBUG: python_patch2run3-1.3.0
2024-07-09 20:50:28.281307655 - DEBUG: python_patch2run3-1.3.1
2024-07-09 20:50:28.281326158 - DEBUG: python_patch2run3-1.3.2
2024-07-09 20:50:28.281348655 - DEBUG: python_patch2run3-1.4.0
2024-07-09 20:50:28.281369890 - DEBUG: python_patch2run3-1.4.1
2024-07-09 20:50:28.281390050 - DEBUG: python_patch2run3-1.5.0
2024-07-09 20:50:28.281410526 - DEBUG: python_patch2run3-1.6.0
2024-07-09 20:50:28.281435347 - DEBUG: python_patch2run3-1.6.1
2024-07-09 20:50:28.281460882 - DEBUG: python_patch2run3-1.6.2
2024-07-09 20:50:28.281483169 - DEBUG: python_patch2run3-1.7.0
2024-07-09 20:50:28.281505466 - DEBUG: python_patch2run3-1.7.1
2024-07-09 20:50:28.281544551 - DEBUG: python_patch2run3-1.7.2
2024-07-09 20:50:28.281572399 - DEBUG: python_patch2run3-1.7.3
2024-07-09 20:50:28.281658801 - DEBUG: fortiche_imaging-1.0.0
2024-07-09 20:50:28.281944998 - DEBUG: app_launcher-1.1.0
2024-07-09 20:50:28.282072405 - DEBUG: templating_utils-1.0.0
2024-07-09 20:50:28.282115608 - DEBUG: Jinja2-2.10
2024-07-09 20:50:28.282128507 - DEBUG: templating_utils-1.0.1
2024-07-09 20:50:28.282161838 - DEBUG: templating_utils-1.0.2
2024-07-09 20:50:28.282192984 - DEBUG: Jinja2-2.11.3
2024-07-09 20:50:28.282203414 - DEBUG: templating_utils-1.0.3
2024-07-09 20:50:28.282331825 - DEBUG: os_utils-1.0.1
2024-07-09 20:50:28.282554204 - DEBUG: fastoche_core-1.0.0
2024-07-09 20:50:28.282754853 - DEBUG: shotgun_api3-3.0.41
2024-07-09 20:50:28.282799626 - DEBUG: httplib2-0.20.4
2024-07-09 20:50:28.282850088 - DEBUG: text_unidecode-1.2
2024-07-09 20:50:28.283085270 - DEBUG: uritemplate-3.0.1
2024-07-09 20:50:28.283139308 - DEBUG: google_auth_httplib2-0.1.0
2024-07-09 20:50:28.283184099 - DEBUG: google_auth-2.6.2
2024-07-09 20:50:28.283222982 - DEBUG: httplib2-0.11.3
2024-07-09 20:50:28.283308852 - DEBUG: python_dateutil-2.8.2
2024-07-09 20:50:28.283357795 - DEBUG: shotgun_api3-3.3.4
2024-07-09 20:50:28.283446138 - DEBUG: shotgun_api3-3.3.5
2024-07-09 20:50:28.283494610 - DEBUG: scandir-1.7
2024-07-09 20:50:28.283552914 - DEBUG: enum34-1.1.6
2024-07-09 20:50:28.283648027 - DEBUG: fishbowl-1.0.0
2024-07-09 20:50:28.283703451 - DEBUG: fishbowl-1.0.1
2024-07-09 20:50:28.283750905 - DEBUG: fishbowl-1.0.2
2024-07-09 20:50:28.283810491 - DEBUG: fishbowl-1.1.0
2024-07-09 20:50:28.283866877 - DEBUG: fishbowl-1.1.2
2024-07-09 20:50:28.283962501 - DEBUG: configparser-3.5.0
2024-07-09 20:50:28.284066325 - DEBUG: configparser-3.8.1
2024-07-09 20:50:28.284079528 - DEBUG: configparser-4.0.2
2024-07-09 20:50:28.284256318 - DEBUG: fishbowl-1.1.3
2024-07-09 20:50:28.284442638 - DEBUG: fishbowl-1.2.0
2024-07-09 20:50:28.284640682 - DEBUG: fishbowl-1.3.0
2024-07-09 20:50:28.284881168 - DEBUG: python_utils-1.0.0
2024-07-09 20:50:28.284987884 - DEBUG: carbon-1.0.0
2024-07-09 20:50:28.285283075 - DEBUG: python_utils-1.0.1
2024-07-09 20:50:28.285325819 - DEBUG: python_utils-1.0.2
2024-07-09 20:50:28.285362372 - DEBUG: python_utils-1.1.0
2024-07-09 20:50:28.285432771 - DEBUG: python_utils-1.2.1
2024-07-09 20:50:28.285472162 - DEBUG: python_utils-1.3.0
2024-07-09 20:50:28.285507832 - DEBUG: python_utils-1.4.0
2024-07-09 20:50:28.285556885 - DEBUG: python_utils-1.4.1
2024-07-09 20:50:28.285616725 - DEBUG: python_utils-1.4.2
2024-07-09 20:50:28.285663372 - DEBUG: python_utils-1.4.3
2024-07-09 20:50:28.285690536 - DEBUG: python_utils-1.5.0
2024-07-09 20:50:28.285722682 - DEBUG: python_utils-1.6.0
2024-07-09 20:50:28.285778393 - DEBUG: python_utils-1.6.1
2024-07-09 20:50:28.285818636 - DEBUG: python_utils-1.7.0
2024-07-09 20:50:28.285856117 - DEBUG: python_utils-1.7.1
2024-07-09 20:50:28.285905652 - DEBUG: python_utils-1.7.2
2024-07-09 20:50:28.285970107 - DEBUG: python_utils-1.8.0
2024-07-09 20:50:28.286014731 - DEBUG: python_utils-1.8.1
2024-07-09 20:50:28.286055412 - DEBUG: python_utils-1.8.2
2024-07-09 20:50:28.286099640 - DEBUG: python_utils-1.8.3
2024-07-09 20:50:28.286144168 - DEBUG: python_utils-1.8.4
2024-07-09 20:50:28.286184309 - DEBUG: python_utils-1.9.0
2024-07-09 20:50:28.286231057 - DEBUG: python_utils-1.10.0
2024-07-09 20:50:28.286292849 - DEBUG: python_utils-1.10.1
2024-07-09 20:50:28.286337396 - DEBUG: python_utils-1.10.2
2024-07-09 20:50:28.286383506 - DEBUG: python_utils-1.10.3
2024-07-09 20:50:28.286428279 - DEBUG: python_utils-1.10.4
2024-07-09 20:50:28.286474872 - DEBUG: python_utils-1.10.5
2024-07-09 20:50:28.286521023 - DEBUG: python_utils-1.10.6
2024-07-09 20:50:28.286619205 - DEBUG: python_utils-1.10.7
2024-07-09 20:50:28.286672039 - DEBUG: python_utils-1.10.8
2024-07-09 20:50:28.286726900 - DEBUG: python_utils-1.11.0
2024-07-09 20:50:28.286779812 - DEBUG: python_utils-1.11.1
2024-07-09 20:50:28.286851034 - DEBUG: python_utils-1.12.0
2024-07-09 20:50:28.286961029 - DEBUG: python_utils-1.12.1
2024-07-09 20:50:28.287024577 - DEBUG: python_utils-1.13.0
2024-07-09 20:50:28.287105148 - DEBUG: carbon-1.0.1
2024-07-09 20:50:28.288058507 - DEBUG: carbon-1.1.0
2024-07-09 20:50:28.288972014 - DEBUG: carbon-1.1.1
2024-07-09 20:50:28.290084593 - DEBUG: carbon-1.1.3
2024-07-09 20:50:28.291114065 - DEBUG: carbon-1.1.4
2024-07-09 20:50:28.292016914 - DEBUG: carbon-1.1.5
2024-07-09 20:50:28.292891339 - DEBUG: carbon-1.1.6
2024-07-09 20:50:28.293803915 - DEBUG: carbon-1.1.7
2024-07-09 20:50:28.294906847 - DEBUG: guerilla_utils-1.0.0
2024-07-09 20:50:28.294996125 - DEBUG: networkx-2.2
2024-07-09 20:50:28.295757182 - DEBUG: guerilla_utils-1.0.1
2024-07-09 20:50:28.296534931 - DEBUG: guerilla_utils-1.1.0
2024-07-09 20:50:28.297317146 - DEBUG: guerilla_utils-1.2.0
2024-07-09 20:50:28.298123871 - DEBUG: networkx-1.11
2024-07-09 20:50:28.298179054 - DEBUG: decorator-4.4.2
2024-07-09 20:50:28.298192174 - DEBUG: decorator-5.1.1
2024-07-09 20:50:28.298205392 - DEBUG: guerilla_utils-1.3.0
2024-07-09 20:50:28.299097824 - DEBUG: guerilla_utils-1.4.0
2024-07-09 20:50:28.299961166 - DEBUG: guerilla_utils-1.5.0
2024-07-09 20:50:28.300753062 - DEBUG: guerilla_utils-1.6.0
2024-07-09 20:50:28.301589153 - DEBUG: guerilla_utils-1.7.0
2024-07-09 20:50:28.302507813 - DEBUG: guerilla_utils-1.8.0
2024-07-09 20:50:28.303401591 - DEBUG: guerilla_utils-1.8.1
2024-07-09 20:50:28.304201623 - DEBUG: guerilla_utils-1.9.0
2024-07-09 20:50:28.305043811 - DEBUG: guerilla_utils-1.9.1
2024-07-09 20:50:28.305090802 - DEBUG: networkx-2.6.3
2024-07-09 20:50:28.305099418 - DEBUG: networkx-2.8.8
2024-07-09 20:50:28.306012021 - DEBUG: guerilla_utils-1.9.2
2024-07-09 20:50:28.306936165 - DEBUG: guerilla_utils-1.9.3
2024-07-09 20:50:28.307819320 - DEBUG: qt_utils-1.0.1
2024-07-09 20:50:28.308856713 - DEBUG: qt_utils-1.0.2
2024-07-09 20:50:28.310164158 - DEBUG: qt_utils-1.0.3
2024-07-09 20:50:28.311017422 - DEBUG: qt_utils-1.0.4
2024-07-09 20:50:28.311837252 - DEBUG: qt_utils-1.1.0
2024-07-09 20:50:28.312865737 - DEBUG: qt_utils-1.1.1
2024-07-09 20:50:28.313979032 - DEBUG: qt_utils-1.1.2
2024-07-09 20:50:28.315131626 - DEBUG: qt_utils-1.2.0
2024-07-09 20:50:28.316093266 - DEBUG: qt_utils-1.2.1
2024-07-09 20:50:28.317199947 - DEBUG: qt_utils-1.3.0
2024-07-09 20:50:28.318463149 - DEBUG: fastoche_guerilla-1.0.0
2024-07-09 20:50:28.318606742 - DEBUG: click-6.7
2024-07-09 20:50:28.318789776 - DEBUG: os_utils-1.0.2
2024-07-09 20:50:28.319060395 - DEBUG: os_utils-1.0.3
2024-07-09 20:50:28.319885410 - DEBUG: psutil-5.4.0
2024-07-09 20:50:28.319971442 - DEBUG: psutil-5.9.4
2024-07-09 20:50:28.320173584 - DEBUG: os_utils-1.0.4
2024-07-09 20:50:28.320388807 - DEBUG: os_utils-1.1.0
2024-07-09 20:50:28.320667690 - DEBUG: os_utils-1.2.0
2024-07-09 20:50:28.320987534 - DEBUG: os_utils-1.3.0
2024-07-09 20:50:28.322062630 - DEBUG: os_utils-1.4.0
2024-07-09 20:50:28.322280371 - DEBUG: os_utils-1.4.1
2024-07-09 20:50:28.323316536 - DEBUG: os_utils-1.5.0
2024-07-09 20:50:28.324475431 - DEBUG: os_utils-1.5.1
2024-07-09 20:50:28.324759210 - DEBUG: os_utils-1.6.0
2024-07-09 20:50:28.325055759 - DEBUG: os_utils-1.6.1
2024-07-09 20:50:28.325340309 - DEBUG: os_utils-1.6.2
2024-07-09 20:50:28.326404882 - DEBUG: os_utils-1.6.3
2024-07-09 20:50:28.327453317 - DEBUG: os_utils-1.7.0
2024-07-09 20:50:28.328574679 - DEBUG: os_utils-1.7.1
2024-07-09 20:50:28.329628927 - DEBUG: os_utils-1.8.0
2024-07-09 20:50:28.330654014 - DEBUG: os_utils-1.9.0
2024-07-09 20:50:28.331726578 - DEBUG: os_utils-1.9.1
2024-07-09 20:50:28.332834793 - DEBUG: os_utils-1.9.2
2024-07-09 20:50:28.333978983 - DEBUG: os_utils-1.9.3
2024-07-09 20:50:28.335118910 - DEBUG: os_utils-1.9.4
2024-07-09 20:50:28.336520319 - DEBUG: fortiche_core-1.0.0
2024-07-09 20:50:28.337217745 - DEBUG: termcolor-1.1.0
2024-07-09 20:50:28.337319478 - DEBUG: sentry_sdk-0.10.2
2024-07-09 20:50:28.337357764 - DEBUG: numpy-1.16.4
2024-07-09 20:50:28.337469702 - DEBUG: python_dependency_scan-1.0.0
2024-07-09 20:50:28.337595803 - DEBUG: importlib_metadata-1.6.0
2024-07-09 20:50:28.337621700 - DEBUG: zipp-1.2.0
2024-07-09 20:50:28.337635700 - DEBUG: zipp-3.15.0
2024-07-09 20:50:28.337653147 - DEBUG: pyyed-1.4.3
2024-07-09 20:50:28.337670772 - DEBUG: pyasn1-0.4.8
2024-07-09 20:50:28.337756267 - DEBUG: more_itertools-4.1.0
2024-07-09 20:50:28.337798706 - DEBUG: python_dependency_scan-1.0.1
2024-07-09 20:50:28.337946776 - DEBUG: python_dependency_scan-1.0.2
2024-07-09 20:50:28.338081062 - DEBUG: python_dependency_scan-1.0.3
2024-07-09 20:50:28.338209084 - DEBUG: pydeps-1.10.12
2024-07-09 20:50:28.338229666 - DEBUG: stdlib_list-0.8.0
2024-07-09 20:50:28.338264166 - DEBUG: python_dependency_scan-1.0.4
2024-07-09 20:50:28.338363162 - DEBUG: importlib_metadata-1.7.0
2024-07-09 20:50:28.338396766 - DEBUG: pyyed-1.5.0
2024-07-09 20:50:28.338428373 - DEBUG: enum34-1.1.10
2024-07-09 20:50:28.338447082 - DEBUG: python_dependency_scan-1.1.0
2024-07-09 20:50:28.338612196 - DEBUG: python_dependency_scan-1.1.1
2024-07-09 20:50:28.338984108 - DEBUG: python_dependency_scan-1.1.2
2024-07-09 20:50:28.339340710 - DEBUG: python_dependency_scan-1.1.3
2024-07-09 20:50:28.339730996 - DEBUG: python_dependency_scan-1.1.4
2024-07-09 20:50:28.340126060 - DEBUG: python_dependency_scan-1.1.5
2024-07-09 20:50:28.340523806 - DEBUG: python_dependency_scan-1.1.6
2024-07-09 20:50:28.340869158 - DEBUG: jsmin-2.2.2
2024-07-09 20:50:28.341705458 - DEBUG: fortiche_core-1.1.0
2024-07-09 20:50:28.343350875 - DEBUG: fortiche_core-1.1.1
2024-07-09 20:50:28.344878471 - DEBUG: fortiche_core-1.2.0
2024-07-09 20:50:28.346455703 - DEBUG: fortiche_core-1.3.0
2024-07-09 20:50:28.348098701 - DEBUG: fortiche_core-1.3.1
2024-07-09 20:50:28.349666800 - DEBUG: fortiche_core-1.3.2
2024-07-09 20:50:28.351585447 - DEBUG: fortiche_core-1.3.3
2024-07-09 20:50:28.353466625 - DEBUG: fortiche_core-1.3.4
2024-07-09 20:50:28.353814129 - DEBUG: numpy-1.16.6
2024-07-09 20:50:28.353858537 - DEBUG: numpy-1.21.6
2024-07-09 20:50:28.354707842 - DEBUG: scandir-1.10.0
2024-07-09 20:50:28.355347376 - DEBUG: fortiche_core-1.3.5
2024-07-09 20:50:28.357250732 - DEBUG: fortiche_core-1.3.6
2024-07-09 20:50:28.358917877 - DEBUG: fortiche_core-1.4.0
2024-07-09 20:50:28.360288101 - DEBUG: click-8.1.3
2024-07-09 20:50:28.360646736 - DEBUG: fortiche_core-1.4.1
2024-07-09 20:50:28.362186781 - DEBUG: fortiche_core-1.5.0
2024-07-09 20:50:28.363969425 - DEBUG: fortiche_core-1.6.0
2024-07-09 20:50:28.365704546 - DEBUG: fortiche_core-1.6.1
2024-07-09 20:50:28.367228811 - DEBUG: fortiche_core-1.7.0
2024-07-09 20:50:28.368987087 - DEBUG: fortiche_core-1.7.1
2024-07-09 20:50:28.370556152 - DEBUG: fortiche_core-1.8.0
2024-07-09 20:50:28.372180761 - DEBUG: fortiche_core-1.8.1
2024-07-09 20:50:28.373692627 - DEBUG: fortiche_core-1.8.2
2024-07-09 20:50:28.375342656 - DEBUG: fortiche_core-1.8.3
2024-07-09 20:50:28.377091096 - DEBUG: fortiche_core-1.9.0
2024-07-09 20:50:28.378765012 - DEBUG: fortiche_core-1.9.1
2024-07-09 20:50:28.380537319 - DEBUG: fortiche_core-1.10.0
2024-07-09 20:50:28.382195997 - DEBUG: fortiche_core-1.10.1
2024-07-09 20:50:28.384049226 - DEBUG: fortiche_core-1.11.0
2024-07-09 20:50:28.385542814 - DEBUG: fortiche_core-1.11.1
2024-07-09 20:50:28.387175545 - DEBUG: fortiche_core-1.11.2
2024-07-09 20:50:28.388671446 - DEBUG: fortiche_core-1.11.3
2024-07-09 20:50:28.390237438 - DEBUG: fortiche_core-1.11.4
2024-07-09 20:50:28.391813933 - DEBUG: fortiche_core-1.12.0
2024-07-09 20:50:28.393567120 - DEBUG: fortiche_core-1.13.0
2024-07-09 20:50:28.395196045 - DEBUG: fortiche_core-1.14.0
2024-07-09 20:50:28.397166437 - DEBUG: fortiche_core-1.14.1
2024-07-09 20:50:28.398918577 - DEBUG: fortiche_core-1.14.2
2024-07-09 20:50:28.400678689 - DEBUG: fortiche_core-1.15.0
2024-07-09 20:50:28.402272714 - DEBUG: fortiche_core-1.16.0
2024-07-09 20:50:28.403858886 - DEBUG: fortiche_core-1.17.0
2024-07-09 20:50:28.405613958 - DEBUG: fortiche_core-1.18.0
2024-07-09 20:50:28.407266836 - DEBUG: fortiche_core-1.19.0
2024-07-09 20:50:28.408811024 - DEBUG: fortiche_core-1.20.0
2024-07-09 20:50:28.410495884 - DEBUG: fortiche_core-1.20.1
2024-07-09 20:50:28.412131792 - DEBUG: fortiche_core-1.20.2
2024-07-09 20:50:28.413632293 - DEBUG: fortiche_core-1.21.0
2024-07-09 20:50:28.415426456 - DEBUG: fortiche_core-1.21.1
2024-07-09 20:50:28.416983328 - DEBUG: fortiche_core-1.22.0
2024-07-09 20:50:28.418714179 - DEBUG: fortiche_core-1.23.0
2024-07-09 20:50:28.420507258 - DEBUG: fastoche_core-1.1.0
2024-07-09 20:50:28.423249732 - DEBUG: horizon-1.0.0
2024-07-09 20:50:28.425399034 - DEBUG: horizon-1.1.0
2024-07-09 20:50:28.427597704 - DEBUG: horizon-1.1.1
2024-07-09 20:50:28.429753335 - DEBUG: horizon-1.2.0
2024-07-09 20:50:28.431980888 - DEBUG: horizon-1.3.0
2024-07-09 20:50:28.432949982 - DEBUG: fortiche_qt-1.0.0
2024-07-09 20:50:28.434319637 - DEBUG: fortiche_qt-1.0.1
2024-07-09 20:50:28.435706483 - DEBUG: fortiche_qt-1.0.2
2024-07-09 20:50:28.438391241 - DEBUG: horizon-1.3.1
2024-07-09 20:50:28.440722366 - DEBUG: horizon-1.3.2
2024-07-09 20:50:28.442900710 - DEBUG: horizon-1.4.0
2024-07-09 20:50:28.445148777 - DEBUG: horizon-1.4.1
2024-07-09 20:50:28.447645824 - DEBUG: horizon-1.5.0
2024-07-09 20:50:28.449865947 - DEBUG: horizon-1.6.0
2024-07-09 20:50:28.452107346 - DEBUG: horizon-1.7.0
2024-07-09 20:50:28.454380115 - DEBUG: horizon-1.7.1
2024-07-09 20:50:28.456698350 - DEBUG: horizon-1.8.0
2024-07-09 20:50:28.458997321 - DEBUG: horizon-1.9.0
2024-07-09 20:50:28.461275200 - DEBUG: horizon-1.10.0
2024-07-09 20:50:28.463874976 - DEBUG: fortiche_shotgun-1.0.0
2024-07-09 20:50:28.465270918 - DEBUG: ffmpeg_utils-1.1.0
2024-07-09 20:50:28.465642592 - DEBUG: ffmpeg_utils-1.2.0
2024-07-09 20:50:28.466062127 - DEBUG: ffmpeg_utils-1.3.0
2024-07-09 20:50:28.466495329 - DEBUG: ffmpeg_utils-1.3.1
2024-07-09 20:50:28.466990418 - DEBUG: ffmpeg_utils-1.3.2
2024-07-09 20:50:28.467354994 - DEBUG: ffmpeg_utils-1.3.3
2024-07-09 20:50:28.467793557 - DEBUG: ffmpeg_utils-1.4.0
2024-07-09 20:50:28.468160207 - DEBUG: ffmpeg_utils-1.4.1
2024-07-09 20:50:28.468543862 - DEBUG: ffmpeg_utils-1.5.0
2024-07-09 20:50:28.469027066 - DEBUG: ffmpeg_utils-1.5.1
2024-07-09 20:50:28.469441440 - DEBUG: ffmpeg_utils-1.6.0
2024-07-09 20:50:28.470032878 - DEBUG: app_launcher-1.3.0
2024-07-09 20:50:28.471300157 - DEBUG: app_launcher-1.4.0
2024-07-09 20:50:28.472433117 - DEBUG: app_launcher-1.4.1
2024-07-09 20:50:28.473605666 - DEBUG: app_launcher-1.5.0
2024-07-09 20:50:28.474977331 - DEBUG: app_launcher-1.6.0
2024-07-09 20:50:28.476122121 - DEBUG: app_launcher-1.6.1
2024-07-09 20:50:28.477453486 - DEBUG: app_launcher-1.7.0
2024-07-09 20:50:28.478703497 - DEBUG: app_launcher-1.8.0
2024-07-09 20:50:28.479917317 - DEBUG: app_launcher-1.9.0
2024-07-09 20:50:28.481082164 - DEBUG: app_launcher-1.9.1
2024-07-09 20:50:28.482291446 - DEBUG: app_launcher-1.9.2
2024-07-09 20:50:28.483482259 - DEBUG: app_launcher-1.10.0
2024-07-09 20:50:28.484699644 - DEBUG: app_launcher-1.11.0
2024-07-09 20:50:28.485902963 - DEBUG: app_launcher-1.12.0
2024-07-09 20:50:28.487116044 - DEBUG: app_launcher-1.13.0
2024-07-09 20:50:28.488262210 - DEBUG: app_launcher-1.14.0
2024-07-09 20:50:28.489482951 - DEBUG: app_launcher-1.15.0
2024-07-09 20:50:28.490760972 - DEBUG: app_launcher-1.16.0
2024-07-09 20:50:28.492064028 - DEBUG: app_launcher-1.17.0
2024-07-09 20:50:28.493355359 - DEBUG: app_launcher-1.18.0
2024-07-09 20:50:28.494499027 - DEBUG: app_launcher-1.19.0
2024-07-09 20:50:28.495737202 - DEBUG: app_launcher-1.20.0
2024-07-09 20:50:28.497063360 - DEBUG: app_launcher-1.21.0
2024-07-09 20:50:28.498282744 - DEBUG: app_launcher-1.22.0
2024-07-09 20:50:28.499578560 - DEBUG: app_launcher-1.23.0
2024-07-09 20:50:28.500826759 - DEBUG: app_launcher-1.24.0
2024-07-09 20:50:28.501996900 - DEBUG: app_launcher-1.25.0
2024-07-09 20:50:28.503236130 - DEBUG: app_launcher-1.26.0
2024-07-09 20:50:28.504493852 - DEBUG: app_launcher-1.26.1
2024-07-09 20:50:28.505669146 - DEBUG: app_launcher-1.27.0
2024-07-09 20:50:28.507020981 - DEBUG: app_launcher-1.28.0
2024-07-09 20:50:28.508354274 - DEBUG: app_launcher-1.28.1
2024-07-09 20:50:28.509606037 - DEBUG: app_launcher-1.28.2
2024-07-09 20:50:28.510884919 - DEBUG: shotgun_sglink_launcher-1.0.0
2024-07-09 20:50:28.512248910 - DEBUG: shotgun_utils-1.0.0
2024-07-09 20:50:28.512281065 - DEBUG: shotgun_utils-1.1.0
2024-07-09 20:50:28.512299756 - DEBUG: shotgun_utils-1.1.1
2024-07-09 20:50:28.512321612 - DEBUG: shotgun_utils-1.2.0
2024-07-09 20:50:28.512339127 - DEBUG: shotgun_utils-1.3.0
2024-07-09 20:50:28.512355694 - DEBUG: shotgun_utils-1.3.1
2024-07-09 20:50:28.512577443 - DEBUG: shotgun_utils-1.3.2
2024-07-09 20:50:28.512782719 - DEBUG: shotgun_utils-1.3.3
2024-07-09 20:50:28.513013717 - DEBUG: shotgun_sglink_launcher-1.1.0
2024-07-09 20:50:28.514352534 - DEBUG: shotgun_sglink_launcher-1.1.1
2024-07-09 20:50:28.515870014 - DEBUG: shotgun_sglink_launcher-1.2.0
2024-07-09 20:50:28.517154158 - DEBUG: shotgun_sglink_launcher-1.2.1
2024-07-09 20:50:28.518695484 - DEBUG: shotgun_sglink_launcher-1.2.2
2024-07-09 20:50:28.520197148 - DEBUG: shotgun_sglink_launcher-1.2.3
2024-07-09 20:50:28.521700507 - DEBUG: shotgun_sglink_launcher-1.3.0
2024-07-09 20:50:28.524045676 - DEBUG: shotgun_sglink_launcher-1.3.1
2024-07-09 20:50:28.526784583 - DEBUG: shotgun_sglink_launcher-1.3.2
2024-07-09 20:50:28.529690592 - DEBUG: shotgun_sglink_launcher-1.3.3
2024-07-09 20:50:28.532336700 - DEBUG: shotgun_sglink_launcher-1.3.4
2024-07-09 20:50:28.536034120 - DEBUG: nested_dict-1.61
2024-07-09 20:50:28.536122458 - DEBUG: cffi-1.15.0
2024-07-09 20:50:28.536136425 - DEBUG: cffi-1.15.1
2024-07-09 20:50:28.536152677 - DEBUG: idna-2.10
2024-07-09 20:50:28.536162493 - DEBUG: idna-3.3
2024-07-09 20:50:28.536171281 - DEBUG: idna-3.4
2024-07-09 20:50:28.536195789 - DEBUG: idna-3.7
2024-07-09 20:50:28.536206033 - DEBUG: asn1crypto-1.5.1
2024-07-09 20:50:28.536287900 - DEBUG: ntplib-0.3.4
2024-07-09 20:50:28.536305816 - DEBUG: boto3-1.17.112
2024-07-09 20:50:28.536369974 - DEBUG: botocore-1.20.112
2024-07-09 20:50:28.536429374 - DEBUG: jmespath-0.10.0
2024-07-09 20:50:28.536495802 - DEBUG: s3transfer-0.4.2
2024-07-09 20:50:28.536531471 - DEBUG: botocore-1.29.130
2024-07-09 20:50:28.536551839 - DEBUG: boto3-1.26.130
2024-07-09 20:50:28.536592910 - DEBUG: fortiche_shotgun-1.1.0
2024-07-09 20:50:28.540056812 - DEBUG: fortiche_shotgun-1.2.0
2024-07-09 20:50:28.543251979 - DEBUG: fortiche_shotgun-1.3.0
2024-07-09 20:50:28.546385005 - DEBUG: fortiche_shotgun-1.3.1
2024-07-09 20:50:28.549497654 - DEBUG: fortiche_shotgun-1.4.0
2024-07-09 20:50:28.552641062 - DEBUG: fortiche_shotgun-1.4.1
2024-07-09 20:50:28.555957534 - DEBUG: fortiche_shotgun-1.4.2
2024-07-09 20:50:28.559228009 - DEBUG: fortiche_shotgun-1.5.0
2024-07-09 20:50:28.562410500 - DEBUG: fortiche_shotgun-1.6.0
2024-07-09 20:50:28.565756643 - DEBUG: fortiche_shotgun-1.7.0
2024-07-09 20:50:28.569073284 - DEBUG: fortiche_shotgun-1.7.1
2024-07-09 20:50:28.569319745 - DEBUG: ntplib-0.4.0
2024-07-09 20:50:28.572366608 - DEBUG: fortiche_shotgun-1.8.0
2024-07-09 20:50:28.575599141 - DEBUG: fortiche_shotgun-1.9.0
2024-07-09 20:50:28.579218974 - DEBUG: fortiche_shotgun-1.9.1
2024-07-09 20:50:28.582609567 - DEBUG: fortiche_shotgun-1.9.2
2024-07-09 20:50:28.586169656 - DEBUG: fortiche_shotgun-1.10.0
2024-07-09 20:50:28.589638828 - DEBUG: fortiche_shotgun-1.11.0
2024-07-09 20:50:28.592967633 - DEBUG: fortiche_shotgun-1.11.1
2024-07-09 20:50:28.596279009 - DEBUG: fortiche_shotgun-1.12.0
2024-07-09 20:50:28.599566281 - DEBUG: fortiche_shotgun-1.12.1
2024-07-09 20:50:28.603008009 - DEBUG: fortiche_shotgun-1.12.2
2024-07-09 20:50:28.606238379 - DEBUG: fortiche_shotgun-1.12.3
2024-07-09 20:50:28.609541893 - DEBUG: fortiche_shotgun-1.12.4
2024-07-09 20:50:28.612849077 - DEBUG: fortiche_shotgun-1.13.0
2024-07-09 20:50:28.616438087 - DEBUG: fortiche_shotgun-1.14.0
2024-07-09 20:50:28.619801970 - DEBUG: fortiche_shotgun-1.15.0
2024-07-09 20:50:28.623128656 - DEBUG: fortiche_shotgun-1.16.0
2024-07-09 20:50:28.626387540 - DEBUG: fortiche_shotgun-1.16.1
2024-07-09 20:50:28.629680410 - DEBUG: fortiche_shotgun-1.17.0
2024-07-09 20:50:28.633015303 - DEBUG: fortiche_shotgun-1.18.0
2024-07-09 20:50:28.636466386 - DEBUG: fortiche_shotgun-1.18.1
2024-07-09 20:50:28.639925040 - DEBUG: fortiche_shotgun-1.19.0
2024-07-09 20:50:28.643231138 - DEBUG: fortiche_shotgun-1.19.1
2024-07-09 20:50:28.646544242 - DEBUG: fortiche_shotgun-1.20.0
2024-07-09 20:50:28.650390861 - DEBUG: fortiche_shotgun-1.21.0
2024-07-09 20:50:28.653755376 - DEBUG: fortiche_shotgun-1.21.1
2024-07-09 20:50:28.657155951 - DEBUG: fortiche_shotgun-1.22.0
2024-07-09 20:50:28.660596714 - DEBUG: fortiche_shotgun-1.23.0
2024-07-09 20:50:28.663913133 - DEBUG: fortiche_shotgun-1.24.0
2024-07-09 20:50:28.667228595 - DEBUG: fortiche_shotgun-1.24.1
2024-07-09 20:50:28.670421272 - DEBUG: fortiche_shotgun-1.24.2
2024-07-09 20:50:28.673702455 - DEBUG: fortiche_shotgun-1.24.3
2024-07-09 20:50:28.677057621 - DEBUG: fortiche_shotgun-1.24.4
2024-07-09 20:50:28.680547060 - DEBUG: fortiche_shotgun-1.24.5
2024-07-09 20:50:28.684289181 - DEBUG: fastoche_core-1.1.1
2024-07-09 20:50:28.688228320 - DEBUG: fastoche_core-1.1.2
2024-07-09 20:50:28.692126122 - DEBUG: fastoche_core-1.1.3
2024-07-09 20:50:28.696150786 - DEBUG: fastoche_core-1.1.4
2024-07-09 20:50:28.700651750 - DEBUG: fastoche_core-1.1.5
2024-07-09 20:50:28.704856392 - DEBUG: fastoche_core-1.2.0
2024-07-09 20:50:28.708802675 - DEBUG: fastoche_core-1.2.1
2024-07-09 20:50:28.713049536 - DEBUG: fastoche_core-1.3.0
2024-07-09 20:50:28.717018993 - DEBUG: fastoche_core-1.3.1
2024-07-09 20:50:28.718331999 - DEBUG: OpenTimelineIO-0.14.0
2024-07-09 20:50:28.718350723 - DEBUG: OpenTimelineIO-0.14.0-inside-nuke-13.2-pkg.0
2024-07-09 20:50:28.718382898 - DEBUG: rez-2.104.7
2024-07-09 20:50:28.718578376 - DEBUG: python-2.7-inside-fbox-pkg.0
2024-07-09 20:50:28.718725057 - DEBUG: PySide2-5.12-inside-mari-5.0-pkg.0
2024-07-09 20:50:28.718779676 - DEBUG: shiboken2-5.12.0
2024-07-09 20:50:28.718912523 - DEBUG: PySide2-5.12.0
2024-07-09 20:50:28.718962862 - DEBUG: PySide2-5.12.6-inside-nuke-13.2-pkg.0
2024-07-09 20:50:28.719009181 - DEBUG: PySide2-5.15-inside-nuke-14.0-pkg.0
2024-07-09 20:50:28.719049575 - DEBUG: PySide2-5.15.2-inside-houdini-19.5-pkg.0
2024-07-09 20:50:28.719100815 - DEBUG: PySide2-5.15.2.1
2024-07-09 20:50:28.719143957 - DEBUG: shiboken2-5.15.2.1
2024-07-09 20:50:28.719230720 - DEBUG: PySide2-5.15.2.1-pkg.1
2024-07-09 20:50:28.719297376 - DEBUG: python-2.7-inside-guerilla-2.3-pkg.0
2024-07-09 20:50:28.719426272 - DEBUG: PySide2-5.15.2-inside-maya-2022-pkg.0
2024-07-09 20:50:28.719491696 - DEBUG: python-2.7-inside-maya-2018-pkg.0
2024-07-09 20:50:28.719627376 - DEBUG: OpenTimelineIO-0.14.1
2024-07-09 20:50:28.719640747 - DEBUG: OpenTimelineIO-0.15-inside-nuke-14.0-pkg.0
2024-07-09 20:50:28.719677785 - DEBUG: OpenTimelineIO-0.15.0
2024-07-09 20:50:28.719779873 - DEBUG: python-2.7-inside-maya-2022-pkg.0
2024-07-09 20:50:28.720004404 - DEBUG: python-2.7-pkg.0
2024-07-09 20:50:28.720148341 - DEBUG: python-2.7-pkg.1
2024-07-09 20:50:28.720291748 - DEBUG: python-3.7-inside-mari-5.0-pkg.0
2024-07-09 20:50:28.720432404 - DEBUG: python-3.7-inside-mari-5.0-pkg.1
2024-07-09 20:50:28.720569220 - DEBUG: python-3.7-inside-mari-5.0-pkg.2
2024-07-09 20:50:28.720711547 - DEBUG: python-3.7-inside-maya-2022-pkg.0
2024-07-09 20:50:28.720942245 - DEBUG: python-3.7-inside-maya-2022-pkg.1
2024-07-09 20:50:28.721092396 - DEBUG: python-3.7-inside-maya-2022-pkg.2
2024-07-09 20:50:28.721241235 - DEBUG: python-3.7-inside-nuke-13.2-pkg.0
2024-07-09 20:50:28.721522056 - DEBUG: python-3.7-inside-nuke-13.2-pkg.1
2024-07-09 20:50:28.721695618 - DEBUG: python-3.7-pkg.0
2024-07-09 20:50:28.721875497 - DEBUG: python-3.7-pkg.1
2024-07-09 20:50:28.722132529 - DEBUG: python-3.9-inside-houdini-19.5-pkg.0
2024-07-09 20:50:28.722310534 - DEBUG: python-3.9-inside-houdini-19.5-pkg.1
2024-07-09 20:50:28.722462467 - DEBUG: python-3.9-inside-nuke-14.0-pkg.0
2024-07-09 20:50:28.722741176 - DEBUG: python-3.9-inside-nuke-14.0-pkg.1
2024-07-09 20:50:28.722951584 - DEBUG: python-3.9-pkg.0
2024-07-09 20:50:28.723136014 - DEBUG: python-3.9-pkg.1
2024-07-09 20:50:28.723382211 - DEBUG: python-3.10-inside-blender-3.6-pkg.0
2024-07-09 20:50:28.726175547 - DEBUG: fastoche_core-1.3.2
2024-07-09 20:50:28.730191218 - DEBUG: fastoche_core-1.4.0
2024-07-09 20:50:28.734073757 - DEBUG: fastoche_core-1.5.0
2024-07-09 20:50:28.737923435 - DEBUG: fastoche_core-1.6.0
2024-07-09 20:50:28.742003030 - DEBUG: fastoche_core-1.6.1
2024-07-09 20:50:28.746114302 - DEBUG: fastoche_core-1.6.2
2024-07-09 20:50:28.749934793 - DEBUG: fastoche_core-1.7.0
2024-07-09 20:50:28.754326824 - DEBUG: fastoche_core-1.7.1
2024-07-09 20:50:28.758895908 - DEBUG: fastoche_core-1.7.2
2024-07-09 20:50:28.763103276 - DEBUG: fastoche_core-1.7.3
2024-07-09 20:50:28.767169046 - DEBUG: fastoche_core-1.7.4
2024-07-09 20:50:28.771214812 - DEBUG: fastoche_core-1.7.5
2024-07-09 20:50:28.775429413 - DEBUG: fastoche_core-1.8.0
2024-07-09 20:50:28.779624129 - DEBUG: fastoche_core-1.9.0
2024-07-09 20:50:28.783872497 - DEBUG: fastoche_core-1.9.1
2024-07-09 20:50:28.787979909 - DEBUG: fastoche_core-1.9.2
2024-07-09 20:50:28.792610169 - DEBUG: fastoche_core-1.9.3
2024-07-09 20:50:28.796748225 - DEBUG: fastoche_core-1.9.4
2024-07-09 20:50:28.801003494 - DEBUG: fastoche_core-1.10.0
2024-07-09 20:50:28.805781569 - DEBUG: fastoche_core-1.10.1
2024-07-09 20:50:28.810413005 - DEBUG: fastoche_core-1.10.2
2024-07-09 20:50:28.815016640 - DEBUG: fastoche_core-1.11.0
2024-07-09 20:50:28.819703973 - DEBUG: fastoche_core-1.12.0
2024-07-09 20:50:28.824572702 - DEBUG: fastoche_core-1.13.0
2024-07-09 20:50:28.829030299 - DEBUG: fastoche_core-1.13.1
2024-07-09 20:50:28.834449766 - DEBUG: fastoche_core-1.14.0
2024-07-09 20:50:28.839882505 - DEBUG: fastoche_core-1.15.0
2024-07-09 20:50:28.845023668 - DEBUG: fastoche_core-1.16.0
2024-07-09 20:50:28.845901342 - DEBUG: MarkupSafe-1.1.1
2024-07-09 20:50:28.846044696 - DEBUG: MarkupSafe-2.0.1
2024-07-09 20:50:28.851075569 - DEBUG: fastoche_core-1.17.0
2024-07-09 20:50:28.856305433 - DEBUG: fastoche_core-1.17.1
2024-07-09 20:50:28.861564765 - DEBUG: fastoche_core-1.17.2
2024-07-09 20:50:28.866780970 - DEBUG: fastoche_core-1.18.0
2024-07-09 20:50:28.872026378 - DEBUG: fastoche_core-1.19.0
2024-07-09 20:50:28.878622378 - DEBUG: fastoche_guerilla-1.1.0
2024-07-09 20:50:28.884530954 - DEBUG: fastoche_guerilla-1.2.0
2024-07-09 20:50:28.889685588 - DEBUG: fastoche_guerilla-1.3.0
2024-07-09 20:50:28.895043598 - DEBUG: fastoche_guerilla-1.3.1
2024-07-09 20:50:28.900304453 - DEBUG: fastoche_guerilla-1.4.0
2024-07-09 20:50:28.905220310 - DEBUG: fastoche_guerilla-1.5.0
2024-07-09 20:50:28.910275520 - DEBUG: fastoche_guerilla-1.5.1
2024-07-09 20:50:28.915572204 - DEBUG: fastoche_guerilla-1.5.2
2024-07-09 20:50:28.920496745 - DEBUG: fastoche_guerilla-1.6.0
2024-07-09 20:50:28.925376491 - DEBUG: fastoche_guerilla-1.7.0
2024-07-09 20:50:28.930113169 - DEBUG: fastoche_guerilla-1.9.1
2024-07-09 20:50:28.935293989 - DEBUG: fastoche_guerilla-1.10.0
2024-07-09 20:50:28.940168416 - DEBUG: fastoche_guerilla-1.11.0
2024-07-09 20:50:28.944822376 - DEBUG: fastoche_guerilla-1.11.1
2024-07-09 20:50:28.949452363 - DEBUG: fastoche_guerilla-1.11.2
2024-07-09 20:50:28.954204601 - DEBUG: fastoche_guerilla-1.12.0
2024-07-09 20:50:28.958708559 - DEBUG: fastoche_guerilla-1.12.1
2024-07-09 20:50:28.963427574 - DEBUG: fastoche_guerilla-1.13.0
2024-07-09 20:50:28.967885955 - DEBUG: fastoche_guerilla-1.13.1
2024-07-09 20:50:28.972419695 - DEBUG: fastoche_guerilla-1.13.2
2024-07-09 20:50:28.976916353 - DEBUG: fastoche_guerilla-1.14.0
2024-07-09 20:50:28.981938338 - DEBUG: fastoche_guerilla-1.15.0
2024-07-09 20:50:28.986606520 - DEBUG: fastoche_guerilla-1.16.0
2024-07-09 20:50:28.991250487 - DEBUG: fastoche_guerilla-1.16.1
2024-07-09 20:50:28.996051151 - DEBUG: fastoche_guerilla-1.17.0
2024-07-09 20:50:29.001601805 - DEBUG: fastoche_guerilla-1.17.1
2024-07-09 20:50:29.007125738 - DEBUG: fastoche_guerilla-1.18.0
2024-07-09 20:50:29.012321731 - DEBUG: fastoche_guerilla-1.18.1
2024-07-09 20:50:29.017242576 - DEBUG: fastoche_guerilla-1.18.2
2024-07-09 20:50:29.021949292 - DEBUG: fastoche_guerilla-1.18.3
2024-07-09 20:50:29.026779394 - DEBUG: fastoche_guerilla-1.18.4
2024-07-09 20:50:29.031533764 - DEBUG: fastoche_guerilla-1.19.0
2024-07-09 20:50:29.036105457 - DEBUG: fastoche_guerilla-1.20.0
2024-07-09 20:50:29.040768979 - DEBUG: fastoche_guerilla-1.21.0
2024-07-09 20:50:29.045408744 - DEBUG: fastoche_guerilla-1.21.1
2024-07-09 20:50:29.051907661 - DEBUG: appy-1.0.0
2024-07-09 20:50:29.052243781 - DEBUG: templaters-1.0.0
2024-07-09 20:50:29.054800940 - DEBUG: templaters-1.1.0
2024-07-09 20:50:29.057563551 - DEBUG: templaters-1.1.1
2024-07-09 20:50:29.060078968 - DEBUG: templaters-1.2.0
2024-07-09 20:50:29.062732402 - DEBUG: templaters-1.2.1
2024-07-09 20:50:29.067697877 - DEBUG: cryptography-2.2.2
2024-07-09 20:50:29.067834375 - DEBUG: cryptography-2.2.2-pkg.0
2024-07-09 20:50:29.067850560 - DEBUG: cryptography-2.2.2-pkg.1
2024-07-09 20:50:29.067871521 - DEBUG: appy-1.0.1
2024-07-09 20:50:29.070545910 - DEBUG: appy-1.0.2
2024-07-09 20:50:29.073480666 - DEBUG: appy-1.0.3
2024-07-09 20:50:29.076238005 - DEBUG: appy-1.0.4
2024-07-09 20:50:29.079071238 - DEBUG: appy-1.1.0
2024-07-09 20:50:29.081658130 - DEBUG: appy-1.2.0
2024-07-09 20:50:29.082693007 - DEBUG: cryptography-2.9.2
2024-07-09 20:50:29.084598457 - DEBUG: appy-1.2.1
2024-07-09 20:50:29.087476551 - DEBUG: appy-1.3.0
2024-07-09 20:50:29.090269626 - DEBUG: appy-1.3.1
2024-07-09 20:50:29.093118392 - DEBUG: appy-1.3.2
2024-07-09 20:50:29.095837096 - DEBUG: appy-1.4.0
2024-07-09 20:50:29.098707317 - DEBUG: appy-1.5.0
2024-07-09 20:50:29.101503793 - DEBUG: appy-1.5.1
2024-07-09 20:50:29.104263138 - DEBUG: appy-1.5.2
2024-07-09 20:50:29.116595200 - DEBUG: OpenEXR-1.3.2
2024-07-09 20:50:29.116679974 - DEBUG: Pillow-5.1.0
2024-07-09 20:50:29.117676331 - DEBUG: fortiche_imaging-1.0.1
2024-07-09 20:50:29.120737585 - DEBUG: fortiche_imaging-1.0.2
2024-07-09 20:50:29.123839010 - DEBUG: fortiche_imaging-1.1.0
2024-07-09 20:50:29.126863058 - DEBUG: fortiche_imaging-1.2.0
2024-07-09 20:50:29.129815827 - DEBUG: fortiche_imaging-1.2.1
2024-07-09 20:50:29.132249936 - DEBUG: Pillow-5.4.1
2024-07-09 20:50:29.132336017 - DEBUG: Pillow-9.5.0
2024-07-09 20:50:29.133258148 - DEBUG: fortiche_imaging-1.3.0
2024-07-09 20:50:29.136701399 - DEBUG: fortiche_imaging-1.3.1
2024-07-09 20:50:29.140247800 - DEBUG: fortiche_imaging-1.4.0
2024-07-09 20:50:29.143452742 - DEBUG: fortiche_imaging-1.4.1
2024-07-09 20:50:29.146622814 - DEBUG: fortiche_imaging-1.5.0
2024-07-09 20:50:29.150316567 - DEBUG: nuke_utils-1.0.0
2024-07-09 20:50:29.151341053 - DEBUG: nuke_utils-1.1.0
2024-07-09 20:50:29.152338621 - DEBUG: nuke_utils-1.2.0
2024-07-09 20:50:29.153310252 - DEBUG: nuke_utils-1.3.0
2024-07-09 20:50:29.154297611 - DEBUG: nuke_utils-1.4.0
2024-07-09 20:50:29.155371208 - DEBUG: nuke_utils-1.5.0
2024-07-09 20:50:29.156330683 - DEBUG: nuke_utils-1.6.0
2024-07-09 20:50:29.157286455 - DEBUG: nuke_utils-1.6.1
2024-07-09 20:50:29.158214388 - DEBUG: nuke_utils-1.6.2
2024-07-09 20:50:29.159257138 - DEBUG: nuke_utils-1.6.3
2024-07-09 20:50:29.160186061 - DEBUG: nuke_utils-1.6.4
2024-07-09 20:50:29.161120721 - DEBUG: nuke_utils-1.6.5
2024-07-09 20:50:29.162072217 - DEBUG: nuke_utils-1.6.6
2024-07-09 20:50:29.163043640 - DEBUG: fortiche_imaging-1.5.1
2024-07-09 20:50:29.166328432 - DEBUG: fortiche_imaging-1.5.2
2024-07-09 20:50:29.169438941 - DEBUG: fortiche_imaging-1.6.0
2024-07-09 20:50:29.172394070 - DEBUG: fortiche_imaging-1.6.1
2024-07-09 20:50:29.175431027 - DEBUG: fortiche_imaging-1.6.2
2024-07-09 20:50:29.178375847 - DEBUG: fortiche_imaging-1.6.3
2024-07-09 20:50:29.181700247 - DEBUG: fastoche_mari-1.0.0
2024-07-09 20:50:29.184917686 - DEBUG: mari_utils-1.0.0
2024-07-09 20:50:29.185166687 - DEBUG: mari_utils-1.0.1
2024-07-09 20:50:29.185367483 - DEBUG: mari_utils-1.1.0
2024-07-09 20:50:29.185559444 - DEBUG: mari_utils-1.2.0
2024-07-09 20:50:29.185746735 - DEBUG: mari_utils-1.2.1
2024-07-09 20:50:29.185945016 - DEBUG: fastoche_mari-1.0.1
2024-07-09 20:50:29.188847437 - DEBUG: fastoche_mari-1.1.0
2024-07-09 20:50:29.191628985 - DEBUG: fastoche_mari-1.1.1
2024-07-09 20:50:29.194392672 - DEBUG: fastoche_mari-1.2.0
2024-07-09 20:50:29.197311557 - DEBUG: fastoche_mari-1.3.0
2024-07-09 20:50:29.200172038 - DEBUG: fastoche_mari-1.3.1
2024-07-09 20:50:29.207112870 - DEBUG: cargo-1.0.0
2024-07-09 20:50:29.209251086 - DEBUG: cargo-1.1.0
2024-07-09 20:50:29.211463040 - DEBUG: cargo-1.1.1
2024-07-09 20:50:29.213851619 - DEBUG: cargo-1.2.0
2024-07-09 20:50:29.216314838 - DEBUG: cargo-1.2.1
2024-07-09 20:50:29.218693463 - DEBUG: cargo-1.2.2
2024-07-09 20:50:29.221108438 - DEBUG: cargo-1.2.3
2024-07-09 20:50:29.223531938 - DEBUG: cargo-1.3.0
2024-07-09 20:50:29.225900415 - DEBUG: cargo-1.3.1
2024-07-09 20:50:29.228436579 - DEBUG: cargo-1.3.2
2024-07-09 20:50:29.230782642 - DEBUG: cargo-1.3.3
2024-07-09 20:52:51.805602945 - INFO: Context name: fc7248ac-bc5a-4e40-bbd0-7c30047df822
2024-07-10 06:41:48.856143719 - INFO: Context name: 6c140a2d-521d-4808-8538-91742707fb05
2024-07-10 06:41:48.861608176 - DEBUG: fishbowl-2.1.1
2024-07-10 06:41:48.861993314 - DEBUG: python_utils-2.0.0
2024-07-10 06:41:48.862051799 - DEBUG: future-0.18.2
2024-07-10 06:41:48.862121439 - DEBUG: urllib3-1.26.9
2024-07-10 06:41:48.862151182 - DEBUG: pycparser-2.21
2024-07-10 06:41:48.862167637 - DEBUG: et_xmlfile-1.0.1
2024-07-10 06:41:48.862190548 - DEBUG: smmap2-3.0.1
2024-07-10 06:41:48.862221424 - DEBUG: smmap-3.0.5
2024-07-10 06:41:48.862274885 - DEBUG: six-1.11.0
2024-07-10 06:41:48.862311911 - DEBUG: requests-2.13.0
2024-07-10 06:41:48.862387978 - DEBUG: urllib3-1.26.12
2024-07-10 06:41:48.862421823 - DEBUG: urllib3-1.26.15
2024-07-10 06:41:48.862444351 - DEBUG: certifi-2021.10.8
2024-07-10 06:41:48.862491263 - DEBUG: certifi-2022.5.18.1
2024-07-10 06:41:48.862536173 - DEBUG: certifi-2022.12.7
2024-07-10 06:41:48.862583378 - DEBUG: certifi-2023.5.7
2024-07-10 06:41:48.862624633 - DEBUG: certifi-2024.6.2
2024-07-10 06:41:48.862688971 - DEBUG: requests-2.27.1
2024-07-10 06:41:48.862762669 - DEBUG: requests-2.28.2
2024-07-10 06:41:48.862773886 - DEBUG: requests-2.30.0
2024-07-10 06:41:48.862781065 - DEBUG: requests-2.31.0
2024-07-10 06:41:48.862787848 - DEBUG: requests-2.32.3
2024-07-10 06:41:48.862794662 - DEBUG: six-1.16.0
2024-07-10 06:41:48.862841312 - DEBUG: et_xmlfile-1.1.0
2024-07-10 06:41:48.862867044 - DEBUG: jdcal-1.4.1
2024-07-10 06:41:48.862881324 - DEBUG: timecode-1.3.1
2024-07-10 06:41:48.863020186 - DEBUG: future-0.18.3
2024-07-10 06:41:48.863105857 - DEBUG: python_utils-2.0.1
2024-07-10 06:41:48.863145669 - DEBUG: python_utils-2.0.2
2024-07-10 06:41:48.863180809 - DEBUG: python_utils-2.0.3
2024-07-10 06:41:48.863217776 - DEBUG: python_utils-2.1.0
2024-07-10 06:41:48.863282245 - DEBUG: python_utils-2.2.0
2024-07-10 06:41:48.863319555 - DEBUG: python_utils-2.2.1
2024-07-10 06:42:17.108145599 - INFO: Context name: f666231a-e38e-47c0-b78c-0e7242f286a0
2024-07-10 06:42:21.001501937 - INFO: Context name: 1284acbe-39bf-462c-8c8d-9a2507d16ee5
2024-07-10 06:47:54.690616113 - INFO: Context name: 9d0f24c0-af88-466d-9568-f2c0288d34a4
2024-07-10 06:47:54.695154840 - DEBUG: houdini_utils-1.2.0
2024-07-10 06:47:54.695278999 - DEBUG: requests-2.13.0
2024-07-10 06:47:54.695370036 - DEBUG: urllib3-1.26.9
2024-07-10 06:47:54.695408458 - DEBUG: pycparser-2.21
2024-07-10 06:47:54.695426415 - DEBUG: et_xmlfile-1.0.1
2024-07-10 06:47:54.695486015 - DEBUG: smmap2-3.0.1
2024-07-10 06:47:54.695536772 - DEBUG: smmap-3.0.5
2024-07-10 06:47:54.695551899 - DEBUG: six-1.11.0
2024-07-10 06:47:54.695590344 - DEBUG: requests-2.27.1
2024-07-10 06:47:54.695643953 - DEBUG: urllib3-1.26.12
2024-07-10 06:47:54.695661036 - DEBUG: urllib3-1.26.15
2024-07-10 06:47:54.695681890 - DEBUG: certifi-2021.10.8
2024-07-10 06:47:54.695728108 - DEBUG: certifi-2022.5.18.1
2024-07-10 06:47:54.695775666 - DEBUG: certifi-2022.12.7
2024-07-10 06:47:54.695819584 - DEBUG: certifi-2023.5.7
2024-07-10 06:47:54.695865850 - DEBUG: certifi-2024.6.2
2024-07-10 06:47:54.695953450 - DEBUG: requests-2.28.2
2024-07-10 06:47:54.695973228 - DEBUG: requests-2.30.0
2024-07-10 06:47:54.695981571 - DEBUG: requests-2.31.0
2024-07-10 06:47:54.695988503 - DEBUG: requests-2.32.3
2024-07-10 06:47:54.696007388 - DEBUG: six-1.16.0
2024-07-10 06:47:54.696057649 - DEBUG: et_xmlfile-1.1.0
2024-07-10 06:47:54.696086386 - DEBUG: jdcal-1.4.1
2024-07-10 06:47:54.696101469 - DEBUG: timecode-1.3.1
2024-07-10 06:48:55.584955852 - INFO: Context name: cfdf4438-08fc-4750-8084-8f507c01b8fe
2024-07-10 06:48:55.589751627 - DEBUG: houdini_utils-1.2.0
2024-07-10 06:48:55.589840618 - DEBUG: requests-2.13.0
2024-07-10 06:48:55.589985943 - DEBUG: urllib3-1.26.9
2024-07-10 06:48:55.590009919 - DEBUG: pycparser-2.21
2024-07-10 06:48:55.590040358 - DEBUG: et_xmlfile-1.0.1
2024-07-10 06:48:55.590064226 - DEBUG: smmap2-3.0.1
2024-07-10 06:48:55.590085309 - DEBUG: smmap-3.0.5
2024-07-10 06:48:55.590099759 - DEBUG: six-1.11.0
2024-07-10 06:48:55.590139006 - DEBUG: requests-2.27.1
2024-07-10 06:48:55.590208803 - DEBUG: urllib3-1.26.12
2024-07-10 06:48:55.590229923 - DEBUG: urllib3-1.26.15
2024-07-10 06:48:55.590268605 - DEBUG: certifi-2021.10.8
2024-07-10 06:48:55.590313663 - DEBUG: certifi-2022.5.18.1
2024-07-10 06:48:55.590359473 - DEBUG: certifi-2022.12.7
2024-07-10 06:48:55.590408342 - DEBUG: certifi-2023.5.7
2024-07-10 06:48:55.590453477 - DEBUG: certifi-2024.6.2
2024-07-10 06:48:55.590542383 - DEBUG: requests-2.28.2
2024-07-10 06:48:55.590556260 - DEBUG: requests-2.30.0
2024-07-10 06:48:55.590563843 - DEBUG: requests-2.31.0
2024-07-10 06:48:55.590570378 - DEBUG: requests-2.32.3
2024-07-10 06:48:55.590576655 - DEBUG: six-1.16.0
2024-07-10 06:48:55.590642474 - DEBUG: et_xmlfile-1.1.0
2024-07-10 06:48:55.590672821 - DEBUG: jdcal-1.4.1
2024-07-10 06:48:55.590686935 - DEBUG: timecode-1.3.1
2024-07-10 06:48:55.590805991 - DEBUG: houdini_utils-1.2.1
2024-07-10 06:49:41.516192843 - INFO: Context name: 0a6b8de0-2010-4c0d-a7b8-93004af8e8bf
2024-07-10 06:49:41.521171715 - DEBUG: fortiche_shotgun-1.0.0
2024-07-10 06:49:41.522335572 - DEBUG: fortiche_core-1.0.0
2024-07-10 06:49:41.522639459 - DEBUG: requests-2.13.0
2024-07-10 06:49:41.522708125 - DEBUG: urllib3-1.26.9
2024-07-10 06:49:41.522727197 - DEBUG: pycparser-2.21
2024-07-10 06:49:41.522743572 - DEBUG: et_xmlfile-1.0.1
2024-07-10 06:49:41.522764948 - DEBUG: smmap2-3.0.1
2024-07-10 06:49:41.522794523 - DEBUG: smmap-3.0.5
2024-07-10 06:49:41.522814302 - DEBUG: six-1.11.0
2024-07-10 06:49:41.522879202 - DEBUG: requests-2.27.1
2024-07-10 06:49:41.522965571 - DEBUG: urllib3-1.26.12
2024-07-10 06:49:41.523004446 - DEBUG: urllib3-1.26.15
2024-07-10 06:49:41.523028850 - DEBUG: certifi-2021.10.8
2024-07-10 06:49:41.523077273 - DEBUG: certifi-2022.5.18.1
2024-07-10 06:49:41.523126762 - DEBUG: certifi-2022.12.7
2024-07-10 06:49:41.523224397 - DEBUG: certifi-2023.5.7
2024-07-10 06:49:41.523276924 - DEBUG: certifi-2024.6.2
2024-07-10 06:49:41.523331030 - DEBUG: requests-2.28.2
2024-07-10 06:49:41.523344683 - DEBUG: requests-2.30.0
2024-07-10 06:49:41.523353467 - DEBUG: requests-2.31.0
2024-07-10 06:49:41.523361223 - DEBUG: requests-2.32.3
2024-07-10 06:49:41.523368666 - DEBUG: six-1.16.0
2024-07-10 06:49:41.523439635 - DEBUG: et_xmlfile-1.1.0
2024-07-10 06:49:41.523502270 - DEBUG: jdcal-1.4.1
2024-07-10 06:49:41.523528638 - DEBUG: timecode-1.3.1
2024-07-10 06:49:41.523727719 - DEBUG: os_utils-1.0.1
2024-07-10 06:49:41.523972003 - DEBUG: fastoche_core-1.0.0
2024-07-10 06:49:41.524145673 - DEBUG: shotgun_api3-3.0.41
2024-07-10 06:49:41.524189692 - DEBUG: httplib2-0.20.4
2024-07-10 06:49:41.524255741 - DEBUG: text_unidecode-1.2
2024-07-10 06:49:41.524361084 - DEBUG: uritemplate-3.0.1
2024-07-10 06:49:41.524391133 - DEBUG: google_auth_httplib2-0.1.0
2024-07-10 06:49:41.524444910 - DEBUG: google_auth-2.6.2
2024-07-10 06:49:41.524480810 - DEBUG: httplib2-0.11.3
2024-07-10 06:49:41.524533582 - DEBUG: python_dateutil-2.8.2
2024-07-10 06:49:41.524616399 - DEBUG: shotgun_api3-3.3.4
2024-07-10 06:49:41.524654656 - DEBUG: shotgun_api3-3.3.5
2024-07-10 06:49:41.524718077 - DEBUG: scandir-1.7
2024-07-10 06:49:41.524775154 - DEBUG: templating_utils-1.0.0
2024-07-10 06:49:41.524811791 - DEBUG: Jinja2-2.10
2024-07-10 06:49:41.524820994 - DEBUG: templating_utils-1.0.1
2024-07-10 06:49:41.524861275 - DEBUG: templating_utils-1.0.2
2024-07-10 06:49:41.524887257 - DEBUG: Jinja2-2.11.3
2024-07-10 06:49:41.524967614 - DEBUG: templating_utils-1.0.3
2024-07-10 06:49:41.525030764 - DEBUG: enum34-1.1.6
2024-07-10 06:49:41.525129404 - DEBUG: fishbowl-1.0.0
2024-07-10 06:49:41.525185503 - DEBUG: fishbowl-1.0.1
2024-07-10 06:49:41.525232355 - DEBUG: fishbowl-1.0.2
2024-07-10 06:49:41.525287962 - DEBUG: fishbowl-1.1.0
2024-07-10 06:49:41.525387733 - DEBUG: fishbowl-1.1.2
2024-07-10 06:49:41.525458824 - DEBUG: configparser-3.5.0
2024-07-10 06:49:41.525567852 - DEBUG: configparser-3.8.1
2024-07-10 06:49:41.525580640 - DEBUG: configparser-4.0.2
2024-07-10 06:49:41.525681408 - DEBUG: python_patch2run3-1.7.0
2024-07-10 06:49:41.525706830 - DEBUG: future-0.16.0
2024-07-10 06:49:41.525785279 - DEBUG: future-0.18.2
2024-07-10 06:49:41.525860746 - DEBUG: future-0.18.3
2024-07-10 06:49:41.526000456 - DEBUG: python_patch2run3-1.7.1
2024-07-10 06:49:41.526032427 - DEBUG: python_patch2run3-1.7.2
2024-07-10 06:49:41.526070942 - DEBUG: python_patch2run3-1.7.3
2024-07-10 06:49:41.526098136 - DEBUG: fishbowl-1.1.3
2024-07-10 06:49:41.526303483 - DEBUG: fishbowl-1.2.0
2024-07-10 06:49:41.526527556 - DEBUG: fishbowl-1.3.0
2024-07-10 06:49:41.526806988 - DEBUG: python_utils-1.0.0
2024-07-10 06:49:41.526983415 - DEBUG: carbon-1.0.0
2024-07-10 06:49:41.527301274 - DEBUG: python_utils-1.0.1
2024-07-10 06:49:41.527342765 - DEBUG: python_utils-1.0.2
2024-07-10 06:49:41.527374334 - DEBUG: python_utils-1.1.0
2024-07-10 06:49:41.527406880 - DEBUG: python_utils-1.2.1
2024-07-10 06:49:41.527434423 - DEBUG: python_utils-1.3.0
2024-07-10 06:49:41.527465949 - DEBUG: python_utils-1.4.0
2024-07-10 06:49:41.527510123 - DEBUG: python_utils-1.4.1
2024-07-10 06:49:41.527554259 - DEBUG: python_utils-1.4.2
2024-07-10 06:49:41.527600642 - DEBUG: python_utils-1.4.3
2024-07-10 06:49:41.527628517 - DEBUG: python_utils-1.5.0
2024-07-10 06:49:41.527664461 - DEBUG: python_utils-1.6.0
2024-07-10 06:49:41.527704372 - DEBUG: python_utils-1.6.1
2024-07-10 06:49:41.527741937 - DEBUG: python_utils-1.7.0
2024-07-10 06:49:41.527777967 - DEBUG: python_utils-1.7.1
2024-07-10 06:49:41.527815579 - DEBUG: python_utils-1.7.2
2024-07-10 06:49:41.527854540 - DEBUG: python_utils-1.8.0
2024-07-10 06:49:41.527905409 - DEBUG: python_utils-1.8.1
2024-07-10 06:49:41.527951266 - DEBUG: python_utils-1.8.2
2024-07-10 06:49:41.527995445 - DEBUG: python_utils-1.8.3
2024-07-10 06:49:41.528035773 - DEBUG: python_utils-1.8.4
2024-07-10 06:49:41.528078434 - DEBUG: python_utils-1.9.0
2024-07-10 06:49:41.528126453 - DEBUG: python_utils-1.10.0
2024-07-10 06:49:41.528171854 - DEBUG: python_utils-1.10.1
2024-07-10 06:49:41.528220556 - DEBUG: python_utils-1.10.2
2024-07-10 06:49:41.528266114 - DEBUG: python_utils-1.10.3
2024-07-10 06:49:41.528314393 - DEBUG: python_utils-1.10.4
2024-07-10 06:49:41.528361332 - DEBUG: python_utils-1.10.5
2024-07-10 06:49:41.528411709 - DEBUG: python_utils-1.10.6
2024-07-10 06:49:41.528457084 - DEBUG: python_utils-1.10.7
2024-07-10 06:49:41.528516498 - DEBUG: python_utils-1.10.8
2024-07-10 06:49:41.528565864 - DEBUG: python_utils-1.11.0
2024-07-10 06:49:41.528609626 - DEBUG: python_utils-1.11.1
2024-07-10 06:49:41.528661016 - DEBUG: python_utils-1.12.0
2024-07-10 06:49:41.528706208 - DEBUG: python_utils-1.12.1
2024-07-10 06:49:41.528758052 - DEBUG: python_utils-1.13.0
2024-07-10 06:49:41.528817823 - DEBUG: carbon-1.0.1
2024-07-10 06:49:41.529693765 - DEBUG: carbon-1.1.0
2024-07-10 06:49:41.530586404 - DEBUG: carbon-1.1.1
2024-07-10 06:49:41.531441515 - DEBUG: carbon-1.1.3
2024-07-10 06:49:41.532303343 - DEBUG: carbon-1.1.4
2024-07-10 06:49:41.533205458 - DEBUG: carbon-1.1.5
2024-07-10 06:49:41.534060423 - DEBUG: carbon-1.1.6
2024-07-10 06:49:41.534935139 - DEBUG: carbon-1.1.7
2024-07-10 06:49:41.535948371 - DEBUG: guerilla_utils-1.0.0
2024-07-10 06:49:41.536002955 - DEBUG: networkx-2.2
2024-07-10 06:49:41.536691777 - DEBUG: guerilla_utils-1.0.1
2024-07-10 06:49:41.537501276 - DEBUG: guerilla_utils-1.1.0
2024-07-10 06:49:41.538357733 - DEBUG: guerilla_utils-1.2.0
2024-07-10 06:49:41.539217431 - DEBUG: networkx-1.11
2024-07-10 06:49:41.539251639 - DEBUG: decorator-4.4.2
2024-07-10 06:49:41.539263635 - DEBUG: decorator-5.1.1
2024-07-10 06:49:41.539276013 - DEBUG: guerilla_utils-1.3.0
2024-07-10 06:49:41.540065557 - DEBUG: guerilla_utils-1.4.0
2024-07-10 06:49:41.540815131 - DEBUG: guerilla_utils-1.5.0
2024-07-10 06:49:41.541606877 - DEBUG: guerilla_utils-1.6.0
2024-07-10 06:49:41.542444234 - DEBUG: guerilla_utils-1.7.0
2024-07-10 06:49:41.543233965 - DEBUG: guerilla_utils-1.8.0
2024-07-10 06:49:41.544163240 - DEBUG: guerilla_utils-1.8.1
2024-07-10 06:49:41.544990531 - DEBUG: guerilla_utils-1.9.0
2024-07-10 06:49:41.545782347 - DEBUG: guerilla_utils-1.9.1
2024-07-10 06:49:41.545825047 - DEBUG: networkx-2.6.3
2024-07-10 06:49:41.545832419 - DEBUG: networkx-2.8.8
2024-07-10 06:49:41.546707401 - DEBUG: guerilla_utils-1.9.2
2024-07-10 06:49:41.547604101 - DEBUG: guerilla_utils-1.9.3
2024-07-10 06:49:41.548481994 - DEBUG: qt_utils-1.0.1
2024-07-10 06:49:41.549300329 - DEBUG: python_patch2run3-1.0.0
2024-07-10 06:49:41.549331247 - DEBUG: python_patch2run3-1.1.0
2024-07-10 06:49:41.549350549 - DEBUG: python_patch2run3-1.2.0
2024-07-10 06:49:41.549368220 - DEBUG: python_patch2run3-1.2.1
2024-07-10 06:49:41.549386638 - DEBUG: python_patch2run3-1.2.2
2024-07-10 06:49:41.549405184 - DEBUG: python_patch2run3-1.3.0
2024-07-10 06:49:41.549424056 - DEBUG: python_patch2run3-1.3.1
2024-07-10 06:49:41.549443406 - DEBUG: python_patch2run3-1.3.2
2024-07-10 06:49:41.549463912 - DEBUG: python_patch2run3-1.4.0
2024-07-10 06:49:41.549483985 - DEBUG: python_patch2run3-1.4.1
2024-07-10 06:49:41.549508838 - DEBUG: python_patch2run3-1.5.0
2024-07-10 06:49:41.549529579 - DEBUG: python_patch2run3-1.6.0
2024-07-10 06:49:41.549550324 - DEBUG: python_patch2run3-1.6.1
2024-07-10 06:49:41.549593347 - DEBUG: python_patch2run3-1.6.2
2024-07-10 06:49:41.549660171 - DEBUG: qt_utils-1.0.2
2024-07-10 06:49:41.550466683 - DEBUG: qt_utils-1.0.3
2024-07-10 06:49:41.551229248 - DEBUG: qt_utils-1.0.4
2024-07-10 06:49:41.551996916 - DEBUG: qt_utils-1.1.0
2024-07-10 06:49:41.552872634 - DEBUG: qt_utils-1.1.1
2024-07-10 06:49:41.553821765 - DEBUG: qt_utils-1.1.2
2024-07-10 06:49:41.554813677 - DEBUG: qt_utils-1.2.0
2024-07-10 06:49:41.556041448 - DEBUG: qt_utils-1.2.1
2024-07-10 06:49:41.557098745 - DEBUG: qt_utils-1.3.0
2024-07-10 06:49:41.558180327 - DEBUG: fastoche_guerilla-1.0.0
2024-07-10 06:49:41.558268223 - DEBUG: click-6.7
2024-07-10 06:49:41.558468258 - DEBUG: os_utils-1.0.2
2024-07-10 06:49:41.558656604 - DEBUG: os_utils-1.0.3
2024-07-10 06:49:41.559538906 - DEBUG: psutil-5.4.0
2024-07-10 06:49:41.559625962 - DEBUG: psutil-5.9.4
2024-07-10 06:49:41.559895791 - DEBUG: os_utils-1.0.4
2024-07-10 06:49:41.560097909 - DEBUG: os_utils-1.1.0
2024-07-10 06:49:41.560307946 - DEBUG: os_utils-1.2.0
2024-07-10 06:49:41.560491414 - DEBUG: os_utils-1.3.0
2024-07-10 06:49:41.561456608 - DEBUG: os_utils-1.4.0
2024-07-10 06:49:41.561647764 - DEBUG: os_utils-1.4.1
2024-07-10 06:49:41.562627015 - DEBUG: os_utils-1.5.0
2024-07-10 06:49:41.563670775 - DEBUG: os_utils-1.5.1
2024-07-10 06:49:41.563866355 - DEBUG: os_utils-1.6.0
2024-07-10 06:49:41.564088037 - DEBUG: os_utils-1.6.1
2024-07-10 06:49:41.564340399 - DEBUG: os_utils-1.6.2
2024-07-10 06:49:41.565380003 - DEBUG: os_utils-1.6.3
2024-07-10 06:49:41.566511037 - DEBUG: os_utils-1.7.0
2024-07-10 06:49:41.567639036 - DEBUG: os_utils-1.7.1
2024-07-10 06:49:41.568735414 - DEBUG: os_utils-1.8.0
2024-07-10 06:49:41.569900246 - DEBUG: os_utils-1.9.0
2024-07-10 06:49:41.571015496 - DEBUG: os_utils-1.9.1
2024-07-10 06:49:41.572429421 - DEBUG: os_utils-1.9.2
2024-07-10 06:49:41.573631351 - DEBUG: os_utils-1.9.3
2024-07-10 06:49:41.574744634 - DEBUG: os_utils-1.9.4
2024-07-10 06:49:41.576133322 - DEBUG: fortiche_core-1.1.0
2024-07-10 06:49:41.577479688 - DEBUG: sentry_sdk-0.10.2
2024-07-10 06:49:41.577555813 - DEBUG: python_dependency_scan-1.0.0
2024-07-10 06:49:41.577668573 - DEBUG: importlib_metadata-1.6.0
2024-07-10 06:49:41.577692723 - DEBUG: zipp-1.2.0
2024-07-10 06:49:41.577702945 - DEBUG: zipp-3.15.0
2024-07-10 06:49:41.577714731 - DEBUG: pyyed-1.4.3
2024-07-10 06:49:41.577731106 - DEBUG: pyasn1-0.4.8
2024-07-10 06:49:41.577803881 - DEBUG: more_itertools-4.1.0
2024-07-10 06:49:41.577838870 - DEBUG: python_dependency_scan-1.0.1
2024-07-10 06:49:41.578011076 - DEBUG: python_dependency_scan-1.0.2
2024-07-10 06:49:41.578148271 - DEBUG: python_dependency_scan-1.0.3
2024-07-10 06:49:41.578295050 - DEBUG: pydeps-1.10.12
2024-07-10 06:49:41.578327738 - DEBUG: stdlib_list-0.8.0
2024-07-10 06:49:41.578358650 - DEBUG: python_dependency_scan-1.0.4
2024-07-10 06:49:41.578450809 - DEBUG: importlib_metadata-1.7.0
2024-07-10 06:49:41.578482726 - DEBUG: pyyed-1.5.0
2024-07-10 06:49:41.578511432 - DEBUG: enum34-1.1.10
2024-07-10 06:49:41.578529986 - DEBUG: python_dependency_scan-1.1.0
2024-07-10 06:49:41.578655611 - DEBUG: python_dependency_scan-1.1.1
2024-07-10 06:49:41.578991914 - DEBUG: python_dependency_scan-1.1.2
2024-07-10 06:49:41.579357798 - DEBUG: python_dependency_scan-1.1.3
2024-07-10 06:49:41.579674108 - DEBUG: python_dependency_scan-1.1.4
2024-07-10 06:49:41.580018583 - DEBUG: python_dependency_scan-1.1.5
2024-07-10 06:49:41.580392349 - DEBUG: python_dependency_scan-1.1.6
2024-07-10 06:49:41.580722135 - DEBUG: numpy-1.16.4
2024-07-10 06:49:41.580777862 - DEBUG: termcolor-1.1.0
2024-07-10 06:49:41.580881187 - DEBUG: jsmin-2.2.2
2024-07-10 06:49:41.580973216 - DEBUG: fortiche_core-1.1.1
2024-07-10 06:49:41.582497807 - DEBUG: fortiche_core-1.2.0
2024-07-10 06:49:41.584117017 - DEBUG: fortiche_core-1.3.0
2024-07-10 06:49:41.585641879 - DEBUG: fortiche_core-1.3.1
2024-07-10 06:49:41.587258923 - DEBUG: fortiche_core-1.3.2
2024-07-10 06:49:41.588812619 - DEBUG: fortiche_core-1.3.3
2024-07-10 06:49:41.590415195 - DEBUG: fortiche_core-1.3.4
2024-07-10 06:49:41.590651012 - DEBUG: numpy-1.16.6
2024-07-10 06:49:41.590710270 - DEBUG: numpy-1.21.6
2024-07-10 06:49:41.591631940 - DEBUG: scandir-1.10.0
2024-07-10 06:49:41.592260267 - DEBUG: fortiche_core-1.3.5
2024-07-10 06:49:41.593949380 - DEBUG: fortiche_core-1.3.6
2024-07-10 06:49:41.595627190 - DEBUG: fortiche_core-1.4.0
2024-07-10 06:49:41.597241963 - DEBUG: click-8.1.3
2024-07-10 06:49:41.597493405 - DEBUG: fortiche_core-1.4.1
2024-07-10 06:49:41.598967616 - DEBUG: fortiche_core-1.5.0
2024-07-10 06:49:41.600788169 - DEBUG: fortiche_core-1.6.0
2024-07-10 06:49:41.602589942 - DEBUG: fortiche_core-1.6.1
2024-07-10 06:49:41.604364867 - DEBUG: fortiche_core-1.7.0
2024-07-10 06:49:41.605907915 - DEBUG: fortiche_core-1.7.1
2024-07-10 06:49:41.607650911 - DEBUG: fortiche_core-1.8.0
2024-07-10 06:49:41.609385306 - DEBUG: fortiche_core-1.8.1
2024-07-10 06:49:41.610958082 - DEBUG: fortiche_core-1.8.2
2024-07-10 06:49:41.612805219 - DEBUG: fortiche_core-1.8.3
2024-07-10 06:49:41.614558452 - DEBUG: fortiche_core-1.9.0
2024-07-10 06:49:41.616155207 - DEBUG: fortiche_core-1.9.1
2024-07-10 06:49:41.617803381 - DEBUG: fortiche_core-1.10.0
2024-07-10 06:49:41.619448614 - DEBUG: fortiche_core-1.10.1
2024-07-10 06:49:41.620980454 - DEBUG: fortiche_core-1.11.0
2024-07-10 06:49:41.622708415 - DEBUG: fortiche_core-1.11.1
2024-07-10 06:49:41.624476917 - DEBUG: fortiche_core-1.11.2
2024-07-10 06:49:41.626147843 - DEBUG: fortiche_core-1.11.3
2024-07-10 06:49:41.627876181 - DEBUG: fortiche_core-1.11.4
2024-07-10 06:49:41.629439611 - DEBUG: fortiche_core-1.12.0
2024-07-10 06:49:41.631025790 - DEBUG: fortiche_core-1.13.0
2024-07-10 06:49:41.632655374 - DEBUG: fortiche_core-1.14.0
2024-07-10 06:49:41.634146419 - DEBUG: fortiche_core-1.14.1
2024-07-10 06:49:41.635738273 - DEBUG: fortiche_core-1.14.2
2024-07-10 06:49:41.637454229 - DEBUG: fortiche_core-1.15.0
2024-07-10 06:49:41.639147142 - DEBUG: fortiche_core-1.16.0
2024-07-10 06:49:41.640791445 - DEBUG: fortiche_core-1.17.0
2024-07-10 06:49:41.642252555 - DEBUG: fortiche_core-1.18.0
2024-07-10 06:49:41.643884268 - DEBUG: fortiche_core-1.19.0
2024-07-10 06:49:41.645401421 - DEBUG: fortiche_core-1.20.0
2024-07-10 06:49:41.647100112 - DEBUG: fortiche_core-1.20.1
2024-07-10 06:49:41.648784319 - DEBUG: fortiche_core-1.20.2
2024-07-10 06:49:41.650531514 - DEBUG: fortiche_core-1.21.0
2024-07-10 06:49:41.652297319 - DEBUG: fortiche_core-1.21.1
2024-07-10 06:49:41.654082558 - DEBUG: fortiche_core-1.22.0
2024-07-10 06:49:41.655696960 - DEBUG: fortiche_core-1.23.0
2024-07-10 06:49:41.657765264 - DEBUG: fastoche_core-1.1.0
2024-07-10 06:49:41.660759197 - DEBUG: horizon-1.0.0
2024-07-10 06:49:41.662872582 - DEBUG: horizon-1.1.0
2024-07-10 06:49:41.665312488 - DEBUG: horizon-1.1.1
2024-07-10 06:49:41.667772955 - DEBUG: horizon-1.2.0
2024-07-10 06:49:41.670576215 - DEBUG: horizon-1.3.0
2024-07-10 06:49:41.671551503 - DEBUG: fortiche_qt-1.0.0
2024-07-10 06:49:41.673093882 - DEBUG: fortiche_qt-1.0.1
2024-07-10 06:49:41.674481205 - DEBUG: fortiche_qt-1.0.2
2024-07-10 06:49:41.677113191 - DEBUG: horizon-1.3.1
2024-07-10 06:49:41.679568023 - DEBUG: horizon-1.3.2
2024-07-10 06:49:41.681939602 - DEBUG: horizon-1.4.0
2024-07-10 06:49:41.684307952 - DEBUG: horizon-1.4.1
2024-07-10 06:49:41.686533759 - DEBUG: horizon-1.5.0
2024-07-10 06:49:41.688780137 - DEBUG: horizon-1.6.0
2024-07-10 06:49:41.691263013 - DEBUG: horizon-1.7.0
2024-07-10 06:49:41.693414467 - DEBUG: horizon-1.7.1
2024-07-10 06:49:41.695612506 - DEBUG: horizon-1.8.0
2024-07-10 06:49:41.697813093 - DEBUG: horizon-1.9.0
2024-07-10 06:49:41.700101285 - DEBUG: horizon-1.10.0
2024-07-10 06:49:41.702635749 - DEBUG: fortiche_shotgun-1.1.0
2024-07-10 06:49:41.702798127 - DEBUG: ffmpeg_utils-1.1.0
2024-07-10 06:49:41.703298325 - DEBUG: ffmpeg_utils-1.2.0
2024-07-10 06:49:41.703719668 - DEBUG: ffmpeg_utils-1.3.0
2024-07-10 06:49:41.704110665 - DEBUG: ffmpeg_utils-1.3.1
2024-07-10 06:49:41.704479154 - DEBUG: ffmpeg_utils-1.3.2
2024-07-10 06:49:41.704810624 - DEBUG: ffmpeg_utils-1.3.3
2024-07-10 06:49:41.705187894 - DEBUG: ffmpeg_utils-1.4.0
2024-07-10 06:49:41.705525913 - DEBUG: ffmpeg_utils-1.4.1
2024-07-10 06:49:41.705857000 - DEBUG: ffmpeg_utils-1.5.0
2024-07-10 06:49:41.706231677 - DEBUG: ffmpeg_utils-1.5.1
2024-07-10 06:49:41.706625483 - DEBUG: ffmpeg_utils-1.6.0
2024-07-10 06:49:41.707010873 - DEBUG: nested_dict-1.61
2024-07-10 06:49:41.707068062 - DEBUG: cffi-1.15.0
2024-07-10 06:49:41.707079925 - DEBUG: cffi-1.15.1
2024-07-10 06:49:41.707095003 - DEBUG: idna-2.10
2024-07-10 06:49:41.707112335 - DEBUG: idna-3.3
2024-07-10 06:49:41.707121655 - DEBUG: idna-3.4
2024-07-10 06:49:41.707129441 - DEBUG: idna-3.7
2024-07-10 06:49:41.707139875 - DEBUG: asn1crypto-1.5.1
2024-07-10 06:49:41.708493702 - DEBUG: shotgun_utils-1.0.0
2024-07-10 06:49:41.708524634 - DEBUG: shotgun_utils-1.1.0
2024-07-10 06:49:41.708542225 - DEBUG: shotgun_utils-1.1.1
2024-07-10 06:49:41.708558163 - DEBUG: shotgun_utils-1.2.0
2024-07-10 06:49:41.708574495 - DEBUG: shotgun_utils-1.3.0
2024-07-10 06:49:41.708591094 - DEBUG: shotgun_utils-1.3.1
2024-07-10 06:49:41.708790900 - DEBUG: shotgun_utils-1.3.2
2024-07-10 06:49:41.708994877 - DEBUG: shotgun_utils-1.3.3
2024-07-10 06:49:41.709215193 - DEBUG: ntplib-0.3.4
2024-07-10 06:49:41.709234961 - DEBUG: boto3-1.17.112
2024-07-10 06:49:41.709295560 - DEBUG: botocore-1.20.112
2024-07-10 06:49:41.709353963 - DEBUG: jmespath-0.10.0
2024-07-10 06:49:41.709419904 - DEBUG: s3transfer-0.4.2
2024-07-10 06:49:41.709458507 - DEBUG: botocore-1.29.130
2024-07-10 06:49:41.709474449 - DEBUG: boto3-1.26.130
2024-07-10 06:49:41.709579316 - DEBUG: shotgun_sglink_launcher-1.0.0
2024-07-10 06:49:41.710961425 - DEBUG: shotgun_sglink_launcher-1.1.0
2024-07-10 06:49:41.712324056 - DEBUG: shotgun_sglink_launcher-1.1.1
2024-07-10 06:49:41.713786585 - DEBUG: shotgun_sglink_launcher-1.2.0
2024-07-10 06:49:41.715128335 - DEBUG: shotgun_sglink_launcher-1.2.1
2024-07-10 06:49:41.716990103 - DEBUG: shotgun_sglink_launcher-1.2.2
2024-07-10 06:49:41.718652095 - DEBUG: shotgun_sglink_launcher-1.2.3
2024-07-10 06:49:41.720481176 - DEBUG: shotgun_sglink_launcher-1.3.0
2024-07-10 06:49:41.723135231 - DEBUG: shotgun_sglink_launcher-1.3.1
2024-07-10 06:49:41.726235158 - DEBUG: shotgun_sglink_launcher-1.3.2
2024-07-10 06:49:41.729059982 - DEBUG: shotgun_sglink_launcher-1.3.3
2024-07-10 06:49:41.731889036 - DEBUG: shotgun_sglink_launcher-1.3.4
2024-07-10 06:49:41.734810988 - DEBUG: app_launcher-1.1.0
2024-07-10 06:49:41.736035279 - DEBUG: app_launcher-1.3.0
2024-07-10 06:49:41.737200327 - DEBUG: app_launcher-1.4.0
2024-07-10 06:49:41.738358436 - DEBUG: app_launcher-1.4.1
2024-07-10 06:49:41.739580287 - DEBUG: app_launcher-1.5.0
2024-07-10 06:49:41.740744444 - DEBUG: app_launcher-1.6.0
2024-07-10 06:49:41.741957614 - DEBUG: app_launcher-1.6.1
2024-07-10 06:49:41.743218871 - DEBUG: app_launcher-1.7.0
2024-07-10 06:49:41.744375053 - DEBUG: app_launcher-1.8.0
2024-07-10 06:49:41.745554030 - DEBUG: app_launcher-1.9.0
2024-07-10 06:49:41.746798610 - DEBUG: app_launcher-1.9.1
2024-07-10 06:49:41.748167130 - DEBUG: app_launcher-1.9.2
2024-07-10 06:49:41.749379147 - DEBUG: app_launcher-1.10.0
2024-07-10 06:49:41.750563293 - DEBUG: app_launcher-1.11.0
2024-07-10 06:49:41.751846261 - DEBUG: app_launcher-1.12.0
2024-07-10 06:49:41.753037158 - DEBUG: app_launcher-1.13.0
2024-07-10 06:49:41.754301323 - DEBUG: app_launcher-1.14.0
2024-07-10 06:49:41.755673451 - DEBUG: app_launcher-1.15.0
2024-07-10 06:49:41.757097802 - DEBUG: app_launcher-1.16.0
2024-07-10 06:49:41.758432610 - DEBUG: app_launcher-1.17.0
2024-07-10 06:49:41.759739172 - DEBUG: app_launcher-1.18.0
2024-07-10 06:49:41.760915244 - DEBUG: app_launcher-1.19.0
2024-07-10 06:49:41.762212330 - DEBUG: app_launcher-1.20.0
2024-07-10 06:49:41.763541185 - DEBUG: app_launcher-1.21.0
2024-07-10 06:49:41.764669972 - DEBUG: app_launcher-1.22.0
2024-07-10 06:49:41.765857761 - DEBUG: app_launcher-1.23.0
2024-07-10 06:49:41.767037144 - DEBUG: app_launcher-1.24.0
2024-07-10 06:49:41.768229797 - DEBUG: app_launcher-1.25.0
2024-07-10 06:49:41.769409498 - DEBUG: app_launcher-1.26.0
2024-07-10 06:49:41.770879728 - DEBUG: app_launcher-1.26.1
2024-07-10 06:49:41.772110792 - DEBUG: app_launcher-1.27.0
2024-07-10 06:49:41.773345090 - DEBUG: app_launcher-1.28.0
2024-07-10 06:49:41.774616917 - DEBUG: app_launcher-1.28.1
2024-07-10 06:49:41.775803056 - DEBUG: app_launcher-1.28.2
2024-07-10 06:49:41.777871911 - DEBUG: fortiche_shotgun-1.2.0
2024-07-10 06:49:41.781289949 - DEBUG: fortiche_shotgun-1.3.0
2024-07-10 06:49:41.784424426 - DEBUG: fortiche_shotgun-1.3.1
2024-07-10 06:49:41.787496909 - DEBUG: fortiche_shotgun-1.4.0
2024-07-10 06:49:41.790643137 - DEBUG: fortiche_shotgun-1.4.1
2024-07-10 06:49:41.793751405 - DEBUG: fortiche_shotgun-1.4.2
2024-07-10 06:49:41.797062637 - DEBUG: fortiche_shotgun-1.5.0
2024-07-10 06:49:41.800223660 - DEBUG: fortiche_shotgun-1.6.0
2024-07-10 06:49:41.803337441 - DEBUG: fortiche_shotgun-1.7.0
2024-07-10 06:49:41.806328787 - DEBUG: fortiche_shotgun-1.7.1
2024-07-10 06:49:41.806568623 - DEBUG: ntplib-0.4.0
2024-07-10 06:49:41.809467171 - DEBUG: fortiche_shotgun-1.8.0
2024-07-10 06:49:41.812637455 - DEBUG: fortiche_shotgun-1.9.0
2024-07-10 06:49:41.815988663 - DEBUG: fortiche_shotgun-1.9.1
2024-07-10 06:49:41.819671196 - DEBUG: fortiche_shotgun-1.9.2
2024-07-10 06:49:41.823410929 - DEBUG: fortiche_shotgun-1.10.0
2024-07-10 06:49:41.827161404 - DEBUG: fortiche_shotgun-1.11.0
2024-07-10 06:49:41.830788274 - DEBUG: fortiche_shotgun-1.11.1
2024-07-10 06:49:41.834427986 - DEBUG: fortiche_shotgun-1.12.0
2024-07-10 06:49:41.838094170 - DEBUG: fortiche_shotgun-1.12.1
2024-07-10 06:49:41.841878476 - DEBUG: fortiche_shotgun-1.12.2
2024-07-10 06:49:41.845558792 - DEBUG: fortiche_shotgun-1.12.3
2024-07-10 06:49:41.849292538 - DEBUG: fortiche_shotgun-1.12.4
2024-07-10 06:49:41.852972033 - DEBUG: fortiche_shotgun-1.13.0
2024-07-10 06:49:41.856804007 - DEBUG: fortiche_shotgun-1.14.0
2024-07-10 06:49:41.860443969 - DEBUG: fortiche_shotgun-1.15.0
2024-07-10 06:49:41.863827762 - DEBUG: fortiche_shotgun-1.16.0
2024-07-10 06:49:41.867792295 - DEBUG: fortiche_shotgun-1.16.1
2024-07-10 06:49:41.871368738 - DEBUG: fortiche_shotgun-1.17.0
2024-07-10 06:49:41.875015766 - DEBUG: fortiche_shotgun-1.18.0
2024-07-10 06:49:41.878425376 - DEBUG: fortiche_shotgun-1.18.1
2024-07-10 06:49:41.881811813 - DEBUG: fortiche_shotgun-1.19.0
2024-07-10 06:49:41.885230077 - DEBUG: fortiche_shotgun-1.19.1
2024-07-10 06:49:41.888660388 - DEBUG: fortiche_shotgun-1.20.0
2024-07-10 06:49:41.892158159 - DEBUG: fortiche_shotgun-1.21.0
2024-07-10 06:49:41.895377294 - DEBUG: fortiche_shotgun-1.21.1
2024-07-10 06:49:41.898735594 - DEBUG: fortiche_shotgun-1.22.0
2024-07-10 06:49:41.902352250 - DEBUG: fortiche_shotgun-1.23.0
2024-07-10 06:49:41.906053991 - DEBUG: fortiche_shotgun-1.24.0
2024-07-10 06:49:41.910042103 - DEBUG: fortiche_shotgun-1.24.1
2024-07-10 06:49:41.914274863 - DEBUG: fortiche_shotgun-1.24.2
2024-07-10 06:49:41.918386803 - DEBUG: fortiche_shotgun-1.24.3
2024-07-10 06:49:41.922450972 - DEBUG: fortiche_shotgun-1.24.4
2024-07-10 06:49:41.926557259 - DEBUG: fortiche_shotgun-1.24.5
2024-07-10 06:49:41.930530972 - DEBUG: fastoche_core-1.1.1
2024-07-10 06:49:41.935439453 - DEBUG: fastoche_core-1.1.2
2024-07-10 06:49:41.940248520 - DEBUG: fastoche_core-1.1.3
2024-07-10 06:49:41.944875353 - DEBUG: fastoche_core-1.1.4
2024-07-10 06:49:41.949262994 - DEBUG: fastoche_core-1.1.5
2024-07-10 06:49:41.953656720 - DEBUG: fastoche_core-1.2.0
2024-07-10 06:49:41.957684660 - DEBUG: fastoche_core-1.2.1
2024-07-10 06:49:41.961858068 - DEBUG: fastoche_core-1.3.0
2024-07-10 06:49:41.966114267 - DEBUG: fastoche_core-1.3.1
2024-07-10 06:49:41.967803816 - DEBUG: OpenTimelineIO-0.14.0
2024-07-10 06:49:41.967826404 - DEBUG: OpenTimelineIO-0.14.0-inside-nuke-13.2-pkg.0
2024-07-10 06:49:41.967862613 - DEBUG: rez-2.104.7
2024-07-10 06:49:41.968069171 - DEBUG: python-2.7-inside-fbox-pkg.0
2024-07-10 06:49:41.968246445 - DEBUG: PySide2-5.12-inside-mari-5.0-pkg.0
2024-07-10 06:49:41.968296418 - DEBUG: shiboken2-5.12.0
2024-07-10 06:49:41.968401677 - DEBUG: PySide2-5.12.0
2024-07-10 06:49:41.968443092 - DEBUG: PySide2-5.12.6-inside-nuke-13.2-pkg.0
2024-07-10 06:49:41.968510269 - DEBUG: PySide2-5.15-inside-nuke-14.0-pkg.0
2024-07-10 06:49:41.968551958 - DEBUG: PySide2-5.15.2-inside-houdini-19.5-pkg.0
2024-07-10 06:49:41.968612164 - DEBUG: PySide2-5.15.2.1
2024-07-10 06:49:41.968656156 - DEBUG: shiboken2-5.15.2.1
2024-07-10 06:49:41.968768146 - DEBUG: PySide2-5.15.2.1-pkg.1
2024-07-10 06:49:41.968819222 - DEBUG: python-2.7-inside-guerilla-2.3-pkg.0
2024-07-10 06:49:41.968964940 - DEBUG: PySide2-5.15.2-inside-maya-2022-pkg.0
2024-07-10 06:49:41.969039457 - DEBUG: python-2.7-inside-maya-2018-pkg.0
2024-07-10 06:49:41.969171689 - DEBUG: OpenTimelineIO-0.14.1
2024-07-10 06:49:41.969186113 - DEBUG: OpenTimelineIO-0.15-inside-nuke-14.0-pkg.0
2024-07-10 06:49:41.969243209 - DEBUG: OpenTimelineIO-0.15.0
2024-07-10 06:49:41.969357036 - DEBUG: python-2.7-inside-maya-2022-pkg.0
2024-07-10 06:49:41.969615464 - DEBUG: python-2.7-pkg.0
2024-07-10 06:49:41.969756367 - DEBUG: python-2.7-pkg.1
2024-07-10 06:49:41.969925873 - DEBUG: python-3.7-inside-mari-5.0-pkg.0
2024-07-10 06:49:41.970078954 - DEBUG: python-3.7-inside-mari-5.0-pkg.1
2024-07-10 06:49:41.970226057 - DEBUG: python-3.7-inside-mari-5.0-pkg.2
2024-07-10 06:49:41.970394496 - DEBUG: python-3.7-inside-maya-2022-pkg.0
2024-07-10 06:49:41.970672226 - DEBUG: python-3.7-inside-maya-2022-pkg.1
2024-07-10 06:49:41.970814833 - DEBUG: python-3.7-inside-maya-2022-pkg.2
2024-07-10 06:49:41.970990098 - DEBUG: python-3.7-inside-nuke-13.2-pkg.0
2024-07-10 06:49:41.971282769 - DEBUG: python-3.7-inside-nuke-13.2-pkg.1
2024-07-10 06:49:41.971474727 - DEBUG: python-3.7-pkg.0
2024-07-10 06:49:41.971640410 - DEBUG: python-3.7-pkg.1
2024-07-10 06:49:41.971883567 - DEBUG: python-3.9-inside-houdini-19.5-pkg.0
2024-07-10 06:49:41.972082284 - DEBUG: python-3.9-inside-houdini-19.5-pkg.1
2024-07-10 06:49:41.972275564 - DEBUG: python-3.9-inside-nuke-14.0-pkg.0
2024-07-10 06:49:41.972576163 - DEBUG: python-3.9-inside-nuke-14.0-pkg.1
2024-07-10 06:49:41.972754155 - DEBUG: python-3.9-pkg.0
2024-07-10 06:49:41.972975622 - DEBUG: python-3.9-pkg.1
2024-07-10 06:49:41.973142764 - DEBUG: python-3.10-inside-blender-3.6-pkg.0
2024-07-10 06:49:41.976299401 - DEBUG: fastoche_core-1.3.2
2024-07-10 06:49:41.980675044 - DEBUG: fastoche_core-1.4.0
2024-07-10 06:49:41.984909722 - DEBUG: fastoche_core-1.5.0
2024-07-10 06:49:41.988840174 - DEBUG: fastoche_core-1.6.0
2024-07-10 06:49:41.993083154 - DEBUG: fastoche_core-1.6.1
2024-07-10 06:49:41.997126498 - DEBUG: fastoche_core-1.6.2
2024-07-10 06:49:42.001202388 - DEBUG: fastoche_core-1.7.0
2024-07-10 06:49:42.005604587 - DEBUG: fastoche_core-1.7.1
2024-07-10 06:49:42.009825258 - DEBUG: fastoche_core-1.7.2
2024-07-10 06:49:42.014171850 - DEBUG: fastoche_core-1.7.3
2024-07-10 06:49:42.018828501 - DEBUG: fastoche_core-1.7.4
2024-07-10 06:49:42.023494083 - DEBUG: fastoche_core-1.7.5
2024-07-10 06:49:42.028059872 - DEBUG: fastoche_core-1.8.0
2024-07-10 06:49:42.032250944 - DEBUG: fastoche_core-1.9.0
2024-07-10 06:49:42.036760896 - DEBUG: fastoche_core-1.9.1
2024-07-10 06:49:42.041124711 - DEBUG: fastoche_core-1.9.2
2024-07-10 06:49:42.045324961 - DEBUG: fastoche_core-1.9.3
2024-07-10 06:49:42.049758576 - DEBUG: fastoche_core-1.9.4
2024-07-10 06:49:42.054103033 - DEBUG: fastoche_core-1.10.0
2024-07-10 06:49:42.058314398 - DEBUG: fastoche_core-1.10.1
2024-07-10 06:49:42.062507017 - DEBUG: fastoche_core-1.10.2
2024-07-10 06:49:42.066703044 - DEBUG: fastoche_core-1.11.0
2024-07-10 06:49:42.070912803 - DEBUG: fastoche_core-1.12.0
2024-07-10 06:49:42.075342039 - DEBUG: fastoche_core-1.13.0
2024-07-10 06:49:42.079774889 - DEBUG: fastoche_core-1.13.1
2024-07-10 06:49:42.084410402 - DEBUG: fastoche_core-1.14.0
2024-07-10 06:49:42.088485201 - DEBUG: fastoche_core-1.15.0
2024-07-10 06:49:42.093143085 - DEBUG: fastoche_core-1.16.0
2024-07-10 06:49:42.093654741 - DEBUG: MarkupSafe-1.1.1
2024-07-10 06:49:42.093732990 - DEBUG: MarkupSafe-2.0.1
2024-07-10 06:49:42.097675916 - DEBUG: fastoche_core-1.17.0
2024-07-10 06:49:42.101978135 - DEBUG: fastoche_core-1.17.1
2024-07-10 06:49:42.106250836 - DEBUG: fastoche_core-1.17.2
2024-07-10 06:49:42.110515042 - DEBUG: fastoche_core-1.18.0
2024-07-10 06:49:42.114665427 - DEBUG: fastoche_core-1.19.0
2024-07-10 06:49:42.120483221 - DEBUG: fastoche_guerilla-1.1.0
2024-07-10 06:49:42.125603164 - DEBUG: fastoche_guerilla-1.2.0
2024-07-10 06:49:42.130483725 - DEBUG: fastoche_guerilla-1.3.0
2024-07-10 06:49:42.135325761 - DEBUG: fastoche_guerilla-1.3.1
2024-07-10 06:49:42.140094051 - DEBUG: fastoche_guerilla-1.4.0
2024-07-10 06:49:42.144731359 - DEBUG: fastoche_guerilla-1.5.0
2024-07-10 06:49:42.149572043 - DEBUG: fastoche_guerilla-1.5.1
2024-07-10 06:49:42.153963872 - DEBUG: fastoche_guerilla-1.5.2
2024-07-10 06:49:42.158538826 - DEBUG: fastoche_guerilla-1.6.0
2024-07-10 06:49:42.163270173 - DEBUG: fastoche_guerilla-1.7.0
2024-07-10 06:49:42.167598313 - DEBUG: fastoche_guerilla-1.9.1
2024-07-10 06:49:42.172267115 - DEBUG: fastoche_guerilla-1.10.0
2024-07-10 06:49:42.177410206 - DEBUG: fastoche_guerilla-1.11.0
2024-07-10 06:49:42.182219840 - DEBUG: fastoche_guerilla-1.11.1
2024-07-10 06:49:42.186936876 - DEBUG: fastoche_guerilla-1.11.2
2024-07-10 06:49:42.191554949 - DEBUG: fastoche_guerilla-1.12.0
2024-07-10 06:49:42.196137645 - DEBUG: fastoche_guerilla-1.12.1
2024-07-10 06:49:42.201076552 - DEBUG: fastoche_guerilla-1.13.0
2024-07-10 06:49:42.205815656 - DEBUG: fastoche_guerilla-1.13.1
2024-07-10 06:49:42.211321441 - DEBUG: fastoche_guerilla-1.13.2
2024-07-10 06:49:42.216631617 - DEBUG: fastoche_guerilla-1.14.0
2024-07-10 06:49:42.221550243 - DEBUG: fastoche_guerilla-1.15.0
2024-07-10 06:49:42.226263118 - DEBUG: fastoche_guerilla-1.16.0
2024-07-10 06:49:42.231753824 - DEBUG: fastoche_guerilla-1.16.1
2024-07-10 06:49:42.236861929 - DEBUG: fastoche_guerilla-1.17.0
2024-07-10 06:49:42.241521140 - DEBUG: fastoche_guerilla-1.17.1
2024-07-10 06:49:42.246023575 - DEBUG: fastoche_guerilla-1.18.0
2024-07-10 06:49:42.250968269 - DEBUG: fastoche_guerilla-1.18.1
2024-07-10 06:49:42.255605120 - DEBUG: fastoche_guerilla-1.18.2
2024-07-10 06:49:42.260708734 - DEBUG: fastoche_guerilla-1.18.3
2024-07-10 06:49:42.265765892 - DEBUG: fastoche_guerilla-1.18.4
2024-07-10 06:49:42.271048960 - DEBUG: fastoche_guerilla-1.19.0
2024-07-10 06:49:42.276485332 - DEBUG: fastoche_guerilla-1.20.0
2024-07-10 06:49:42.281824489 - DEBUG: fastoche_guerilla-1.21.0
2024-07-10 06:49:42.286944618 - DEBUG: fastoche_guerilla-1.21.1
2024-07-10 06:49:42.293187332 - DEBUG: appy-1.0.0
2024-07-10 06:49:42.293433481 - DEBUG: templaters-1.0.0
2024-07-10 06:49:42.295864070 - DEBUG: templaters-1.1.0
2024-07-10 06:49:42.298300043 - DEBUG: templaters-1.1.1
2024-07-10 06:49:42.300760700 - DEBUG: templaters-1.2.0
2024-07-10 06:49:42.303185807 - DEBUG: templaters-1.2.1
2024-07-10 06:49:42.308239646 - DEBUG: cryptography-2.2.2
2024-07-10 06:49:42.308338113 - DEBUG: cryptography-2.2.2-pkg.0
2024-07-10 06:49:42.308348767 - DEBUG: cryptography-2.2.2-pkg.1
2024-07-10 06:49:42.308368280 - DEBUG: appy-1.0.1
2024-07-10 06:49:42.311655448 - DEBUG: appy-1.0.2
2024-07-10 06:49:42.315353103 - DEBUG: appy-1.0.3
2024-07-10 06:49:42.318583988 - DEBUG: appy-1.0.4
2024-07-10 06:49:42.321772917 - DEBUG: appy-1.1.0
2024-07-10 06:49:42.325128555 - DEBUG: appy-1.2.0
2024-07-10 06:49:42.326273749 - DEBUG: cryptography-2.9.2
2024-07-10 06:49:42.328452568 - DEBUG: appy-1.2.1
2024-07-10 06:49:42.331572405 - DEBUG: appy-1.3.0
2024-07-10 06:49:42.335060004 - DEBUG: appy-1.3.1
2024-07-10 06:49:42.338339462 - DEBUG: appy-1.3.2
2024-07-10 06:49:42.341638559 - DEBUG: appy-1.4.0
2024-07-10 06:49:42.344928186 - DEBUG: appy-1.5.0
2024-07-10 06:49:42.348280810 - DEBUG: appy-1.5.1
2024-07-10 06:49:42.351514761 - DEBUG: appy-1.5.2
2024-07-10 06:49:42.368487575 - DEBUG: fortiche_shotgun-2.0.0
2024-07-10 06:49:42.372552422 - DEBUG: fortiche_shotgun-2.0.1
2024-07-10 06:49:42.372824589 - DEBUG: ffmpeg_utils-2.0.0
2024-07-10 06:49:42.373333974 - DEBUG: ffmpeg_utils-2.0.1
2024-07-10 06:49:42.373458746 - DEBUG: os_utils-2.0.0
2024-07-10 06:49:42.374638056 - DEBUG: os_utils-2.0.1
2024-07-10 06:49:42.375117299 - DEBUG: python_utils-2.0.0
2024-07-10 06:49:42.375209555 - DEBUG: python_utils-2.0.1
2024-07-10 06:49:42.375289500 - DEBUG: python_utils-2.0.2
2024-07-10 06:49:42.375350502 - DEBUG: python_utils-2.0.3
2024-07-10 06:49:42.375412523 - DEBUG: python_utils-2.1.0
2024-07-10 06:49:42.375489495 - DEBUG: python_utils-2.2.0
2024-07-10 06:49:42.375565703 - DEBUG: python_utils-2.2.1
2024-07-10 06:49:42.375641825 - DEBUG: ffmpeg_utils-2.1.0
2024-07-10 06:49:42.375863817 - DEBUG: shotgun_sglink_launcher-2.0.0
2024-07-10 06:49:42.376764759 - DEBUG: fortiche_core-2.0.0
2024-07-10 06:49:42.377385856 - DEBUG: qt_utils-2.0.0
2024-07-10 06:49:42.378648506 - DEBUG: qt_utils-2.0.1
2024-07-10 06:49:42.379369085 - DEBUG: jsmin-3.0.1
2024-07-10 06:49:42.379541008 - DEBUG: templating_utils-2.0.0
2024-07-10 06:49:42.379785267 - DEBUG: fishbowl-2.0.0
2024-07-10 06:49:42.380368619 - DEBUG: fishbowl-2.1.0
2024-07-10 06:49:42.380797108 - DEBUG: fishbowl-2.1.1
2024-07-10 06:49:42.381284875 - DEBUG: fishbowl-2.1.2
2024-07-10 06:49:42.381903725 - DEBUG: python_dependency_scan-2.0.0
2024-07-10 06:49:42.382378768 - DEBUG: fortiche_core-2.0.1
2024-07-10 06:49:42.383579394 - DEBUG: fortiche_core-2.0.2
2024-07-10 06:49:42.384699471 - DEBUG: fortiche_core-2.0.3
2024-07-10 06:49:42.385763011 - DEBUG: fortiche_core-2.1.0
2024-07-10 06:49:42.386848685 - DEBUG: fortiche_core-2.1.1
2024-07-10 06:49:42.388047045 - DEBUG: fortiche_core-2.2.0
2024-07-10 06:49:42.389183411 - DEBUG: fortiche_core-2.3.0
2024-07-10 06:49:42.390613708 - DEBUG: shotgun_utils-2.0.0
2024-07-10 06:49:42.392306696 - DEBUG: app_launcher-2.0.0
2024-07-10 06:49:42.393007361 - DEBUG: app_launcher-2.0.1
2024-07-10 06:49:42.393628836 - DEBUG: carbon-2.0.0
2024-07-10 06:49:51.358202229 - INFO: Context name: 9f49d80b-d68c-4331-aa9d-90cdc49a5079
2024-07-10 06:49:51.361614210 - DEBUG: fortiche_shotgun-1.0.0
2024-07-10 06:49:51.362625154 - DEBUG: fortiche_core-1.0.0
2024-07-10 06:49:51.362881129 - DEBUG: requests-2.13.0
2024-07-10 06:49:51.362994458 - DEBUG: urllib3-1.26.9
2024-07-10 06:49:51.363021126 - DEBUG: pycparser-2.21
2024-07-10 06:49:51.363054784 - DEBUG: et_xmlfile-1.0.1
2024-07-10 06:49:51.363077228 - DEBUG: smmap2-3.0.1
2024-07-10 06:49:51.363100987 - DEBUG: smmap-3.0.5
2024-07-10 06:49:51.363117330 - DEBUG: six-1.11.0
2024-07-10 06:49:51.363183414 - DEBUG: requests-2.27.1
2024-07-10 06:49:51.363252316 - DEBUG: urllib3-1.26.12
2024-07-10 06:49:51.363274165 - DEBUG: urllib3-1.26.15
2024-07-10 06:49:51.363298875 - DEBUG: certifi-2021.10.8
2024-07-10 06:49:51.363348895 - DEBUG: certifi-2022.5.18.1
2024-07-10 06:49:51.363399821 - DEBUG: certifi-2022.12.7
2024-07-10 06:49:51.363525924 - DEBUG: certifi-2023.5.7
2024-07-10 06:49:51.363569753 - DEBUG: certifi-2024.6.2
2024-07-10 06:49:51.363616076 - DEBUG: requests-2.28.2
2024-07-10 06:49:51.363628780 - DEBUG: requests-2.30.0
2024-07-10 06:49:51.363636417 - DEBUG: requests-2.31.0
2024-07-10 06:49:51.363643032 - DEBUG: requests-2.32.3
2024-07-10 06:49:51.363649482 - DEBUG: six-1.16.0
2024-07-10 06:49:51.363697115 - DEBUG: et_xmlfile-1.1.0
2024-07-10 06:49:51.363731804 - DEBUG: jdcal-1.4.1
2024-07-10 06:49:51.363759950 - DEBUG: timecode-1.3.1
2024-07-10 06:49:51.364019789 - DEBUG: os_utils-1.0.1
2024-07-10 06:49:51.364290070 - DEBUG: fastoche_core-1.0.0
2024-07-10 06:49:51.364443514 - DEBUG: shotgun_api3-3.0.41
2024-07-10 06:49:51.364483341 - DEBUG: httplib2-0.20.4
2024-07-10 06:49:51.364529585 - DEBUG: text_unidecode-1.2
2024-07-10 06:49:51.364615583 - DEBUG: uritemplate-3.0.1
2024-07-10 06:49:51.364644290 - DEBUG: google_auth_httplib2-0.1.0
2024-07-10 06:49:51.364678691 - DEBUG: google_auth-2.6.2
2024-07-10 06:49:51.364698743 - DEBUG: httplib2-0.11.3
2024-07-10 06:49:51.364746664 - DEBUG: python_dateutil-2.8.2
2024-07-10 06:49:51.364793580 - DEBUG: shotgun_api3-3.3.4
2024-07-10 06:49:51.364832670 - DEBUG: shotgun_api3-3.3.5
2024-07-10 06:49:51.364871144 - DEBUG: scandir-1.7
2024-07-10 06:49:51.364936214 - DEBUG: templating_utils-1.0.0
2024-07-10 06:49:51.364977746 - DEBUG: Jinja2-2.10
2024-07-10 06:49:51.364990105 - DEBUG: templating_utils-1.0.1
2024-07-10 06:49:51.365018698 - DEBUG: templating_utils-1.0.2
2024-07-10 06:49:51.365043506 - DEBUG: Jinja2-2.11.3
2024-07-10 06:49:51.365074222 - DEBUG: templating_utils-1.0.3
2024-07-10 06:49:51.365104520 - DEBUG: enum34-1.1.6
2024-07-10 06:49:51.365161015 - DEBUG: fishbowl-1.0.0
2024-07-10 06:49:51.365261283 - DEBUG: fishbowl-1.0.1
2024-07-10 06:49:51.365304050 - DEBUG: fishbowl-1.0.2
2024-07-10 06:49:51.365348589 - DEBUG: fishbowl-1.1.0
2024-07-10 06:49:51.365402065 - DEBUG: fishbowl-1.1.2
2024-07-10 06:49:51.365450141 - DEBUG: configparser-3.5.0
2024-07-10 06:49:51.365532623 - DEBUG: configparser-3.8.1
2024-07-10 06:49:51.365544652 - DEBUG: configparser-4.0.2
2024-07-10 06:49:51.365647810 - DEBUG: python_patch2run3-1.7.0
2024-07-10 06:49:51.365672445 - DEBUG: future-0.16.0
2024-07-10 06:49:51.365748943 - DEBUG: future-0.18.2
2024-07-10 06:49:51.365822157 - DEBUG: future-0.18.3
2024-07-10 06:49:51.365909173 - DEBUG: python_patch2run3-1.7.1
2024-07-10 06:49:51.365960520 - DEBUG: python_patch2run3-1.7.2
2024-07-10 06:49:51.365980427 - DEBUG: python_patch2run3-1.7.3
2024-07-10 06:49:51.366004658 - DEBUG: fishbowl-1.1.3
2024-07-10 06:49:51.366166867 - DEBUG: fishbowl-1.2.0
2024-07-10 06:49:51.366340205 - DEBUG: fishbowl-1.3.0
2024-07-10 06:49:51.366562887 - DEBUG: python_utils-1.0.0
2024-07-10 06:49:51.366676002 - DEBUG: carbon-1.0.0
2024-07-10 06:49:51.366999570 - DEBUG: python_utils-1.0.1
2024-07-10 06:49:51.367052179 - DEBUG: python_utils-1.0.2
2024-07-10 06:49:51.367104520 - DEBUG: python_utils-1.1.0
2024-07-10 06:49:51.367137231 - DEBUG: python_utils-1.2.1
2024-07-10 06:49:51.367220240 - DEBUG: python_utils-1.3.0
2024-07-10 06:49:51.367260196 - DEBUG: python_utils-1.4.0
2024-07-10 06:49:51.367312120 - DEBUG: python_utils-1.4.1
2024-07-10 06:49:51.367359359 - DEBUG: python_utils-1.4.2
2024-07-10 06:49:51.367408832 - DEBUG: python_utils-1.4.3
2024-07-10 06:49:51.367437749 - DEBUG: python_utils-1.5.0
2024-07-10 06:49:51.367505180 - DEBUG: python_utils-1.6.0
2024-07-10 06:49:51.367546883 - DEBUG: python_utils-1.6.1
2024-07-10 06:49:51.367590102 - DEBUG: python_utils-1.7.0
2024-07-10 06:49:51.367646594 - DEBUG: python_utils-1.7.1
2024-07-10 06:49:51.367683882 - DEBUG: python_utils-1.7.2
2024-07-10 06:49:51.367722523 - DEBUG: python_utils-1.8.0
2024-07-10 06:49:51.367760236 - DEBUG: python_utils-1.8.1
2024-07-10 06:49:51.367799978 - DEBUG: python_utils-1.8.2
2024-07-10 06:49:51.367841599 - DEBUG: python_utils-1.8.3
2024-07-10 06:49:51.367881351 - DEBUG: python_utils-1.8.4
2024-07-10 06:49:51.367972943 - DEBUG: python_utils-1.9.0
2024-07-10 06:49:51.368058321 - DEBUG: python_utils-1.10.0
2024-07-10 06:49:51.368121427 - DEBUG: python_utils-1.10.1
2024-07-10 06:49:51.368169779 - DEBUG: python_utils-1.10.2
2024-07-10 06:49:51.368211880 - DEBUG: python_utils-1.10.3
2024-07-10 06:49:51.368297916 - DEBUG: python_utils-1.10.4
2024-07-10 06:49:51.368364546 - DEBUG: python_utils-1.10.5
2024-07-10 06:49:51.368433946 - DEBUG: python_utils-1.10.6
2024-07-10 06:49:51.368501923 - DEBUG: python_utils-1.10.7
2024-07-10 06:49:51.368555484 - DEBUG: python_utils-1.10.8
2024-07-10 06:49:51.368640826 - DEBUG: python_utils-1.11.0
2024-07-10 06:49:51.368710265 - DEBUG: python_utils-1.11.1
2024-07-10 06:49:51.368775736 - DEBUG: python_utils-1.12.0
2024-07-10 06:49:51.368841889 - DEBUG: python_utils-1.12.1
2024-07-10 06:49:51.368903625 - DEBUG: python_utils-1.13.0
2024-07-10 06:49:51.369000388 - DEBUG: carbon-1.0.1
2024-07-10 06:49:51.369881424 - DEBUG: carbon-1.1.0
2024-07-10 06:49:51.370993880 - DEBUG: carbon-1.1.1
2024-07-10 06:49:51.372093458 - DEBUG: carbon-1.1.3
2024-07-10 06:49:51.373010232 - DEBUG: carbon-1.1.4
2024-07-10 06:49:51.373840721 - DEBUG: carbon-1.1.5
2024-07-10 06:49:51.374701471 - DEBUG: carbon-1.1.6
2024-07-10 06:49:51.375736593 - DEBUG: carbon-1.1.7
2024-07-10 06:49:51.376879257 - DEBUG: guerilla_utils-1.0.0
2024-07-10 06:49:51.376955480 - DEBUG: networkx-2.2
2024-07-10 06:49:51.377750295 - DEBUG: guerilla_utils-1.0.1
2024-07-10 06:49:51.378596812 - DEBUG: guerilla_utils-1.1.0
2024-07-10 06:49:51.379594324 - DEBUG: guerilla_utils-1.2.0
2024-07-10 06:49:51.380749320 - DEBUG: networkx-1.11
2024-07-10 06:49:51.380796487 - DEBUG: decorator-4.4.2
2024-07-10 06:49:51.380811483 - DEBUG: decorator-5.1.1
2024-07-10 06:49:51.380826772 - DEBUG: guerilla_utils-1.3.0
2024-07-10 06:49:51.381760793 - DEBUG: guerilla_utils-1.4.0
2024-07-10 06:49:51.382710038 - DEBUG: guerilla_utils-1.5.0
2024-07-10 06:49:51.383681278 - DEBUG: guerilla_utils-1.6.0
2024-07-10 06:49:51.384638446 - DEBUG: guerilla_utils-1.7.0
2024-07-10 06:49:51.385595111 - DEBUG: guerilla_utils-1.8.0
2024-07-10 06:49:51.386545411 - DEBUG: guerilla_utils-1.8.1
2024-07-10 06:49:51.387515805 - DEBUG: guerilla_utils-1.9.0
2024-07-10 06:49:51.388478184 - DEBUG: guerilla_utils-1.9.1
2024-07-10 06:49:51.388534984 - DEBUG: networkx-2.6.3
2024-07-10 06:49:51.388544867 - DEBUG: networkx-2.8.8
2024-07-10 06:49:51.389457615 - DEBUG: guerilla_utils-1.9.2
2024-07-10 06:49:51.390431448 - DEBUG: guerilla_utils-1.9.3
2024-07-10 06:49:51.391449364 - DEBUG: qt_utils-1.0.1
2024-07-10 06:49:51.392494407 - DEBUG: python_patch2run3-1.0.0
2024-07-10 06:49:51.392530993 - DEBUG: python_patch2run3-1.1.0
2024-07-10 06:49:51.392555081 - DEBUG: python_patch2run3-1.2.0
2024-07-10 06:49:51.392577231 - DEBUG: python_patch2run3-1.2.1
2024-07-10 06:49:51.392613745 - DEBUG: python_patch2run3-1.2.2
2024-07-10 06:49:51.392637060 - DEBUG: python_patch2run3-1.3.0
2024-07-10 06:49:51.392660559 - DEBUG: python_patch2run3-1.3.1
2024-07-10 06:49:51.392684534 - DEBUG: python_patch2run3-1.3.2
2024-07-10 06:49:51.392712708 - DEBUG: python_patch2run3-1.4.0
2024-07-10 06:49:51.392742364 - DEBUG: python_patch2run3-1.4.1
2024-07-10 06:49:51.392769461 - DEBUG: python_patch2run3-1.5.0
2024-07-10 06:49:51.392795365 - DEBUG: python_patch2run3-1.6.0
2024-07-10 06:49:51.392826554 - DEBUG: python_patch2run3-1.6.1
2024-07-10 06:49:51.392854250 - DEBUG: python_patch2run3-1.6.2
2024-07-10 06:49:51.392924892 - DEBUG: qt_utils-1.0.2
2024-07-10 06:49:51.393857241 - DEBUG: qt_utils-1.0.3
2024-07-10 06:49:51.394785444 - DEBUG: qt_utils-1.0.4
2024-07-10 06:49:51.395720594 - DEBUG: qt_utils-1.1.0
2024-07-10 06:49:51.396863426 - DEBUG: qt_utils-1.1.1
2024-07-10 06:49:51.398030984 - DEBUG: qt_utils-1.1.2
2024-07-10 06:49:51.399245528 - DEBUG: qt_utils-1.2.0
2024-07-10 06:49:51.400418810 - DEBUG: qt_utils-1.2.1
2024-07-10 06:49:51.401593979 - DEBUG: qt_utils-1.3.0
2024-07-10 06:49:51.402925560 - DEBUG: fastoche_guerilla-1.0.0
2024-07-10 06:49:51.403037248 - DEBUG: click-6.7
2024-07-10 06:49:51.403240627 - DEBUG: os_utils-1.0.2
2024-07-10 06:49:51.403508576 - DEBUG: os_utils-1.0.3
2024-07-10 06:49:51.404483364 - DEBUG: psutil-5.4.0
2024-07-10 06:49:51.404577426 - DEBUG: psutil-5.9.4
2024-07-10 06:49:51.404815470 - DEBUG: os_utils-1.0.4
2024-07-10 06:49:51.405048665 - DEBUG: os_utils-1.1.0
2024-07-10 06:49:51.405275096 - DEBUG: os_utils-1.2.0
2024-07-10 06:49:51.405553234 - DEBUG: os_utils-1.3.0
2024-07-10 06:49:51.406735451 - DEBUG: os_utils-1.4.0
2024-07-10 06:49:51.407049376 - DEBUG: os_utils-1.4.1
2024-07-10 06:49:51.408368488 - DEBUG: os_utils-1.5.0
2024-07-10 06:49:51.409596881 - DEBUG: os_utils-1.5.1
2024-07-10 06:49:51.409883657 - DEBUG: os_utils-1.6.0
2024-07-10 06:49:51.410132799 - DEBUG: os_utils-1.6.1
2024-07-10 06:49:51.410355766 - DEBUG: os_utils-1.6.2
2024-07-10 06:49:51.411630929 - DEBUG: os_utils-1.6.3
2024-07-10 06:49:51.412617639 - DEBUG: os_utils-1.7.0
2024-07-10 06:49:51.413604893 - DEBUG: os_utils-1.7.1
2024-07-10 06:49:51.414648187 - DEBUG: os_utils-1.8.0
2024-07-10 06:49:51.415702857 - DEBUG: os_utils-1.9.0
2024-07-10 06:49:51.416887537 - DEBUG: os_utils-1.9.1
2024-07-10 06:49:51.417929198 - DEBUG: os_utils-1.9.2
2024-07-10 06:49:51.418934526 - DEBUG: os_utils-1.9.3
2024-07-10 06:49:51.420037268 - DEBUG: os_utils-1.9.4
2024-07-10 06:49:51.421323274 - DEBUG: fortiche_core-1.1.0
2024-07-10 06:49:51.422623297 - DEBUG: sentry_sdk-0.10.2
2024-07-10 06:49:51.422698335 - DEBUG: python_dependency_scan-1.0.0
2024-07-10 06:49:51.422813861 - DEBUG: importlib_metadata-1.6.0
2024-07-10 06:49:51.422838523 - DEBUG: zipp-1.2.0
2024-07-10 06:49:51.422849157 - DEBUG: zipp-3.15.0
2024-07-10 06:49:51.422861069 - DEBUG: pyyed-1.4.3
2024-07-10 06:49:51.422877017 - DEBUG: pyasn1-0.4.8
2024-07-10 06:49:51.423013481 - DEBUG: more_itertools-4.1.0
2024-07-10 06:49:51.423057111 - DEBUG: python_dependency_scan-1.0.1
2024-07-10 06:49:51.423235949 - DEBUG: python_dependency_scan-1.0.2
2024-07-10 06:49:51.423451831 - DEBUG: python_dependency_scan-1.0.3
2024-07-10 06:49:51.423629637 - DEBUG: pydeps-1.10.12
2024-07-10 06:49:51.423654245 - DEBUG: stdlib_list-0.8.0
2024-07-10 06:49:51.423696127 - DEBUG: python_dependency_scan-1.0.4
2024-07-10 06:49:51.423806790 - DEBUG: importlib_metadata-1.7.0
2024-07-10 06:49:51.423838101 - DEBUG: pyyed-1.5.0
2024-07-10 06:49:51.423867018 - DEBUG: enum34-1.1.10
2024-07-10 06:49:51.423888307 - DEBUG: python_dependency_scan-1.1.0
2024-07-10 06:49:51.424044778 - DEBUG: python_dependency_scan-1.1.1
2024-07-10 06:49:51.424426783 - DEBUG: python_dependency_scan-1.1.2
2024-07-10 06:49:51.424762684 - DEBUG: python_dependency_scan-1.1.3
2024-07-10 06:49:51.425097032 - DEBUG: python_dependency_scan-1.1.4
2024-07-10 06:49:51.425419937 - DEBUG: python_dependency_scan-1.1.5
2024-07-10 06:49:51.425743297 - DEBUG: python_dependency_scan-1.1.6
2024-07-10 06:49:51.426122334 - DEBUG: numpy-1.16.4
2024-07-10 06:49:51.426173459 - DEBUG: termcolor-1.1.0
2024-07-10 06:49:51.426308007 - DEBUG: jsmin-2.2.2
2024-07-10 06:49:51.426394417 - DEBUG: fortiche_core-1.1.1
2024-07-10 06:49:51.428428906 - DEBUG: fortiche_core-1.2.0
2024-07-10 06:49:51.430321939 - DEBUG: fortiche_core-1.3.0
2024-07-10 06:49:51.432047845 - DEBUG: fortiche_core-1.3.1
2024-07-10 06:49:51.433685230 - DEBUG: fortiche_core-1.3.2
2024-07-10 06:49:51.435653535 - DEBUG: fortiche_core-1.3.3
2024-07-10 06:49:51.437389364 - DEBUG: fortiche_core-1.3.4
2024-07-10 06:49:51.437625416 - DEBUG: numpy-1.16.6
2024-07-10 06:49:51.437681901 - DEBUG: numpy-1.21.6
2024-07-10 06:49:51.438588777 - DEBUG: scandir-1.10.0
2024-07-10 06:49:51.439194826 - DEBUG: fortiche_core-1.3.5
2024-07-10 06:49:51.440777574 - DEBUG: fortiche_core-1.3.6
2024-07-10 06:49:51.442339968 - DEBUG: fortiche_core-1.4.0
2024-07-10 06:49:51.443950853 - DEBUG: click-8.1.3
2024-07-10 06:49:51.444190388 - DEBUG: fortiche_core-1.4.1
2024-07-10 06:49:51.445706106 - DEBUG: fortiche_core-1.5.0
2024-07-10 06:49:51.447250309 - DEBUG: fortiche_core-1.6.0
2024-07-10 06:49:51.448907717 - DEBUG: fortiche_core-1.6.1
2024-07-10 06:49:51.450470537 - DEBUG: fortiche_core-1.7.0
2024-07-10 06:49:51.452249066 - DEBUG: fortiche_core-1.7.1
2024-07-10 06:49:51.453732514 - DEBUG: fortiche_core-1.8.0
2024-07-10 06:49:51.455367271 - DEBUG: fortiche_core-1.8.1
2024-07-10 06:49:51.456865875 - DEBUG: fortiche_core-1.8.2
2024-07-10 06:49:51.458432969 - DEBUG: fortiche_core-1.8.3
2024-07-10 06:49:51.460204237 - DEBUG: fortiche_core-1.9.0
2024-07-10 06:49:51.461742958 - DEBUG: fortiche_core-1.9.1
2024-07-10 06:49:51.463324793 - DEBUG: fortiche_core-1.10.0
2024-07-10 06:49:51.464826459 - DEBUG: fortiche_core-1.10.1
2024-07-10 06:49:51.466492710 - DEBUG: fortiche_core-1.11.0
2024-07-10 06:49:51.468169086 - DEBUG: fortiche_core-1.11.1
2024-07-10 06:49:51.469650531 - DEBUG: fortiche_core-1.11.2
2024-07-10 06:49:51.471134389 - DEBUG: fortiche_core-1.11.3
2024-07-10 06:49:51.472753326 - DEBUG: fortiche_core-1.11.4
2024-07-10 06:49:51.474662043 - DEBUG: fortiche_core-1.12.0
2024-07-10 06:49:51.476532189 - DEBUG: fortiche_core-1.13.0
2024-07-10 06:49:51.478111277 - DEBUG: fortiche_core-1.14.0
2024-07-10 06:49:51.479796510 - DEBUG: fortiche_core-1.14.1
2024-07-10 06:49:51.481396885 - DEBUG: fortiche_core-1.14.2
2024-07-10 06:49:51.483052399 - DEBUG: fortiche_core-1.15.0
2024-07-10 06:49:51.484672115 - DEBUG: fortiche_core-1.16.0
2024-07-10 06:49:51.486178602 - DEBUG: fortiche_core-1.17.0
2024-07-10 06:49:51.487838803 - DEBUG: fortiche_core-1.18.0
2024-07-10 06:49:51.489566122 - DEBUG: fortiche_core-1.19.0
2024-07-10 06:49:51.491213673 - DEBUG: fortiche_core-1.20.0
2024-07-10 06:49:51.492842395 - DEBUG: fortiche_core-1.20.1
2024-07-10 06:49:51.494545884 - DEBUG: fortiche_core-1.20.2
2024-07-10 06:49:51.496208019 - DEBUG: fortiche_core-1.21.0
2024-07-10 06:49:51.497828211 - DEBUG: fortiche_core-1.21.1
2024-07-10 06:49:51.499545389 - DEBUG: fortiche_core-1.22.0
2024-07-10 06:49:51.501459560 - DEBUG: fortiche_core-1.23.0
2024-07-10 06:49:51.503551930 - DEBUG: fastoche_core-1.1.0
2024-07-10 06:49:51.506371402 - DEBUG: horizon-1.0.0
2024-07-10 06:49:51.508654822 - DEBUG: horizon-1.1.0
2024-07-10 06:49:51.510928877 - DEBUG: horizon-1.1.1
2024-07-10 06:49:51.513073474 - DEBUG: horizon-1.2.0
2024-07-10 06:49:51.515261990 - DEBUG: horizon-1.3.0
2024-07-10 06:49:51.516275589 - DEBUG: fortiche_qt-1.0.0
2024-07-10 06:49:51.517612129 - DEBUG: fortiche_qt-1.0.1
2024-07-10 06:49:51.519080706 - DEBUG: fortiche_qt-1.0.2
2024-07-10 06:49:51.521693414 - DEBUG: horizon-1.3.1
2024-07-10 06:49:51.524005802 - DEBUG: horizon-1.3.2
2024-07-10 06:49:51.526208218 - DEBUG: horizon-1.4.0
2024-07-10 06:49:51.528496727 - DEBUG: horizon-1.4.1
2024-07-10 06:49:51.530714374 - DEBUG: horizon-1.5.0
2024-07-10 06:49:51.533051743 - DEBUG: horizon-1.6.0
2024-07-10 06:49:51.535378272 - DEBUG: horizon-1.7.0
2024-07-10 06:49:51.537723414 - DEBUG: horizon-1.7.1
2024-07-10 06:49:51.540012493 - DEBUG: horizon-1.8.0
2024-07-10 06:49:51.542166961 - DEBUG: horizon-1.9.0
2024-07-10 06:49:51.544357537 - DEBUG: horizon-1.10.0
2024-07-10 06:49:51.546710181 - DEBUG: fortiche_shotgun-1.1.0
2024-07-10 06:49:51.546969697 - DEBUG: ffmpeg_utils-1.1.0
2024-07-10 06:49:51.547514700 - DEBUG: ffmpeg_utils-1.2.0
2024-07-10 06:49:51.547920619 - DEBUG: ffmpeg_utils-1.3.0
2024-07-10 06:49:51.548268102 - DEBUG: ffmpeg_utils-1.3.1
2024-07-10 06:49:51.548729087 - DEBUG: ffmpeg_utils-1.3.2
2024-07-10 06:49:51.549155035 - DEBUG: ffmpeg_utils-1.3.3
2024-07-10 06:49:51.549559982 - DEBUG: ffmpeg_utils-1.4.0
2024-07-10 06:49:51.549985979 - DEBUG: ffmpeg_utils-1.4.1
2024-07-10 06:49:51.550408884 - DEBUG: ffmpeg_utils-1.5.0
2024-07-10 06:49:51.550868408 - DEBUG: ffmpeg_utils-1.5.1
2024-07-10 06:49:51.551275622 - DEBUG: ffmpeg_utils-1.6.0
2024-07-10 06:49:51.551727667 - DEBUG: nested_dict-1.61
2024-07-10 06:49:51.551784901 - DEBUG: cffi-1.15.0
2024-07-10 06:49:51.551797300 - DEBUG: cffi-1.15.1
2024-07-10 06:49:51.551813608 - DEBUG: idna-2.10
2024-07-10 06:49:51.551844873 - DEBUG: idna-3.3
2024-07-10 06:49:51.551854036 - DEBUG: idna-3.4
2024-07-10 06:49:51.551862342 - DEBUG: idna-3.7
2024-07-10 06:49:51.551872773 - DEBUG: asn1crypto-1.5.1
2024-07-10 06:49:51.553367697 - DEBUG: shotgun_utils-1.0.0
2024-07-10 06:49:51.553399709 - DEBUG: shotgun_utils-1.1.0
2024-07-10 06:49:51.553417885 - DEBUG: shotgun_utils-1.1.1
2024-07-10 06:49:51.553434609 - DEBUG: shotgun_utils-1.2.0
2024-07-10 06:49:51.553468242 - DEBUG: shotgun_utils-1.3.0
2024-07-10 06:49:51.553484472 - DEBUG: shotgun_utils-1.3.1
2024-07-10 06:49:51.553734944 - DEBUG: shotgun_utils-1.3.2
2024-07-10 06:49:51.553964805 - DEBUG: shotgun_utils-1.3.3
2024-07-10 06:49:51.554227583 - DEBUG: ntplib-0.3.4
2024-07-10 06:49:51.554248059 - DEBUG: boto3-1.17.112
2024-07-10 06:49:51.554310819 - DEBUG: botocore-1.20.112
2024-07-10 06:49:51.554381641 - DEBUG: jmespath-0.10.0
2024-07-10 06:49:51.554461815 - DEBUG: s3transfer-0.4.2
2024-07-10 06:49:51.554507851 - DEBUG: botocore-1.29.130
2024-07-10 06:49:51.554545242 - DEBUG: boto3-1.26.130
2024-07-10 06:49:51.554615923 - DEBUG: shotgun_sglink_launcher-1.0.0
2024-07-10 06:49:51.556097574 - DEBUG: shotgun_sglink_launcher-1.1.0
2024-07-10 06:49:51.557687378 - DEBUG: shotgun_sglink_launcher-1.1.1
2024-07-10 06:49:51.559399829 - DEBUG: shotgun_sglink_launcher-1.2.0
2024-07-10 06:49:51.560986527 - DEBUG: shotgun_sglink_launcher-1.2.1
2024-07-10 06:49:51.562413888 - DEBUG: shotgun_sglink_launcher-1.2.2
2024-07-10 06:49:51.564125011 - DEBUG: shotgun_sglink_launcher-1.2.3
2024-07-10 06:49:51.565892799 - DEBUG: shotgun_sglink_launcher-1.3.0
2024-07-10 06:49:51.568412533 - DEBUG: shotgun_sglink_launcher-1.3.1
2024-07-10 06:49:51.571519615 - DEBUG: shotgun_sglink_launcher-1.3.2
2024-07-10 06:49:51.574450339 - DEBUG: shotgun_sglink_launcher-1.3.3
2024-07-10 06:49:51.577422186 - DEBUG: shotgun_sglink_launcher-1.3.4
2024-07-10 06:49:51.580451853 - DEBUG: app_launcher-1.1.0
2024-07-10 06:49:51.581749653 - DEBUG: app_launcher-1.3.0
2024-07-10 06:49:51.583054940 - DEBUG: app_launcher-1.4.0
2024-07-10 06:49:51.584364166 - DEBUG: app_launcher-1.4.1
2024-07-10 06:49:51.585664458 - DEBUG: app_launcher-1.5.0
2024-07-10 06:49:51.586913624 - DEBUG: app_launcher-1.6.0
2024-07-10 06:49:51.588228577 - DEBUG: app_launcher-1.6.1
2024-07-10 06:49:51.589491721 - DEBUG: app_launcher-1.7.0
2024-07-10 06:49:51.590718158 - DEBUG: app_launcher-1.8.0
2024-07-10 06:49:51.592119313 - DEBUG: app_launcher-1.9.0
2024-07-10 06:49:51.593386765 - DEBUG: app_launcher-1.9.1
2024-07-10 06:49:51.594618550 - DEBUG: app_launcher-1.9.2
2024-07-10 06:49:51.595922761 - DEBUG: app_launcher-1.10.0
2024-07-10 06:49:51.597190229 - DEBUG: app_launcher-1.11.0
2024-07-10 06:49:51.598435926 - DEBUG: app_launcher-1.12.0
2024-07-10 06:49:51.599876557 - DEBUG: app_launcher-1.13.0
2024-07-10 06:49:51.601295382 - DEBUG: app_launcher-1.14.0
2024-07-10 06:49:51.602548107 - DEBUG: app_launcher-1.15.0
2024-07-10 06:49:51.603819785 - DEBUG: app_launcher-1.16.0
2024-07-10 06:49:51.605121688 - DEBUG: app_launcher-1.17.0
2024-07-10 06:49:51.606425048 - DEBUG: app_launcher-1.18.0
2024-07-10 06:49:51.607747644 - DEBUG: app_launcher-1.19.0
2024-07-10 06:49:51.609021074 - DEBUG: app_launcher-1.20.0
2024-07-10 06:49:51.610230916 - DEBUG: app_launcher-1.21.0
2024-07-10 06:49:51.611692395 - DEBUG: app_launcher-1.22.0
2024-07-10 06:49:51.612916962 - DEBUG: app_launcher-1.23.0
2024-07-10 06:49:51.614193579 - DEBUG: app_launcher-1.24.0
2024-07-10 06:49:51.615537910 - DEBUG: app_launcher-1.25.0
2024-07-10 06:49:51.616807508 - DEBUG: app_launcher-1.26.0
2024-07-10 06:49:51.618078294 - DEBUG: app_launcher-1.26.1
2024-07-10 06:49:51.619387269 - DEBUG: app_launcher-1.27.0
2024-07-10 06:49:51.620835306 - DEBUG: app_launcher-1.28.0
2024-07-10 06:49:51.622172332 - DEBUG: app_launcher-1.28.1
2024-07-10 06:49:51.623512043 - DEBUG: app_launcher-1.28.2
2024-07-10 06:49:51.625719468 - DEBUG: fortiche_shotgun-1.2.0
2024-07-10 06:49:51.629391358 - DEBUG: fortiche_shotgun-1.3.0
2024-07-10 06:49:51.632787772 - DEBUG: fortiche_shotgun-1.3.1
2024-07-10 06:49:51.636506582 - DEBUG: fortiche_shotgun-1.4.0
2024-07-10 06:49:51.640134300 - DEBUG: fortiche_shotgun-1.4.1
2024-07-10 06:49:51.643805609 - DEBUG: fortiche_shotgun-1.4.2
2024-07-10 06:49:51.647279904 - DEBUG: fortiche_shotgun-1.5.0
2024-07-10 06:49:51.650671419 - DEBUG: fortiche_shotgun-1.6.0
2024-07-10 06:49:51.654122673 - DEBUG: fortiche_shotgun-1.7.0
2024-07-10 06:49:51.657402295 - DEBUG: fortiche_shotgun-1.7.1
2024-07-10 06:49:51.657657363 - DEBUG: ntplib-0.4.0
2024-07-10 06:49:51.660990395 - DEBUG: fortiche_shotgun-1.8.0
2024-07-10 06:49:51.664349256 - DEBUG: fortiche_shotgun-1.9.0
2024-07-10 06:49:51.667947747 - DEBUG: fortiche_shotgun-1.9.1
2024-07-10 06:49:51.671686233 - DEBUG: fortiche_shotgun-1.9.2
2024-07-10 06:49:51.675620860 - DEBUG: fortiche_shotgun-1.10.0
2024-07-10 06:49:51.679368494 - DEBUG: fortiche_shotgun-1.11.0
2024-07-10 06:49:51.683053623 - DEBUG: fortiche_shotgun-1.11.1
2024-07-10 06:49:51.686789570 - DEBUG: fortiche_shotgun-1.12.0
2024-07-10 06:49:51.690771159 - DEBUG: fortiche_shotgun-1.12.1
2024-07-10 06:49:51.694704620 - DEBUG: fortiche_shotgun-1.12.2
2024-07-10 06:49:51.698236628 - DEBUG: fortiche_shotgun-1.12.3
2024-07-10 06:49:51.701837809 - DEBUG: fortiche_shotgun-1.12.4
2024-07-10 06:49:51.705308863 - DEBUG: fortiche_shotgun-1.13.0
2024-07-10 06:49:51.709040124 - DEBUG: fortiche_shotgun-1.14.0
2024-07-10 06:49:51.712661186 - DEBUG: fortiche_shotgun-1.15.0
2024-07-10 06:49:51.716207923 - DEBUG: fortiche_shotgun-1.16.0
2024-07-10 06:49:51.719885527 - DEBUG: fortiche_shotgun-1.16.1
2024-07-10 06:49:51.723523150 - DEBUG: fortiche_shotgun-1.17.0
2024-07-10 06:49:51.727446148 - DEBUG: fortiche_shotgun-1.18.0
2024-07-10 06:49:51.731557641 - DEBUG: fortiche_shotgun-1.18.1
2024-07-10 06:49:51.735407449 - DEBUG: fortiche_shotgun-1.19.0
2024-07-10 06:49:51.739115349 - DEBUG: fortiche_shotgun-1.19.1
2024-07-10 06:49:51.742712057 - DEBUG: fortiche_shotgun-1.20.0
2024-07-10 06:49:51.746717217 - DEBUG: fortiche_shotgun-1.21.0
2024-07-10 06:49:51.750512631 - DEBUG: fortiche_shotgun-1.21.1
2024-07-10 06:49:51.754148983 - DEBUG: fortiche_shotgun-1.22.0
2024-07-10 06:49:51.757687248 - DEBUG: fortiche_shotgun-1.23.0
2024-07-10 06:49:51.761560942 - DEBUG: fortiche_shotgun-1.24.0
2024-07-10 06:49:51.765135988 - DEBUG: fortiche_shotgun-1.24.1
2024-07-10 06:49:51.768615653 - DEBUG: fortiche_shotgun-1.24.2
2024-07-10 06:49:51.772167350 - DEBUG: fortiche_shotgun-1.24.3
2024-07-10 06:49:51.775770729 - DEBUG: fortiche_shotgun-1.24.4
2024-07-10 06:49:51.779586809 - DEBUG: fortiche_shotgun-1.24.5
2024-07-10 06:49:51.783027091 - DEBUG: fastoche_core-1.1.1
2024-07-10 06:49:51.787420010 - DEBUG: fastoche_core-1.1.2
2024-07-10 06:49:51.791804895 - DEBUG: fastoche_core-1.1.3
2024-07-10 06:49:51.796145072 - DEBUG: fastoche_core-1.1.4
2024-07-10 06:49:51.800328845 - DEBUG: fastoche_core-1.1.5
2024-07-10 06:49:51.804588611 - DEBUG: fastoche_core-1.2.0
2024-07-10 06:49:51.808950487 - DEBUG: fastoche_core-1.2.1
2024-07-10 06:49:51.813164105 - DEBUG: fastoche_core-1.3.0
2024-07-10 06:49:51.817395671 - DEBUG: fastoche_core-1.3.1
2024-07-10 06:49:51.818784828 - DEBUG: OpenTimelineIO-0.14.0
2024-07-10 06:49:51.818802391 - DEBUG: OpenTimelineIO-0.14.0-inside-nuke-13.2-pkg.0
2024-07-10 06:49:51.818835033 - DEBUG: rez-2.104.7
2024-07-10 06:49:51.819011715 - DEBUG: python-2.7-inside-fbox-pkg.0
2024-07-10 06:49:51.819141275 - DEBUG: PySide2-5.12-inside-mari-5.0-pkg.0
2024-07-10 06:49:51.819208944 - DEBUG: shiboken2-5.12.0
2024-07-10 06:49:51.819295648 - DEBUG: PySide2-5.12.0
2024-07-10 06:49:51.819337841 - DEBUG: PySide2-5.12.6-inside-nuke-13.2-pkg.0
2024-07-10 06:49:51.819377228 - DEBUG: PySide2-5.15-inside-nuke-14.0-pkg.0
2024-07-10 06:49:51.819419149 - DEBUG: PySide2-5.15.2-inside-houdini-19.5-pkg.0
2024-07-10 06:49:51.819481267 - DEBUG: PySide2-5.15.2.1
2024-07-10 06:49:51.819528071 - DEBUG: shiboken2-5.15.2.1
2024-07-10 06:49:51.819621903 - DEBUG: PySide2-5.15.2.1-pkg.1
2024-07-10 06:49:51.819670951 - DEBUG: python-2.7-inside-guerilla-2.3-pkg.0
2024-07-10 06:49:51.819814607 - DEBUG: PySide2-5.15.2-inside-maya-2022-pkg.0
2024-07-10 06:49:51.819874599 - DEBUG: python-2.7-inside-maya-2018-pkg.0
2024-07-10 06:49:51.820022689 - DEBUG: OpenTimelineIO-0.14.1
2024-07-10 06:49:51.820046292 - DEBUG: OpenTimelineIO-0.15-inside-nuke-14.0-pkg.0
2024-07-10 06:49:51.820088971 - DEBUG: OpenTimelineIO-0.15.0
2024-07-10 06:49:51.820214310 - DEBUG: python-2.7-inside-maya-2022-pkg.0
2024-07-10 06:49:51.820469039 - DEBUG: python-2.7-pkg.0
2024-07-10 06:49:51.820627847 - DEBUG: python-2.7-pkg.1
2024-07-10 06:49:51.820785770 - DEBUG: python-3.7-inside-mari-5.0-pkg.0
2024-07-10 06:49:51.820934800 - DEBUG: python-3.7-inside-mari-5.0-pkg.1
2024-07-10 06:49:51.821081223 - DEBUG: python-3.7-inside-mari-5.0-pkg.2
2024-07-10 06:49:51.821248206 - DEBUG: python-3.7-inside-maya-2022-pkg.0
2024-07-10 06:49:51.821528936 - DEBUG: python-3.7-inside-maya-2022-pkg.1
2024-07-10 06:49:51.821675453 - DEBUG: python-3.7-inside-maya-2022-pkg.2
2024-07-10 06:49:51.821847375 - DEBUG: python-3.7-inside-nuke-13.2-pkg.0
2024-07-10 06:49:51.822104051 - DEBUG: python-3.7-inside-nuke-13.2-pkg.1
2024-07-10 06:49:51.822261227 - DEBUG: python-3.7-pkg.0
2024-07-10 06:49:51.822427115 - DEBUG: python-3.7-pkg.1
2024-07-10 06:49:51.822674972 - DEBUG: python-3.9-inside-houdini-19.5-pkg.0
2024-07-10 06:49:51.822832942 - DEBUG: python-3.9-inside-houdini-19.5-pkg.1
2024-07-10 06:49:51.823026247 - DEBUG: python-3.9-inside-nuke-14.0-pkg.0
2024-07-10 06:49:51.823301094 - DEBUG: python-3.9-inside-nuke-14.0-pkg.1
2024-07-10 06:49:51.823479905 - DEBUG: python-3.9-pkg.0
2024-07-10 06:49:51.823663618 - DEBUG: python-3.9-pkg.1
2024-07-10 06:49:51.823828200 - DEBUG: python-3.10-inside-blender-3.6-pkg.0
2024-07-10 06:49:51.827190389 - DEBUG: fastoche_core-1.3.2
2024-07-10 06:49:51.831670144 - DEBUG: fastoche_core-1.4.0
2024-07-10 06:49:51.835916462 - DEBUG: fastoche_core-1.5.0
2024-07-10 06:49:51.840276854 - DEBUG: fastoche_core-1.6.0
2024-07-10 06:49:51.844813094 - DEBUG: fastoche_core-1.6.1
2024-07-10 06:49:51.849347888 - DEBUG: fastoche_core-1.6.2
2024-07-10 06:49:51.853647874 - DEBUG: fastoche_core-1.7.0
2024-07-10 06:49:51.858251830 - DEBUG: fastoche_core-1.7.1
2024-07-10 06:49:51.862710026 - DEBUG: fastoche_core-1.7.2
2024-07-10 06:49:51.867263991 - DEBUG: fastoche_core-1.7.3
2024-07-10 06:49:51.871691387 - DEBUG: fastoche_core-1.7.4
2024-07-10 06:49:51.876418975 - DEBUG: fastoche_core-1.7.5
2024-07-10 06:49:51.881588958 - DEBUG: fastoche_core-1.8.0
2024-07-10 06:49:51.886722254 - DEBUG: fastoche_core-1.9.0
2024-07-10 06:49:51.891776525 - DEBUG: fastoche_core-1.9.1
2024-07-10 06:49:51.896513875 - DEBUG: fastoche_core-1.9.2
2024-07-10 06:49:51.901262613 - DEBUG: fastoche_core-1.9.3
2024-07-10 06:49:51.905709239 - DEBUG: fastoche_core-1.9.4
2024-07-10 06:49:51.910349735 - DEBUG: fastoche_core-1.10.0
2024-07-10 06:49:51.915037580 - DEBUG: fastoche_core-1.10.1
2024-07-10 06:49:51.919935279 - DEBUG: fastoche_core-1.10.2
2024-07-10 06:49:51.924542818 - DEBUG: fastoche_core-1.11.0
2024-07-10 06:49:51.929164255 - DEBUG: fastoche_core-1.12.0
2024-07-10 06:49:51.933735884 - DEBUG: fastoche_core-1.13.0
2024-07-10 06:49:51.938274568 - DEBUG: fastoche_core-1.13.1
2024-07-10 06:49:51.942881790 - DEBUG: fastoche_core-1.14.0
2024-07-10 06:49:51.947729182 - DEBUG: fastoche_core-1.15.0
2024-07-10 06:49:51.952653972 - DEBUG: fastoche_core-1.16.0
2024-07-10 06:49:51.953322648 - DEBUG: MarkupSafe-1.1.1
2024-07-10 06:49:51.953426724 - DEBUG: MarkupSafe-2.0.1
2024-07-10 06:49:51.957457374 - DEBUG: fastoche_core-1.17.0
2024-07-10 06:49:51.962064403 - DEBUG: fastoche_core-1.17.1
2024-07-10 06:49:51.967344856 - DEBUG: fastoche_core-1.17.2
2024-07-10 06:49:51.972135180 - DEBUG: fastoche_core-1.18.0
2024-07-10 06:49:51.976798304 - DEBUG: fastoche_core-1.19.0
2024-07-10 06:49:51.983475254 - DEBUG: fastoche_guerilla-1.1.0
2024-07-10 06:49:51.988623907 - DEBUG: fastoche_guerilla-1.2.0
2024-07-10 06:49:51.993397252 - DEBUG: fastoche_guerilla-1.3.0
2024-07-10 06:49:51.998149622 - DEBUG: fastoche_guerilla-1.3.1
2024-07-10 06:49:52.003368509 - DEBUG: fastoche_guerilla-1.4.0
2024-07-10 06:49:52.008800090 - DEBUG: fastoche_guerilla-1.5.0
2024-07-10 06:49:52.013902647 - DEBUG: fastoche_guerilla-1.5.1
2024-07-10 06:49:52.019256935 - DEBUG: fastoche_guerilla-1.5.2
2024-07-10 06:49:52.024498718 - DEBUG: fastoche_guerilla-1.6.0
2024-07-10 06:49:52.030077882 - DEBUG: fastoche_guerilla-1.7.0
2024-07-10 06:49:52.035896228 - DEBUG: fastoche_guerilla-1.9.1
2024-07-10 06:49:52.041178963 - DEBUG: fastoche_guerilla-1.10.0
2024-07-10 06:49:52.046724514 - DEBUG: fastoche_guerilla-1.11.0
2024-07-10 06:49:52.052861539 - DEBUG: fastoche_guerilla-1.11.1
2024-07-10 06:49:52.058775105 - DEBUG: fastoche_guerilla-1.11.2
2024-07-10 06:49:52.064523593 - DEBUG: fastoche_guerilla-1.12.0
2024-07-10 06:49:52.070161461 - DEBUG: fastoche_guerilla-1.12.1
2024-07-10 06:49:52.075686290 - DEBUG: fastoche_guerilla-1.13.0
2024-07-10 06:49:52.081311078 - DEBUG: fastoche_guerilla-1.13.1
2024-07-10 06:49:52.086760119 - DEBUG: fastoche_guerilla-1.13.2
2024-07-10 06:49:52.092322001 - DEBUG: fastoche_guerilla-1.14.0
2024-07-10 06:49:52.097680543 - DEBUG: fastoche_guerilla-1.15.0
2024-07-10 06:49:52.103293510 - DEBUG: fastoche_guerilla-1.16.0
2024-07-10 06:49:52.109203808 - DEBUG: fastoche_guerilla-1.16.1
2024-07-10 06:49:52.114540375 - DEBUG: fastoche_guerilla-1.17.0
2024-07-10 06:49:52.120147223 - DEBUG: fastoche_guerilla-1.17.1
2024-07-10 06:49:52.125605344 - DEBUG: fastoche_guerilla-1.18.0
2024-07-10 06:49:52.130866260 - DEBUG: fastoche_guerilla-1.18.1
2024-07-10 06:49:52.136200510 - DEBUG: fastoche_guerilla-1.18.2
2024-07-10 06:49:52.141463241 - DEBUG: fastoche_guerilla-1.18.3
2024-07-10 06:49:52.146848480 - DEBUG: fastoche_guerilla-1.18.4
2024-07-10 06:49:52.152199848 - DEBUG: fastoche_guerilla-1.19.0
2024-07-10 06:49:52.157426200 - DEBUG: fastoche_guerilla-1.20.0
2024-07-10 06:49:52.162584755 - DEBUG: fastoche_guerilla-1.21.0
2024-07-10 06:49:52.168157899 - DEBUG: fastoche_guerilla-1.21.1
2024-07-10 06:49:52.175092772 - DEBUG: appy-1.0.0
2024-07-10 06:49:52.175391666 - DEBUG: templaters-1.0.0
2024-07-10 06:49:52.178025862 - DEBUG: templaters-1.1.0
2024-07-10 06:49:52.180667519 - DEBUG: templaters-1.1.1
2024-07-10 06:49:52.183301630 - DEBUG: templaters-1.2.0
2024-07-10 06:49:52.185888301 - DEBUG: templaters-1.2.1
2024-07-10 06:49:52.191128735 - DEBUG: cryptography-2.2.2
2024-07-10 06:49:52.191262890 - DEBUG: cryptography-2.2.2-pkg.0
2024-07-10 06:49:52.191274957 - DEBUG: cryptography-2.2.2-pkg.1
2024-07-10 06:49:52.191312410 - DEBUG: appy-1.0.1
2024-07-10 06:49:52.194206273 - DEBUG: appy-1.0.2
2024-07-10 06:49:52.197042748 - DEBUG: appy-1.0.3
2024-07-10 06:49:52.199965288 - DEBUG: appy-1.0.4
2024-07-10 06:49:52.202875536 - DEBUG: appy-1.1.0
2024-07-10 06:49:52.205712476 - DEBUG: appy-1.2.0
2024-07-10 06:49:52.206888714 - DEBUG: cryptography-2.9.2
2024-07-10 06:49:52.208783801 - DEBUG: appy-1.2.1
2024-07-10 06:49:52.211936416 - DEBUG: appy-1.3.0
2024-07-10 06:49:52.215377915 - DEBUG: appy-1.3.1
2024-07-10 06:49:52.218649070 - DEBUG: appy-1.3.2
2024-07-10 06:49:52.221691472 - DEBUG: appy-1.4.0
2024-07-10 06:49:52.224858323 - DEBUG: appy-1.5.0
2024-07-10 06:49:52.228023292 - DEBUG: appy-1.5.1
2024-07-10 06:49:52.230990644 - DEBUG: appy-1.5.2
2024-07-10 06:49:52.248782098 - DEBUG: fortiche_shotgun-2.0.0
2024-07-10 06:49:52.253149335 - DEBUG: fortiche_shotgun-2.0.1
2024-07-10 06:49:52.253426616 - DEBUG: ffmpeg_utils-2.0.0
2024-07-10 06:49:52.253850375 - DEBUG: ffmpeg_utils-2.0.1
2024-07-10 06:49:52.254005916 - DEBUG: os_utils-2.0.0
2024-07-10 06:49:52.255317124 - DEBUG: os_utils-2.0.1
2024-07-10 06:49:52.255858047 - DEBUG: python_utils-2.0.0
2024-07-10 06:49:52.255945403 - DEBUG: python_utils-2.0.1
2024-07-10 06:49:52.256004687 - DEBUG: python_utils-2.0.2
2024-07-10 06:49:52.256073528 - DEBUG: python_utils-2.0.3
2024-07-10 06:49:52.256125911 - DEBUG: python_utils-2.1.0
2024-07-10 06:49:52.256196856 - DEBUG: python_utils-2.2.0
2024-07-10 06:49:52.256302670 - DEBUG: python_utils-2.2.1
2024-07-10 06:49:52.256377696 - DEBUG: ffmpeg_utils-2.1.0
2024-07-10 06:49:52.256591126 - DEBUG: shotgun_sglink_launcher-2.0.0
2024-07-10 06:49:52.257579410 - DEBUG: fortiche_core-2.0.0
2024-07-10 06:49:52.258335026 - DEBUG: qt_utils-2.0.0
2024-07-10 06:49:52.259839683 - DEBUG: qt_utils-2.0.1
2024-07-10 06:49:52.260732103 - DEBUG: jsmin-3.0.1
2024-07-10 06:49:52.260839491 - DEBUG: templating_utils-2.0.0
2024-07-10 06:49:52.261151388 - DEBUG: fishbowl-2.0.0
2024-07-10 06:49:52.261720945 - DEBUG: fishbowl-2.1.0
2024-07-10 06:49:52.262250286 - DEBUG: fishbowl-2.1.1
2024-07-10 06:49:52.262671739 - DEBUG: fishbowl-2.1.2
2024-07-10 06:49:52.263302648 - DEBUG: python_dependency_scan-2.0.0
2024-07-10 06:49:52.263746805 - DEBUG: fortiche_core-2.0.1
2024-07-10 06:49:52.264902545 - DEBUG: fortiche_core-2.0.2
2024-07-10 06:49:52.266144051 - DEBUG: fortiche_core-2.0.3
2024-07-10 06:49:52.267360263 - DEBUG: fortiche_core-2.1.0
2024-07-10 06:49:52.268541043 - DEBUG: fortiche_core-2.1.1
2024-07-10 06:49:52.269633755 - DEBUG: fortiche_core-2.2.0
2024-07-10 06:49:52.270707266 - DEBUG: fortiche_core-2.3.0
2024-07-10 06:49:52.272011274 - DEBUG: shotgun_utils-2.0.0
2024-07-10 06:49:52.273652662 - DEBUG: app_launcher-2.0.0
2024-07-10 06:49:52.274348417 - DEBUG: app_launcher-2.0.1
2024-07-10 06:49:52.274973505 - DEBUG: carbon-2.0.0
2024-07-10 06:50:06.291292528 - INFO: Context name: d0863c8c-d472-483a-852e-9492a24e5007
2024-07-10 06:51:03.276835839 - INFO: Context name: f554bb58-154b-4dae-acc0-add5707285d4
2024-07-10 06:51:03.281086983 - DEBUG: fortiche_shotgun-1.12.4
2024-07-10 06:51:03.281585372 - DEBUG: app_launcher-1.1.0
2024-07-10 06:51:03.281740229 - DEBUG: templating_utils-1.0.0
2024-07-10 06:51:03.281798778 - DEBUG: Jinja2-2.10
2024-07-10 06:51:03.281813624 - DEBUG: templating_utils-1.0.1
2024-07-10 06:51:03.281849027 - DEBUG: templating_utils-1.0.2
2024-07-10 06:51:03.281883739 - DEBUG: Jinja2-2.11.3
2024-07-10 06:51:03.281904400 - DEBUG: templating_utils-1.0.3
2024-07-10 06:51:03.282089433 - DEBUG: os_utils-1.0.1
2024-07-10 06:51:03.282357212 - DEBUG: fastoche_core-1.0.0
2024-07-10 06:51:03.282557697 - DEBUG: shotgun_api3-3.0.41
2024-07-10 06:51:03.282615954 - DEBUG: six-1.11.0
2024-07-10 06:51:03.282659270 - DEBUG: requests-2.13.0
2024-07-10 06:51:03.282727112 - DEBUG: urllib3-1.26.9
2024-07-10 06:51:03.282744256 - DEBUG: pycparser-2.21
2024-07-10 06:51:03.282760340 - DEBUG: et_xmlfile-1.0.1
2024-07-10 06:51:03.282799126 - DEBUG: smmap2-3.0.1
2024-07-10 06:51:03.282821910 - DEBUG: smmap-3.0.5
2024-07-10 06:51:03.282839333 - DEBUG: six-1.16.0
2024-07-10 06:51:03.282897635 - DEBUG: requests-2.27.1
2024-07-10 06:51:03.282988598 - DEBUG: urllib3-1.26.12
2024-07-10 06:51:03.283011039 - DEBUG: urllib3-1.26.15
2024-07-10 06:51:03.283036067 - DEBUG: certifi-2021.10.8
2024-07-10 06:51:03.283089469 - DEBUG: certifi-2022.5.18.1
2024-07-10 06:51:03.283175089 - DEBUG: certifi-2022.12.7
2024-07-10 06:51:03.283230261 - DEBUG: certifi-2023.5.7
2024-07-10 06:51:03.283294954 - DEBUG: certifi-2024.6.2
2024-07-10 06:51:03.283348645 - DEBUG: requests-2.28.2
2024-07-10 06:51:03.283362439 - DEBUG: requests-2.30.0
2024-07-10 06:51:03.283371742 - DEBUG: requests-2.31.0
2024-07-10 06:51:03.283380405 - DEBUG: requests-2.32.3
2024-07-10 06:51:03.283390963 - DEBUG: et_xmlfile-1.1.0
2024-07-10 06:51:03.283430549 - DEBUG: jdcal-1.4.1
2024-07-10 06:51:03.283444916 - DEBUG: timecode-1.3.1
2024-07-10 06:51:03.283611232 - DEBUG: httplib2-0.20.4
2024-07-10 06:51:03.283662112 - DEBUG: text_unidecode-1.2
2024-07-10 06:51:03.283777789 - DEBUG: uritemplate-3.0.1
2024-07-10 06:51:03.283826145 - DEBUG: google_auth_httplib2-0.1.0
2024-07-10 06:51:03.283863701 - DEBUG: google_auth-2.6.2
2024-07-10 06:51:03.283886208 - DEBUG: httplib2-0.11.3
2024-07-10 06:51:03.283979869 - DEBUG: python_dateutil-2.8.2
2024-07-10 06:51:03.284039204 - DEBUG: shotgun_api3-3.3.4
2024-07-10 06:51:03.284099080 - DEBUG: shotgun_api3-3.3.5
2024-07-10 06:51:03.284146056 - DEBUG: scandir-1.7
2024-07-10 06:51:03.284262001 - DEBUG: enum34-1.1.6
2024-07-10 06:51:03.284315684 - DEBUG: fishbowl-1.0.0
2024-07-10 06:51:03.284383282 - DEBUG: fishbowl-1.0.1
2024-07-10 06:51:03.284433514 - DEBUG: fishbowl-1.0.2
2024-07-10 06:51:03.284480705 - DEBUG: fishbowl-1.1.0
2024-07-10 06:51:03.284542275 - DEBUG: fishbowl-1.1.2
2024-07-10 06:51:03.284609151 - DEBUG: configparser-3.5.0
2024-07-10 06:51:03.284699453 - DEBUG: configparser-3.8.1
2024-07-10 06:51:03.284712198 - DEBUG: configparser-4.0.2
2024-07-10 06:51:03.284823042 - DEBUG: python_patch2run3-1.7.0
2024-07-10 06:51:03.284849726 - DEBUG: future-0.16.0
2024-07-10 06:51:03.284995795 - DEBUG: future-0.18.2
2024-07-10 06:51:03.285095064 - DEBUG: future-0.18.3
2024-07-10 06:51:03.285203136 - DEBUG: python_patch2run3-1.7.1
2024-07-10 06:51:03.285232092 - DEBUG: python_patch2run3-1.7.2
2024-07-10 06:51:03.285274479 - DEBUG: python_patch2run3-1.7.3
2024-07-10 06:51:03.285347483 - DEBUG: fishbowl-1.1.3
2024-07-10 06:51:03.285545863 - DEBUG: fishbowl-1.2.0
2024-07-10 06:51:03.285757083 - DEBUG: fishbowl-1.3.0
2024-07-10 06:51:03.286049978 - DEBUG: python_utils-1.0.0
2024-07-10 06:51:03.286166067 - DEBUG: carbon-1.0.0
2024-07-10 06:51:03.286542604 - DEBUG: python_utils-1.0.1
2024-07-10 06:51:03.286597982 - DEBUG: python_utils-1.0.2
2024-07-10 06:51:03.286637227 - DEBUG: python_utils-1.1.0
2024-07-10 06:51:03.286674815 - DEBUG: python_utils-1.2.1
2024-07-10 06:51:03.286727815 - DEBUG: python_utils-1.3.0
2024-07-10 06:51:03.286765090 - DEBUG: python_utils-1.4.0
2024-07-10 06:51:03.286818742 - DEBUG: python_utils-1.4.1
2024-07-10 06:51:03.286868072 - DEBUG: python_utils-1.4.2
2024-07-10 06:51:03.286948508 - DEBUG: python_utils-1.4.3
2024-07-10 06:51:03.286986146 - DEBUG: python_utils-1.5.0
2024-07-10 06:51:03.287025429 - DEBUG: python_utils-1.6.0
2024-07-10 06:51:03.287073240 - DEBUG: python_utils-1.6.1
2024-07-10 06:51:03.287120725 - DEBUG: python_utils-1.7.0
2024-07-10 06:51:03.287174694 - DEBUG: python_utils-1.7.1
2024-07-10 06:51:03.287215376 - DEBUG: python_utils-1.7.2
2024-07-10 06:51:03.287258619 - DEBUG: python_utils-1.8.0
2024-07-10 06:51:03.287298689 - DEBUG: python_utils-1.8.1
2024-07-10 06:51:03.287343295 - DEBUG: python_utils-1.8.2
2024-07-10 06:51:03.287388915 - DEBUG: python_utils-1.8.3
2024-07-10 06:51:03.287430588 - DEBUG: python_utils-1.8.4
2024-07-10 06:51:03.287491151 - DEBUG: python_utils-1.9.0
2024-07-10 06:51:03.287543103 - DEBUG: python_utils-1.10.0
2024-07-10 06:51:03.287594251 - DEBUG: python_utils-1.10.1
2024-07-10 06:51:03.287645240 - DEBUG: python_utils-1.10.2
2024-07-10 06:51:03.287697080 - DEBUG: python_utils-1.10.3
2024-07-10 06:51:03.287769205 - DEBUG: python_utils-1.10.4
2024-07-10 06:51:03.287825489 - DEBUG: python_utils-1.10.5
2024-07-10 06:51:03.287888189 - DEBUG: python_utils-1.10.6
2024-07-10 06:51:03.287974505 - DEBUG: python_utils-1.10.7
2024-07-10 06:51:03.288042028 - DEBUG: python_utils-1.10.8
2024-07-10 06:51:03.288097976 - DEBUG: python_utils-1.11.0
2024-07-10 06:51:03.288161875 - DEBUG: python_utils-1.11.1
2024-07-10 06:51:03.288251868 - DEBUG: python_utils-1.12.0
2024-07-10 06:51:03.288311688 - DEBUG: python_utils-1.12.1
2024-07-10 06:51:03.288370847 - DEBUG: python_utils-1.13.0
2024-07-10 06:51:03.288440425 - DEBUG: carbon-1.0.1
2024-07-10 06:51:03.289503727 - DEBUG: carbon-1.1.0
2024-07-10 06:51:03.290609488 - DEBUG: carbon-1.1.1
2024-07-10 06:51:03.291674578 - DEBUG: carbon-1.1.3
2024-07-10 06:51:03.292730299 - DEBUG: carbon-1.1.4
2024-07-10 06:51:03.293819055 - DEBUG: carbon-1.1.5
2024-07-10 06:51:03.294843349 - DEBUG: carbon-1.1.6
2024-07-10 06:51:03.295970695 - DEBUG: carbon-1.1.7
2024-07-10 06:51:03.297094678 - DEBUG: guerilla_utils-1.0.0
2024-07-10 06:51:03.297152010 - DEBUG: networkx-2.2
2024-07-10 06:51:03.298072317 - DEBUG: guerilla_utils-1.0.1
2024-07-10 06:51:03.299046044 - DEBUG: guerilla_utils-1.1.0
2024-07-10 06:51:03.300056151 - DEBUG: guerilla_utils-1.2.0
2024-07-10 06:51:03.300994803 - DEBUG: networkx-1.11
2024-07-10 06:51:03.301033041 - DEBUG: decorator-4.4.2
2024-07-10 06:51:03.301046977 - DEBUG: decorator-5.1.1
2024-07-10 06:51:03.301062840 - DEBUG: guerilla_utils-1.3.0
2024-07-10 06:51:03.302061481 - DEBUG: guerilla_utils-1.4.0
2024-07-10 06:51:03.303046091 - DEBUG: guerilla_utils-1.5.0
2024-07-10 06:51:03.304075762 - DEBUG: guerilla_utils-1.6.0
2024-07-10 06:51:03.305102531 - DEBUG: guerilla_utils-1.7.0
2024-07-10 06:51:03.306058773 - DEBUG: guerilla_utils-1.8.0
2024-07-10 06:51:03.307034326 - DEBUG: guerilla_utils-1.8.1
2024-07-10 06:51:03.308080234 - DEBUG: guerilla_utils-1.9.0
2024-07-10 06:51:03.309108758 - DEBUG: guerilla_utils-1.9.1
2024-07-10 06:51:03.309163987 - DEBUG: networkx-2.6.3
2024-07-10 06:51:03.309174150 - DEBUG: networkx-2.8.8
2024-07-10 06:51:03.310117263 - DEBUG: guerilla_utils-1.9.2
2024-07-10 06:51:03.311169327 - DEBUG: guerilla_utils-1.9.3
2024-07-10 06:51:03.312219228 - DEBUG: qt_utils-1.0.1
2024-07-10 06:51:03.313277691 - DEBUG: python_patch2run3-1.0.0
2024-07-10 06:51:03.313313752 - DEBUG: python_patch2run3-1.1.0
2024-07-10 06:51:03.313338413 - DEBUG: python_patch2run3-1.2.0
2024-07-10 06:51:03.313361812 - DEBUG: python_patch2run3-1.2.1
2024-07-10 06:51:03.313385888 - DEBUG: python_patch2run3-1.2.2
2024-07-10 06:51:03.313410385 - DEBUG: python_patch2run3-1.3.0
2024-07-10 06:51:03.313435492 - DEBUG: python_patch2run3-1.3.1
2024-07-10 06:51:03.313466674 - DEBUG: python_patch2run3-1.3.2
2024-07-10 06:51:03.313493487 - DEBUG: python_patch2run3-1.4.0
2024-07-10 06:51:03.313519990 - DEBUG: python_patch2run3-1.4.1
2024-07-10 06:51:03.313550411 - DEBUG: python_patch2run3-1.5.0
2024-07-10 06:51:03.313578048 - DEBUG: python_patch2run3-1.6.0
2024-07-10 06:51:03.313608874 - DEBUG: python_patch2run3-1.6.1
2024-07-10 06:51:03.313636870 - DEBUG: python_patch2run3-1.6.2
2024-07-10 06:51:03.313711091 - DEBUG: qt_utils-1.0.2
2024-07-10 06:51:03.314723122 - DEBUG: qt_utils-1.0.3
2024-07-10 06:51:03.315716169 - DEBUG: qt_utils-1.0.4
2024-07-10 06:51:03.316735054 - DEBUG: qt_utils-1.1.0
2024-07-10 06:51:03.317944403 - DEBUG: qt_utils-1.1.1
2024-07-10 06:51:03.319215652 - DEBUG: qt_utils-1.1.2
2024-07-10 06:51:03.320397522 - DEBUG: qt_utils-1.2.0
2024-07-10 06:51:03.321557941 - DEBUG: qt_utils-1.2.1
2024-07-10 06:51:03.322731918 - DEBUG: qt_utils-1.3.0
2024-07-10 06:51:03.324180783 - DEBUG: fastoche_guerilla-1.0.0
2024-07-10 06:51:03.324343050 - DEBUG: click-6.7
2024-07-10 06:51:03.324575629 - DEBUG: os_utils-1.0.2
2024-07-10 06:51:03.324833707 - DEBUG: os_utils-1.0.3
2024-07-10 06:51:03.325812034 - DEBUG: psutil-5.4.0
2024-07-10 06:51:03.325920437 - DEBUG: psutil-5.9.4
2024-07-10 06:51:03.326161045 - DEBUG: os_utils-1.0.4
2024-07-10 06:51:03.326444610 - DEBUG: os_utils-1.1.0
2024-07-10 06:51:03.326690306 - DEBUG: os_utils-1.2.0
2024-07-10 06:51:03.326933659 - DEBUG: os_utils-1.3.0
2024-07-10 06:51:03.328211265 - DEBUG: os_utils-1.4.0
2024-07-10 06:51:03.328524646 - DEBUG: os_utils-1.4.1
2024-07-10 06:51:03.329787273 - DEBUG: os_utils-1.5.0
2024-07-10 06:51:03.331012366 - DEBUG: os_utils-1.5.1
2024-07-10 06:51:03.331275419 - DEBUG: os_utils-1.6.0
2024-07-10 06:51:03.331524585 - DEBUG: os_utils-1.6.1
2024-07-10 06:51:03.331771434 - DEBUG: os_utils-1.6.2
2024-07-10 06:51:03.332990111 - DEBUG: os_utils-1.6.3
2024-07-10 06:51:03.334159935 - DEBUG: os_utils-1.7.0
2024-07-10 06:51:03.335411463 - DEBUG: os_utils-1.7.1
2024-07-10 06:51:03.336735448 - DEBUG: os_utils-1.8.0
2024-07-10 06:51:03.337937818 - DEBUG: os_utils-1.9.0
2024-07-10 06:51:03.339208917 - DEBUG: os_utils-1.9.1
2024-07-10 06:51:03.340500662 - DEBUG: os_utils-1.9.2
2024-07-10 06:51:03.341749153 - DEBUG: os_utils-1.9.3
2024-07-10 06:51:03.343075471 - DEBUG: os_utils-1.9.4
2024-07-10 06:51:03.344709816 - DEBUG: fortiche_core-1.0.0
2024-07-10 06:51:03.345506966 - DEBUG: termcolor-1.1.0
2024-07-10 06:51:03.345660714 - DEBUG: sentry_sdk-0.10.2
2024-07-10 06:51:03.345684403 - DEBUG: numpy-1.16.4
2024-07-10 06:51:03.345847893 - DEBUG: python_dependency_scan-1.0.0
2024-07-10 06:51:03.346002809 - DEBUG: importlib_metadata-1.6.0
2024-07-10 06:51:03.346040509 - DEBUG: zipp-1.2.0
2024-07-10 06:51:03.346054520 - DEBUG: zipp-3.15.0
2024-07-10 06:51:03.346070436 - DEBUG: pyyed-1.4.3
2024-07-10 06:51:03.346115912 - DEBUG: pyasn1-0.4.8
2024-07-10 06:51:03.346218719 - DEBUG: more_itertools-4.1.0
2024-07-10 06:51:03.346280886 - DEBUG: python_dependency_scan-1.0.1
2024-07-10 06:51:03.346441938 - DEBUG: python_dependency_scan-1.0.2
2024-07-10 06:51:03.346626695 - DEBUG: python_dependency_scan-1.0.3
2024-07-10 06:51:03.346774903 - DEBUG: pydeps-1.10.12
2024-07-10 06:51:03.346810143 - DEBUG: stdlib_list-0.8.0
2024-07-10 06:51:03.346874351 - DEBUG: python_dependency_scan-1.0.4
2024-07-10 06:51:03.347000161 - DEBUG: importlib_metadata-1.7.0
2024-07-10 06:51:03.347046332 - DEBUG: pyyed-1.5.0
2024-07-10 06:51:03.347086009 - DEBUG: enum34-1.1.10
2024-07-10 06:51:03.347105889 - DEBUG: python_dependency_scan-1.1.0
2024-07-10 06:51:03.347291794 - DEBUG: python_dependency_scan-1.1.1
2024-07-10 06:51:03.347729888 - DEBUG: python_dependency_scan-1.1.2
2024-07-10 06:51:03.348193336 - DEBUG: python_dependency_scan-1.1.3
2024-07-10 06:51:03.348594649 - DEBUG: python_dependency_scan-1.1.4
2024-07-10 06:51:03.349040099 - DEBUG: python_dependency_scan-1.1.5
2024-07-10 06:51:03.349460948 - DEBUG: python_dependency_scan-1.1.6
2024-07-10 06:51:03.349844756 - DEBUG: jsmin-2.2.2
2024-07-10 06:51:03.350885341 - DEBUG: fortiche_core-1.1.0
2024-07-10 06:51:03.352858854 - DEBUG: fortiche_core-1.1.1
2024-07-10 06:51:03.354711427 - DEBUG: fortiche_core-1.2.0
2024-07-10 06:51:03.356585373 - DEBUG: fortiche_core-1.3.0
2024-07-10 06:51:03.358448278 - DEBUG: fortiche_core-1.3.1
2024-07-10 06:51:03.360372542 - DEBUG: fortiche_core-1.3.2
2024-07-10 06:51:03.362274398 - DEBUG: fortiche_core-1.3.3
2024-07-10 06:51:03.364251767 - DEBUG: fortiche_core-1.3.4
2024-07-10 06:51:03.364507584 - DEBUG: numpy-1.16.6
2024-07-10 06:51:03.364553882 - DEBUG: numpy-1.21.6
2024-07-10 06:51:03.365534125 - DEBUG: scandir-1.10.0
2024-07-10 06:51:03.366320949 - DEBUG: fortiche_core-1.3.5
2024-07-10 06:51:03.368272455 - DEBUG: fortiche_core-1.3.6
2024-07-10 06:51:03.370277714 - DEBUG: fortiche_core-1.4.0
2024-07-10 06:51:03.372019551 - DEBUG: click-8.1.3
2024-07-10 06:51:03.372334670 - DEBUG: fortiche_core-1.4.1
2024-07-10 06:51:03.374141976 - DEBUG: fortiche_core-1.5.0
2024-07-10 06:51:03.376194473 - DEBUG: fortiche_core-1.6.0
2024-07-10 06:51:03.378059005 - DEBUG: fortiche_core-1.6.1
2024-07-10 06:51:03.379892801 - DEBUG: fortiche_core-1.7.0
2024-07-10 06:51:03.381659774 - DEBUG: fortiche_core-1.7.1
2024-07-10 06:51:03.383598272 - DEBUG: fortiche_core-1.8.0
2024-07-10 06:51:03.385529421 - DEBUG: fortiche_core-1.8.1
2024-07-10 06:51:03.387501230 - DEBUG: fortiche_core-1.8.2
2024-07-10 06:51:03.389230674 - DEBUG: fortiche_core-1.8.3
2024-07-10 06:51:03.391007483 - DEBUG: fortiche_core-1.9.0
2024-07-10 06:51:03.392980057 - DEBUG: fortiche_core-1.9.1
2024-07-10 06:51:03.394868505 - DEBUG: fortiche_core-1.10.0
2024-07-10 06:51:03.396783260 - DEBUG: fortiche_core-1.10.1
2024-07-10 06:51:03.398710901 - DEBUG: fortiche_core-1.11.0
2024-07-10 06:51:03.400634031 - DEBUG: fortiche_core-1.11.1
2024-07-10 06:51:03.402527805 - DEBUG: fortiche_core-1.11.2
2024-07-10 06:51:03.404443829 - DEBUG: fortiche_core-1.11.3
2024-07-10 06:51:03.406354750 - DEBUG: fortiche_core-1.11.4
2024-07-10 06:51:03.408258080 - DEBUG: fortiche_core-1.12.0
2024-07-10 06:51:03.410186151 - DEBUG: fortiche_core-1.13.0
2024-07-10 06:51:03.412090821 - DEBUG: fortiche_core-1.14.0
2024-07-10 06:51:03.413992071 - DEBUG: fortiche_core-1.14.1
2024-07-10 06:51:03.415892434 - DEBUG: fortiche_core-1.14.2
2024-07-10 06:51:03.417830038 - DEBUG: fortiche_core-1.15.0
2024-07-10 06:51:03.419745191 - DEBUG: fortiche_core-1.16.0
2024-07-10 06:51:03.421645998 - DEBUG: fortiche_core-1.17.0
2024-07-10 06:51:03.423583850 - DEBUG: fortiche_core-1.18.0
2024-07-10 06:51:03.425497212 - DEBUG: fortiche_core-1.19.0
2024-07-10 06:51:03.427348259 - DEBUG: fortiche_core-1.20.0
2024-07-10 06:51:03.429091105 - DEBUG: fortiche_core-1.20.1
2024-07-10 06:51:03.430914479 - DEBUG: fortiche_core-1.20.2
2024-07-10 06:51:03.432663274 - DEBUG: fortiche_core-1.21.0
2024-07-10 06:51:03.434565667 - DEBUG: fortiche_core-1.21.1
2024-07-10 06:51:03.436482108 - DEBUG: fortiche_core-1.22.0
2024-07-10 06:51:03.438283572 - DEBUG: fortiche_core-1.23.0
2024-07-10 06:51:03.440382080 - DEBUG: fastoche_core-1.1.0
2024-07-10 06:51:03.443491428 - DEBUG: horizon-1.0.0
2024-07-10 06:51:03.445900479 - DEBUG: horizon-1.1.0
2024-07-10 06:51:03.448466407 - DEBUG: horizon-1.1.1
2024-07-10 06:51:03.450954740 - DEBUG: horizon-1.2.0
2024-07-10 06:51:03.453519775 - DEBUG: horizon-1.3.0
2024-07-10 06:51:03.454644291 - DEBUG: fortiche_qt-1.0.0
2024-07-10 06:51:03.456505030 - DEBUG: fortiche_qt-1.0.1
2024-07-10 06:51:03.458288509 - DEBUG: fortiche_qt-1.0.2
2024-07-10 06:51:03.461454593 - DEBUG: horizon-1.3.1
2024-07-10 06:51:03.464134170 - DEBUG: horizon-1.3.2
2024-07-10 06:51:03.466726947 - DEBUG: horizon-1.4.0
2024-07-10 06:51:03.469355861 - DEBUG: horizon-1.4.1
2024-07-10 06:51:03.471996415 - DEBUG: horizon-1.5.0
2024-07-10 06:51:03.474505225 - DEBUG: horizon-1.6.0
2024-07-10 06:51:03.477085729 - DEBUG: horizon-1.7.0
2024-07-10 06:51:03.479638059 - DEBUG: horizon-1.7.1
2024-07-10 06:51:03.482322870 - DEBUG: horizon-1.8.0
2024-07-10 06:51:03.484950402 - DEBUG: horizon-1.9.0
2024-07-10 06:51:03.487542850 - DEBUG: horizon-1.10.0
2024-07-10 06:51:03.490249476 - DEBUG: fortiche_shotgun-1.0.0
2024-07-10 06:51:03.492048895 - DEBUG: ffmpeg_utils-1.1.0
2024-07-10 06:51:03.492549407 - DEBUG: ffmpeg_utils-1.2.0
2024-07-10 06:51:03.493015541 - DEBUG: ffmpeg_utils-1.3.0
2024-07-10 06:51:03.493580280 - DEBUG: ffmpeg_utils-1.3.1
2024-07-10 06:51:03.494106781 - DEBUG: ffmpeg_utils-1.3.2
2024-07-10 06:51:03.494582835 - DEBUG: ffmpeg_utils-1.3.3
2024-07-10 06:51:03.495024989 - DEBUG: ffmpeg_utils-1.4.0
2024-07-10 06:51:03.495491436 - DEBUG: ffmpeg_utils-1.4.1
2024-07-10 06:51:03.495937531 - DEBUG: ffmpeg_utils-1.5.0
2024-07-10 06:51:03.496367652 - DEBUG: ffmpeg_utils-1.5.1
2024-07-10 06:51:03.496808791 - DEBUG: ffmpeg_utils-1.6.0
2024-07-10 06:51:03.497502851 - DEBUG: app_launcher-1.3.0
2024-07-10 06:51:03.498878166 - DEBUG: app_launcher-1.4.0
2024-07-10 06:51:03.500280899 - DEBUG: app_launcher-1.4.1
2024-07-10 06:51:03.501802338 - DEBUG: app_launcher-1.5.0
2024-07-10 06:51:03.503295946 - DEBUG: app_launcher-1.6.0
2024-07-10 06:51:03.504869339 - DEBUG: app_launcher-1.6.1
2024-07-10 06:51:03.506279402 - DEBUG: app_launcher-1.7.0
2024-07-10 06:51:03.507794223 - DEBUG: app_launcher-1.8.0
2024-07-10 06:51:03.509311572 - DEBUG: app_launcher-1.9.0
2024-07-10 06:51:03.510689747 - DEBUG: app_launcher-1.9.1
2024-07-10 06:51:03.512325753 - DEBUG: app_launcher-1.9.2
2024-07-10 06:51:03.513753266 - DEBUG: app_launcher-1.10.0
2024-07-10 06:51:03.515181152 - DEBUG: app_launcher-1.11.0
2024-07-10 06:51:03.516688028 - DEBUG: app_launcher-1.12.0
2024-07-10 06:51:03.518210207 - DEBUG: app_launcher-1.13.0
2024-07-10 06:51:03.519697032 - DEBUG: app_launcher-1.14.0
2024-07-10 06:51:03.521154519 - DEBUG: app_launcher-1.15.0
2024-07-10 06:51:03.522568538 - DEBUG: app_launcher-1.16.0
2024-07-10 06:51:03.524046103 - DEBUG: app_launcher-1.17.0
2024-07-10 06:51:03.525448467 - DEBUG: app_launcher-1.18.0
2024-07-10 06:51:03.526921146 - DEBUG: app_launcher-1.19.0
2024-07-10 06:51:03.528479574 - DEBUG: app_launcher-1.20.0
2024-07-10 06:51:03.529876658 - DEBUG: app_launcher-1.21.0
2024-07-10 06:51:03.531317994 - DEBUG: app_launcher-1.22.0
2024-07-10 06:51:03.532758204 - DEBUG: app_launcher-1.23.0
2024-07-10 06:51:03.534479351 - DEBUG: app_launcher-1.24.0
2024-07-10 06:51:03.536185063 - DEBUG: app_launcher-1.25.0
2024-07-10 06:51:03.537703455 - DEBUG: app_launcher-1.26.0
2024-07-10 06:51:03.539181256 - DEBUG: app_launcher-1.26.1
2024-07-10 06:51:03.540573656 - DEBUG: app_launcher-1.27.0
2024-07-10 06:51:03.542034027 - DEBUG: app_launcher-1.28.0
2024-07-10 06:51:03.543565583 - DEBUG: app_launcher-1.28.1
2024-07-10 06:51:03.545030949 - DEBUG: app_launcher-1.28.2
2024-07-10 06:51:03.546474726 - DEBUG: shotgun_sglink_launcher-1.0.0
2024-07-10 06:51:03.548095574 - DEBUG: shotgun_utils-1.0.0
2024-07-10 06:51:03.548161119 - DEBUG: shotgun_utils-1.1.0
2024-07-10 06:51:03.548184816 - DEBUG: shotgun_utils-1.1.1
2024-07-10 06:51:03.548205764 - DEBUG: shotgun_utils-1.2.0
2024-07-10 06:51:03.548226258 - DEBUG: shotgun_utils-1.3.0
2024-07-10 06:51:03.548246888 - DEBUG: shotgun_utils-1.3.1
2024-07-10 06:51:03.548533308 - DEBUG: shotgun_utils-1.3.2
2024-07-10 06:51:03.548749026 - DEBUG: shotgun_utils-1.3.3
2024-07-10 06:51:03.548996866 - DEBUG: shotgun_sglink_launcher-1.1.0
2024-07-10 06:51:03.550643587 - DEBUG: shotgun_sglink_launcher-1.1.1
2024-07-10 06:51:03.552266538 - DEBUG: shotgun_sglink_launcher-1.2.0
2024-07-10 06:51:03.553833154 - DEBUG: shotgun_sglink_launcher-1.2.1
2024-07-10 06:51:03.555395669 - DEBUG: shotgun_sglink_launcher-1.2.2
2024-07-10 06:51:03.557232111 - DEBUG: shotgun_sglink_launcher-1.2.3
2024-07-10 06:51:03.559363301 - DEBUG: shotgun_sglink_launcher-1.3.0
2024-07-10 06:51:03.561948545 - DEBUG: shotgun_sglink_launcher-1.3.1
2024-07-10 06:51:03.565071911 - DEBUG: shotgun_sglink_launcher-1.3.2
2024-07-10 06:51:03.568102604 - DEBUG: shotgun_sglink_launcher-1.3.3
2024-07-10 06:51:03.571120816 - DEBUG: shotgun_sglink_launcher-1.3.4
2024-07-10 06:51:03.575334104 - DEBUG: nested_dict-1.61
2024-07-10 06:51:03.575420128 - DEBUG: cffi-1.15.0
2024-07-10 06:51:03.575434848 - DEBUG: cffi-1.15.1
2024-07-10 06:51:03.575471646 - DEBUG: idna-2.10
2024-07-10 06:51:03.575488865 - DEBUG: idna-3.3
2024-07-10 06:51:03.575499724 - DEBUG: idna-3.4
2024-07-10 06:51:03.575510761 - DEBUG: idna-3.7
2024-07-10 06:51:03.575524193 - DEBUG: asn1crypto-1.5.1
2024-07-10 06:51:03.575599843 - DEBUG: ntplib-0.3.4
2024-07-10 06:51:03.575619852 - DEBUG: boto3-1.17.112
2024-07-10 06:51:03.575688128 - DEBUG: botocore-1.20.112
2024-07-10 06:51:03.575765036 - DEBUG: jmespath-0.10.0
2024-07-10 06:51:03.575836690 - DEBUG: s3transfer-0.4.2
2024-07-10 06:51:03.575873802 - DEBUG: botocore-1.29.130
2024-07-10 06:51:03.575903974 - DEBUG: boto3-1.26.130
2024-07-10 06:51:03.575953923 - DEBUG: fortiche_shotgun-1.1.0
2024-07-10 06:51:03.579679506 - DEBUG: fortiche_shotgun-1.2.0
2024-07-10 06:51:03.583141031 - DEBUG: fortiche_shotgun-1.3.0
2024-07-10 06:51:03.586611222 - DEBUG: fortiche_shotgun-1.3.1
2024-07-10 06:51:03.589938411 - DEBUG: fortiche_shotgun-1.4.0
2024-07-10 06:51:03.593414047 - DEBUG: fortiche_shotgun-1.4.1
2024-07-10 06:51:03.596697664 - DEBUG: fortiche_shotgun-1.4.2
2024-07-10 06:51:03.600107842 - DEBUG: fortiche_shotgun-1.5.0
2024-07-10 06:51:03.603546765 - DEBUG: fortiche_shotgun-1.6.0
2024-07-10 06:51:03.606959405 - DEBUG: fortiche_shotgun-1.7.0
2024-07-10 06:51:03.610436446 - DEBUG: fortiche_shotgun-1.7.1
2024-07-10 06:51:03.610713965 - DEBUG: ntplib-0.4.0
2024-07-10 06:51:03.614225433 - DEBUG: fortiche_shotgun-1.8.0
2024-07-10 06:51:03.617915712 - DEBUG: fortiche_shotgun-1.9.0
2024-07-10 06:51:03.621824855 - DEBUG: fortiche_shotgun-1.9.1
2024-07-10 06:51:03.625612468 - DEBUG: fortiche_shotgun-1.9.2
2024-07-10 06:51:03.629362491 - DEBUG: fortiche_shotgun-1.10.0
2024-07-10 06:51:03.632998836 - DEBUG: fortiche_shotgun-1.11.0
2024-07-10 06:51:03.636899209 - DEBUG: fortiche_shotgun-1.11.1
2024-07-10 06:51:03.640691152 - DEBUG: fortiche_shotgun-1.12.0
2024-07-10 06:51:03.644300949 - DEBUG: fortiche_shotgun-1.12.1
2024-07-10 06:51:03.648060737 - DEBUG: fortiche_shotgun-1.12.2
2024-07-10 06:51:03.651652186 - DEBUG: fortiche_shotgun-1.12.3
2024-07-10 06:51:03.655240871 - DEBUG: fortiche_shotgun-1.13.0
2024-07-10 06:51:03.658901378 - DEBUG: fortiche_shotgun-1.14.0
2024-07-10 06:51:03.662585131 - DEBUG: fortiche_shotgun-1.15.0
2024-07-10 06:51:03.666333659 - DEBUG: fortiche_shotgun-1.16.0
2024-07-10 06:51:03.670155892 - DEBUG: fortiche_shotgun-1.16.1
2024-07-10 06:51:03.673789740 - DEBUG: fortiche_shotgun-1.17.0
2024-07-10 06:51:03.677456969 - DEBUG: fortiche_shotgun-1.18.0
2024-07-10 06:51:03.681076950 - DEBUG: fortiche_shotgun-1.18.1
2024-07-10 06:51:03.684886388 - DEBUG: fortiche_shotgun-1.19.0
2024-07-10 06:51:03.688579593 - DEBUG: fortiche_shotgun-1.19.1
2024-07-10 06:51:03.692342187 - DEBUG: fortiche_shotgun-1.20.0
2024-07-10 06:51:03.696207221 - DEBUG: fortiche_shotgun-1.21.0
2024-07-10 06:51:03.699893031 - DEBUG: fortiche_shotgun-1.21.1
2024-07-10 06:51:03.703443705 - DEBUG: fortiche_shotgun-1.22.0
2024-07-10 06:51:03.707053779 - DEBUG: fortiche_shotgun-1.23.0
2024-07-10 06:51:03.710797323 - DEBUG: fortiche_shotgun-1.24.0
2024-07-10 06:51:03.714913922 - DEBUG: fortiche_shotgun-1.24.1
2024-07-10 06:51:03.719034498 - DEBUG: fortiche_shotgun-1.24.2
2024-07-10 06:51:03.722663191 - DEBUG: fortiche_shotgun-1.24.3
2024-07-10 06:51:03.726124432 - DEBUG: fortiche_shotgun-1.24.4
2024-07-10 06:51:03.729712380 - DEBUG: fortiche_shotgun-1.24.5
2024-07-10 06:51:03.733202251 - DEBUG: fastoche_core-1.1.1
2024-07-10 06:51:03.737535848 - DEBUG: fastoche_core-1.1.2
2024-07-10 06:51:03.741637389 - DEBUG: fastoche_core-1.1.3
2024-07-10 06:51:03.745722136 - DEBUG: fastoche_core-1.1.4
2024-07-10 06:51:03.749928636 - DEBUG: fastoche_core-1.1.5
2024-07-10 06:51:03.754104608 - DEBUG: fastoche_core-1.2.0
2024-07-10 06:51:03.758423039 - DEBUG: fastoche_core-1.2.1
2024-07-10 06:51:03.762749936 - DEBUG: fastoche_core-1.3.0
2024-07-10 06:51:03.766703377 - DEBUG: fastoche_core-1.3.1
2024-07-10 06:51:03.768226385 - DEBUG: OpenTimelineIO-0.14.0
2024-07-10 06:51:03.768262135 - DEBUG: OpenTimelineIO-0.14.0-inside-nuke-13.2-pkg.0
2024-07-10 06:51:03.768313941 - DEBUG: rez-2.104.7
2024-07-10 06:51:03.768492859 - DEBUG: python-2.7-inside-fbox-pkg.0
2024-07-10 06:51:03.768659926 - DEBUG: PySide2-5.12-inside-mari-5.0-pkg.0
2024-07-10 06:51:03.768707704 - DEBUG: shiboken2-5.12.0
2024-07-10 06:51:03.768811651 - DEBUG: PySide2-5.12.0
2024-07-10 06:51:03.768855935 - DEBUG: PySide2-5.12.6-inside-nuke-13.2-pkg.0
2024-07-10 06:51:03.768942671 - DEBUG: PySide2-5.15-inside-nuke-14.0-pkg.0
2024-07-10 06:51:03.768992383 - DEBUG: PySide2-5.15.2-inside-houdini-19.5-pkg.0
2024-07-10 06:51:03.769039631 - DEBUG: PySide2-5.15.2.1
2024-07-10 06:51:03.769085530 - DEBUG: shiboken2-5.15.2.1
2024-07-10 06:51:03.769175837 - DEBUG: PySide2-5.15.2.1-pkg.1
2024-07-10 06:51:03.769226401 - DEBUG: python-2.7-inside-guerilla-2.3-pkg.0
2024-07-10 06:51:03.769369256 - DEBUG: PySide2-5.15.2-inside-maya-2022-pkg.0
2024-07-10 06:51:03.769439477 - DEBUG: python-2.7-inside-maya-2018-pkg.0
2024-07-10 06:51:03.769561245 - DEBUG: OpenTimelineIO-0.14.1
2024-07-10 06:51:03.769575570 - DEBUG: OpenTimelineIO-0.15-inside-nuke-14.0-pkg.0
2024-07-10 06:51:03.769637788 - DEBUG: OpenTimelineIO-0.15.0
2024-07-10 06:51:03.769756384 - DEBUG: python-2.7-inside-maya-2022-pkg.0
2024-07-10 06:51:03.770018272 - DEBUG: python-2.7-pkg.0
2024-07-10 06:51:03.770204880 - DEBUG: python-2.7-pkg.1
2024-07-10 06:51:03.770359245 - DEBUG: python-3.7-inside-mari-5.0-pkg.0
2024-07-10 06:51:03.770508525 - DEBUG: python-3.7-inside-mari-5.0-pkg.1
2024-07-10 06:51:03.770672806 - DEBUG: python-3.7-inside-mari-5.0-pkg.2
2024-07-10 06:51:03.770849244 - DEBUG: python-3.7-inside-maya-2022-pkg.0
2024-07-10 06:51:03.771126371 - DEBUG: python-3.7-inside-maya-2022-pkg.1
2024-07-10 06:51:03.771322797 - DEBUG: python-3.7-inside-maya-2022-pkg.2
2024-07-10 06:51:03.771519247 - DEBUG: python-3.7-inside-nuke-13.2-pkg.0
2024-07-10 06:51:03.771772950 - DEBUG: python-3.7-inside-nuke-13.2-pkg.1
2024-07-10 06:51:03.771938032 - DEBUG: python-3.7-pkg.0
2024-07-10 06:51:03.772116671 - DEBUG: python-3.7-pkg.1
2024-07-10 06:51:03.772354162 - DEBUG: python-3.9-inside-houdini-19.5-pkg.0
2024-07-10 06:51:03.772528252 - DEBUG: python-3.9-inside-houdini-19.5-pkg.1
2024-07-10 06:51:03.772684848 - DEBUG: python-3.9-inside-nuke-14.0-pkg.0
2024-07-10 06:51:03.772972043 - DEBUG: python-3.9-inside-nuke-14.0-pkg.1
2024-07-10 06:51:03.773159366 - DEBUG: python-3.9-pkg.0
2024-07-10 06:51:03.773343030 - DEBUG: python-3.9-pkg.1
2024-07-10 06:51:03.773507639 - DEBUG: python-3.10-inside-blender-3.6-pkg.0
2024-07-10 06:51:03.776552691 - DEBUG: fastoche_core-1.3.2
2024-07-10 06:51:03.780824139 - DEBUG: fastoche_core-1.4.0
2024-07-10 06:51:03.784828307 - DEBUG: fastoche_core-1.5.0
2024-07-10 06:51:03.788950482 - DEBUG: fastoche_core-1.6.0
2024-07-10 06:51:03.793138780 - DEBUG: fastoche_core-1.6.1
2024-07-10 06:51:03.797161139 - DEBUG: fastoche_core-1.6.2
2024-07-10 06:51:03.801159601 - DEBUG: fastoche_core-1.7.0
2024-07-10 06:51:03.805863363 - DEBUG: fastoche_core-1.7.1
2024-07-10 06:51:03.810506731 - DEBUG: fastoche_core-1.7.2
2024-07-10 06:51:03.814928848 - DEBUG: fastoche_core-1.7.3
2024-07-10 06:51:03.819537092 - DEBUG: fastoche_core-1.7.4
2024-07-10 06:51:03.824054327 - DEBUG: fastoche_core-1.7.5
2024-07-10 06:51:03.828692966 - DEBUG: fastoche_core-1.8.0
2024-07-10 06:51:03.833299361 - DEBUG: fastoche_core-1.9.0
2024-07-10 06:51:03.838036683 - DEBUG: fastoche_core-1.9.1
2024-07-10 06:51:03.842530281 - DEBUG: fastoche_core-1.9.2
2024-07-10 06:51:03.847971864 - DEBUG: fastoche_core-1.9.3
2024-07-10 06:51:03.852410559 - DEBUG: fastoche_core-1.9.4
2024-07-10 06:51:03.856749955 - DEBUG: fastoche_core-1.10.0
2024-07-10 06:51:03.861140802 - DEBUG: fastoche_core-1.10.1
2024-07-10 06:51:03.865453961 - DEBUG: fastoche_core-1.10.2
2024-07-10 06:51:03.869953393 - DEBUG: fastoche_core-1.11.0
2024-07-10 06:51:03.874530358 - DEBUG: fastoche_core-1.12.0
2024-07-10 06:51:03.879657652 - DEBUG: fastoche_core-1.13.0
2024-07-10 06:51:03.884880693 - DEBUG: fastoche_core-1.13.1
2024-07-10 06:51:03.890170095 - DEBUG: fastoche_core-1.14.0
2024-07-10 06:51:03.895436143 - DEBUG: fastoche_core-1.15.0
2024-07-10 06:51:03.900666397 - DEBUG: fastoche_core-1.16.0
2024-07-10 06:51:03.901414317 - DEBUG: MarkupSafe-1.1.1
2024-07-10 06:51:03.901532812 - DEBUG: MarkupSafe-2.0.1
2024-07-10 06:51:03.906188532 - DEBUG: fastoche_core-1.17.0
2024-07-10 06:51:03.911036430 - DEBUG: fastoche_core-1.17.1
2024-07-10 06:51:03.915868299 - DEBUG: fastoche_core-1.17.2
2024-07-10 06:51:03.920809837 - DEBUG: fastoche_core-1.18.0
2024-07-10 06:51:03.925943240 - DEBUG: fastoche_core-1.19.0
2024-07-10 06:51:03.932444890 - DEBUG: fastoche_guerilla-1.1.0
2024-07-10 06:51:03.937554396 - DEBUG: fastoche_guerilla-1.2.0
2024-07-10 06:51:03.942402396 - DEBUG: fastoche_guerilla-1.3.0
2024-07-10 06:51:03.947368845 - DEBUG: fastoche_guerilla-1.3.1
2024-07-10 06:51:03.952298442 - DEBUG: fastoche_guerilla-1.4.0
2024-07-10 06:51:03.957064933 - DEBUG: fastoche_guerilla-1.5.0
2024-07-10 06:51:03.962250849 - DEBUG: fastoche_guerilla-1.5.1
2024-07-10 06:51:03.968061878 - DEBUG: fastoche_guerilla-1.5.2
2024-07-10 06:51:03.973142960 - DEBUG: fastoche_guerilla-1.6.0
2024-07-10 06:51:03.978363595 - DEBUG: fastoche_guerilla-1.7.0
2024-07-10 06:51:03.983618266 - DEBUG: fastoche_guerilla-1.9.1
2024-07-10 06:51:03.989313670 - DEBUG: fastoche_guerilla-1.10.0
2024-07-10 06:51:03.994775583 - DEBUG: fastoche_guerilla-1.11.0
2024-07-10 06:51:04.000534467 - DEBUG: fastoche_guerilla-1.11.1
2024-07-10 06:51:04.006298835 - DEBUG: fastoche_guerilla-1.11.2
2024-07-10 06:51:04.011531833 - DEBUG: fastoche_guerilla-1.12.0
2024-07-10 06:51:04.016951303 - DEBUG: fastoche_guerilla-1.12.1
2024-07-10 06:51:04.022048660 - DEBUG: fastoche_guerilla-1.13.0
2024-07-10 06:51:04.027572589 - DEBUG: fastoche_guerilla-1.13.1
2024-07-10 06:51:04.032585236 - DEBUG: fastoche_guerilla-1.13.2
2024-07-10 06:51:04.037498965 - DEBUG: fastoche_guerilla-1.14.0
2024-07-10 06:51:04.042444076 - DEBUG: fastoche_guerilla-1.15.0
2024-07-10 06:51:04.047628226 - DEBUG: fastoche_guerilla-1.16.0
2024-07-10 06:51:04.052568721 - DEBUG: fastoche_guerilla-1.16.1
2024-07-10 06:51:04.057617832 - DEBUG: fastoche_guerilla-1.17.0
2024-07-10 06:51:04.062726277 - DEBUG: fastoche_guerilla-1.17.1
2024-07-10 06:51:04.068051162 - DEBUG: fastoche_guerilla-1.18.0
2024-07-10 06:51:04.073287421 - DEBUG: fastoche_guerilla-1.18.1
2024-07-10 06:51:04.078544800 - DEBUG: fastoche_guerilla-1.18.2
2024-07-10 06:51:04.083699731 - DEBUG: fastoche_guerilla-1.18.3
2024-07-10 06:51:04.088755181 - DEBUG: fastoche_guerilla-1.18.4
2024-07-10 06:51:04.093758002 - DEBUG: fastoche_guerilla-1.19.0
2024-07-10 06:51:04.098701432 - DEBUG: fastoche_guerilla-1.20.0
2024-07-10 06:51:04.104016325 - DEBUG: fastoche_guerilla-1.21.0
2024-07-10 06:51:04.109166088 - DEBUG: fastoche_guerilla-1.21.1
2024-07-10 06:51:04.115765034 - DEBUG: appy-1.0.0
2024-07-10 06:51:04.116078053 - DEBUG: templaters-1.0.0
2024-07-10 06:51:04.118799521 - DEBUG: templaters-1.1.0
2024-07-10 06:51:04.121323205 - DEBUG: templaters-1.1.1
2024-07-10 06:51:04.124104330 - DEBUG: templaters-1.2.0
2024-07-10 06:51:04.126811325 - DEBUG: templaters-1.2.1
2024-07-10 06:51:04.131704557 - DEBUG: cryptography-2.2.2
2024-07-10 06:51:04.131799011 - DEBUG: cryptography-2.2.2-pkg.0
2024-07-10 06:51:04.131810678 - DEBUG: cryptography-2.2.2-pkg.1
2024-07-10 06:51:04.131847516 - DEBUG: appy-1.0.1
2024-07-10 06:51:04.134390037 - DEBUG: appy-1.0.2
2024-07-10 06:51:04.137055824 - DEBUG: appy-1.0.3
2024-07-10 06:51:04.139692351 - DEBUG: appy-1.0.4
2024-07-10 06:51:04.142223759 - DEBUG: appy-1.1.0
2024-07-10 06:51:04.144855351 - DEBUG: appy-1.2.0
2024-07-10 06:51:04.145947740 - DEBUG: cryptography-2.9.2
2024-07-10 06:51:04.148052957 - DEBUG: appy-1.2.1
2024-07-10 06:51:04.150757758 - DEBUG: appy-1.3.0
2024-07-10 06:51:04.153644041 - DEBUG: appy-1.3.1
2024-07-10 06:51:04.156494091 - DEBUG: appy-1.3.2
2024-07-10 06:51:04.159273659 - DEBUG: appy-1.4.0
2024-07-10 06:51:04.162350680 - DEBUG: appy-1.5.0
2024-07-10 06:51:04.165358594 - DEBUG: appy-1.5.1
2024-07-10 06:51:04.168373578 - DEBUG: appy-1.5.2
2024-07-10 06:52:52.367330731 - INFO: Context name: 38c17569-68ba-40fd-96e2-f627d0a13975
2024-07-10 06:52:52.373944823 - DEBUG: fortiche_core-2.3.0
2024-07-10 06:52:52.374188155 - DEBUG: Jinja2-2.10
2024-07-10 06:52:52.374220551 - DEBUG: Jinja2-2.11.3
2024-07-10 06:52:52.374251760 - DEBUG: numpy-1.16.4
2024-07-10 06:52:52.374289396 - DEBUG: six-1.11.0
2024-07-10 06:52:52.374323982 - DEBUG: requests-2.13.0
2024-07-10 06:52:52.374389259 - DEBUG: urllib3-1.26.9
2024-07-10 06:52:52.374405097 - DEBUG: pycparser-2.21
2024-07-10 06:52:52.374421759 - DEBUG: et_xmlfile-1.0.1
2024-07-10 06:52:52.374445521 - DEBUG: smmap2-3.0.1
2024-07-10 06:52:52.374470401 - DEBUG: smmap-3.0.5
2024-07-10 06:52:52.374489381 - DEBUG: six-1.16.0
2024-07-10 06:52:52.374524537 - DEBUG: requests-2.27.1
2024-07-10 06:52:52.374582717 - DEBUG: urllib3-1.26.12
2024-07-10 06:52:52.374601587 - DEBUG: urllib3-1.26.15
2024-07-10 06:52:52.374622873 - DEBUG: certifi-2021.10.8
2024-07-10 06:52:52.374678821 - DEBUG: certifi-2022.5.18.1
2024-07-10 06:52:52.374724507 - DEBUG: certifi-2022.12.7
2024-07-10 06:52:52.374771975 - DEBUG: certifi-2023.5.7
2024-07-10 06:52:52.374811744 - DEBUG: certifi-2024.6.2
2024-07-10 06:52:52.374862753 - DEBUG: requests-2.28.2
2024-07-10 06:52:52.374875392 - DEBUG: requests-2.30.0
2024-07-10 06:52:52.374882559 - DEBUG: requests-2.31.0
2024-07-10 06:52:52.374889038 - DEBUG: requests-2.32.3
2024-07-10 06:52:52.374944537 - DEBUG: et_xmlfile-1.1.0
2024-07-10 06:52:52.374987916 - DEBUG: jdcal-1.4.1
2024-07-10 06:52:52.375003556 - DEBUG: timecode-1.3.1
2024-07-10 06:52:52.375226091 - DEBUG: httplib2-0.20.4
2024-07-10 06:52:52.375285861 - DEBUG: text_unidecode-1.2
2024-07-10 06:52:52.375384397 - DEBUG: uritemplate-3.0.1
2024-07-10 06:52:52.375416430 - DEBUG: google_auth_httplib2-0.1.0
2024-07-10 06:52:52.375485198 - DEBUG: google_auth-2.6.2
2024-07-10 06:52:52.375528844 - DEBUG: httplib2-0.11.3
2024-07-10 06:52:52.375616817 - DEBUG: python_dateutil-2.8.2
2024-07-10 06:52:52.375665533 - DEBUG: numpy-1.16.6
2024-07-10 06:52:52.375704429 - DEBUG: numpy-1.21.6
2024-07-10 06:52:52.375797152 - DEBUG: templating_utils-2.0.0
2024-07-10 06:52:52.376083416 - DEBUG: python_utils-2.0.0
2024-07-10 06:52:52.376126855 - DEBUG: future-0.18.2
2024-07-10 06:52:52.376241022 - DEBUG: future-0.18.3
2024-07-10 06:52:52.376345771 - DEBUG: python_utils-2.0.1
2024-07-10 06:52:52.376378377 - DEBUG: python_utils-2.0.2
2024-07-10 06:52:52.376407637 - DEBUG: python_utils-2.0.3
2024-07-10 06:52:52.376438696 - DEBUG: python_utils-2.1.0
2024-07-10 06:52:52.376487375 - DEBUG: python_utils-2.2.0
2024-07-10 06:52:52.376519461 - DEBUG: python_utils-2.2.1
2024-07-10 06:52:52.376557524 - DEBUG: sentry_sdk-0.10.2
2024-07-10 06:52:52.376574409 - DEBUG: termcolor-1.1.0
2024-07-10 06:52:52.376597459 - DEBUG: click-6.7
2024-07-10 06:52:52.376674028 - DEBUG: click-8.1.3
2024-07-10 06:52:52.376799318 - DEBUG: PySide2-5.12-inside-mari-5.0-pkg.0
2024-07-10 06:52:52.376849109 - DEBUG: shiboken2-5.12.0
2024-07-10 06:52:52.376946600 - DEBUG: PySide2-5.12.0
2024-07-10 06:52:52.376996166 - DEBUG: PySide2-5.12.6-inside-nuke-13.2-pkg.0
2024-07-10 06:52:52.377039696 - DEBUG: PySide2-5.15-inside-nuke-14.0-pkg.0
2024-07-10 06:52:52.377082139 - DEBUG: PySide2-5.15.2-inside-houdini-19.5-pkg.0
2024-07-10 06:52:52.377126427 - DEBUG: PySide2-5.15.2-inside-maya-2022-pkg.0
2024-07-10 06:52:52.377171336 - DEBUG: PySide2-5.15.2.1
2024-07-10 06:52:52.377215833 - DEBUG: shiboken2-5.15.2.1
2024-07-10 06:52:52.377306677 - DEBUG: PySide2-5.15.2.1-pkg.1
2024-07-10 06:52:52.377388952 - DEBUG: fishbowl-2.0.0
2024-07-10 06:52:52.377519616 - DEBUG: python_patch2run3-1.7.0
2024-07-10 06:52:52.377546101 - DEBUG: future-0.16.0
2024-07-10 06:52:52.377629841 - DEBUG: python_patch2run3-1.7.1
2024-07-10 06:52:52.377654379 - DEBUG: python_patch2run3-1.7.2
2024-07-10 06:52:52.377693236 - DEBUG: python_patch2run3-1.7.3
2024-07-10 06:52:52.377944358 - DEBUG: configparser-3.5.0
2024-07-10 06:52:52.378030843 - DEBUG: configparser-3.8.1
2024-07-10 06:52:52.378043566 - DEBUG: configparser-4.0.2
2024-07-10 06:52:52.378051477 - DEBUG: fishbowl-2.1.0
2024-07-10 06:52:52.378279164 - DEBUG: fishbowl-2.1.1
2024-07-10 06:52:52.378525566 - DEBUG: fishbowl-2.1.2
2024-07-10 06:52:52.378836785 - DEBUG: os_utils-2.0.0
2024-07-10 06:52:52.379061975 - DEBUG: python_utils-1.0.0
2024-07-10 06:52:52.379202062 - DEBUG: carbon-1.0.0
2024-07-10 06:52:52.379299106 - DEBUG: fishbowl-1.0.0
2024-07-10 06:52:52.379351014 - DEBUG: fishbowl-1.0.1
2024-07-10 06:52:52.379452713 - DEBUG: fishbowl-1.0.2
2024-07-10 06:52:52.379514536 - DEBUG: fishbowl-1.1.0
2024-07-10 06:52:52.379573152 - DEBUG: fishbowl-1.1.2
2024-07-10 06:52:52.379772031 - DEBUG: fishbowl-1.1.3
2024-07-10 06:52:52.379935906 - DEBUG: fishbowl-1.2.0
2024-07-10 06:52:52.380099217 - DEBUG: fishbowl-1.3.0
2024-07-10 06:52:52.380325281 - DEBUG: python_utils-1.0.1
2024-07-10 06:52:52.380365405 - DEBUG: python_utils-1.0.2
2024-07-10 06:52:52.380402867 - DEBUG: python_utils-1.1.0
2024-07-10 06:52:52.380438357 - DEBUG: python_utils-1.2.1
2024-07-10 06:52:52.380476061 - DEBUG: python_utils-1.3.0
2024-07-10 06:52:52.380511377 - DEBUG: python_utils-1.4.0
2024-07-10 06:52:52.380556602 - DEBUG: python_utils-1.4.1
2024-07-10 06:52:52.380603776 - DEBUG: python_utils-1.4.2
2024-07-10 06:52:52.380650781 - DEBUG: python_utils-1.4.3
2024-07-10 06:52:52.380679734 - DEBUG: python_utils-1.5.0
2024-07-10 06:52:52.380714963 - DEBUG: python_utils-1.6.0
2024-07-10 06:52:52.380753451 - DEBUG: python_utils-1.6.1
2024-07-10 06:52:52.380788977 - DEBUG: python_utils-1.7.0
2024-07-10 06:52:52.380827580 - DEBUG: python_utils-1.7.1
2024-07-10 06:52:52.380867317 - DEBUG: python_utils-1.7.2
2024-07-10 06:52:52.380919159 - DEBUG: python_utils-1.8.0
2024-07-10 06:52:52.380964602 - DEBUG: python_utils-1.8.1
2024-07-10 06:52:52.381006583 - DEBUG: python_utils-1.8.2
2024-07-10 06:52:52.381051211 - DEBUG: python_utils-1.8.3
2024-07-10 06:52:52.381097291 - DEBUG: python_utils-1.8.4
2024-07-10 06:52:52.381137050 - DEBUG: python_utils-1.9.0
2024-07-10 06:52:52.381182876 - DEBUG: python_utils-1.10.0
2024-07-10 06:52:52.381228721 - DEBUG: python_utils-1.10.1
2024-07-10 06:52:52.381272073 - DEBUG: python_utils-1.10.2
2024-07-10 06:52:52.381322555 - DEBUG: python_utils-1.10.3
2024-07-10 06:52:52.381367980 - DEBUG: python_utils-1.10.4
2024-07-10 06:52:52.381430053 - DEBUG: python_utils-1.10.5
2024-07-10 06:52:52.381476215 - DEBUG: python_utils-1.10.6
2024-07-10 06:52:52.381527252 - DEBUG: python_utils-1.10.7
2024-07-10 06:52:52.381609050 - DEBUG: python_utils-1.10.8
2024-07-10 06:52:52.381677873 - DEBUG: python_utils-1.11.0
2024-07-10 06:52:52.381752639 - DEBUG: python_utils-1.11.1
2024-07-10 06:52:52.381808201 - DEBUG: python_utils-1.12.0
2024-07-10 06:52:52.381858402 - DEBUG: python_utils-1.12.1
2024-07-10 06:52:52.381921716 - DEBUG: python_utils-1.13.0
2024-07-10 06:52:52.382981539 - DEBUG: shotgun_api3-3.0.41
2024-07-10 06:52:52.383027675 - DEBUG: shotgun_api3-3.3.4
2024-07-10 06:52:52.383064020 - DEBUG: shotgun_api3-3.3.5
2024-07-10 06:52:52.383102020 - DEBUG: carbon-1.0.1
2024-07-10 06:52:52.384146248 - DEBUG: carbon-1.1.0
2024-07-10 06:52:52.385188198 - DEBUG: carbon-1.1.1
2024-07-10 06:52:52.386164848 - DEBUG: carbon-1.1.3
2024-07-10 06:52:52.387172354 - DEBUG: carbon-1.1.4
2024-07-10 06:52:52.388233599 - DEBUG: carbon-1.1.5
2024-07-10 06:52:52.389199454 - DEBUG: carbon-1.1.6
2024-07-10 06:52:52.390166644 - DEBUG: carbon-1.1.7
2024-07-10 06:52:52.391198957 - DEBUG: guerilla_utils-1.0.0
2024-07-10 06:52:52.391295560 - DEBUG: networkx-2.2
2024-07-10 06:52:52.392317754 - DEBUG: guerilla_utils-1.0.1
2024-07-10 06:52:52.393210717 - DEBUG: guerilla_utils-1.1.0
2024-07-10 06:52:52.394097422 - DEBUG: guerilla_utils-1.2.0
2024-07-10 06:52:52.394974919 - DEBUG: networkx-1.11
2024-07-10 06:52:52.395005930 - DEBUG: decorator-4.4.2
2024-07-10 06:52:52.395017203 - DEBUG: decorator-5.1.1
2024-07-10 06:52:52.395029501 - DEBUG: guerilla_utils-1.3.0
2024-07-10 06:52:52.395936292 - DEBUG: guerilla_utils-1.4.0
2024-07-10 06:52:52.396824409 - DEBUG: guerilla_utils-1.5.0
2024-07-10 06:52:52.397728977 - DEBUG: guerilla_utils-1.6.0
2024-07-10 06:52:52.398634705 - DEBUG: guerilla_utils-1.7.0
2024-07-10 06:52:52.399594834 - DEBUG: guerilla_utils-1.8.0
2024-07-10 06:52:52.400481592 - DEBUG: guerilla_utils-1.8.1
2024-07-10 06:52:52.401368091 - DEBUG: guerilla_utils-1.9.0
2024-07-10 06:52:52.402281031 - DEBUG: guerilla_utils-1.9.1
2024-07-10 06:52:52.402328082 - DEBUG: networkx-2.6.3
2024-07-10 06:52:52.402336084 - DEBUG: networkx-2.8.8
2024-07-10 06:52:52.403237997 - DEBUG: guerilla_utils-1.9.2
2024-07-10 06:52:52.404155435 - DEBUG: guerilla_utils-1.9.3
2024-07-10 06:52:52.405112298 - DEBUG: qt_utils-1.0.1
2024-07-10 06:52:52.406190575 - DEBUG: python_patch2run3-1.0.0
2024-07-10 06:52:52.406226030 - DEBUG: python_patch2run3-1.1.0
2024-07-10 06:52:52.406249893 - DEBUG: python_patch2run3-1.2.0
2024-07-10 06:52:52.406272340 - DEBUG: python_patch2run3-1.2.1
2024-07-10 06:52:52.406295915 - DEBUG: python_patch2run3-1.2.2
2024-07-10 06:52:52.406318895 - DEBUG: python_patch2run3-1.3.0
2024-07-10 06:52:52.406342317 - DEBUG: python_patch2run3-1.3.1
2024-07-10 06:52:52.406366387 - DEBUG: python_patch2run3-1.3.2
2024-07-10 06:52:52.406394706 - DEBUG: python_patch2run3-1.4.0
2024-07-10 06:52:52.406420326 - DEBUG: python_patch2run3-1.4.1
2024-07-10 06:52:52.406448024 - DEBUG: python_patch2run3-1.5.0
2024-07-10 06:52:52.406475653 - DEBUG: python_patch2run3-1.6.0
2024-07-10 06:52:52.406501858 - DEBUG: python_patch2run3-1.6.1
2024-07-10 06:52:52.406533030 - DEBUG: python_patch2run3-1.6.2
2024-07-10 06:52:52.406606121 - DEBUG: qt_utils-1.0.2
2024-07-10 06:52:52.407716465 - DEBUG: qt_utils-1.0.3
2024-07-10 06:52:52.408734450 - DEBUG: qt_utils-1.0.4
2024-07-10 06:52:52.409795346 - DEBUG: qt_utils-1.1.0
2024-07-10 06:52:52.411037360 - DEBUG: qt_utils-1.1.1
2024-07-10 06:52:52.412329020 - DEBUG: qt_utils-1.1.2
2024-07-10 06:52:52.413469140 - DEBUG: qt_utils-1.2.0
2024-07-10 06:52:52.414598868 - DEBUG: qt_utils-1.2.1
2024-07-10 06:52:52.415832944 - DEBUG: qt_utils-1.3.0
2024-07-10 06:52:52.417314378 - DEBUG: fastoche_guerilla-1.0.0
2024-07-10 06:52:52.417516043 - DEBUG: os_utils-1.0.1
2024-07-10 06:52:52.417734415 - DEBUG: fastoche_core-1.0.0
2024-07-10 06:52:52.417924716 - DEBUG: scandir-1.7
2024-07-10 06:52:52.417971031 - DEBUG: templating_utils-1.0.0
2024-07-10 06:52:52.418008817 - DEBUG: templating_utils-1.0.1
2024-07-10 06:52:52.418037829 - DEBUG: templating_utils-1.0.2
2024-07-10 06:52:52.418070053 - DEBUG: templating_utils-1.0.3
2024-07-10 06:52:52.418100598 - DEBUG: enum34-1.1.6
2024-07-10 06:52:52.418422897 - DEBUG: fortiche_shotgun-1.0.0
2024-07-10 06:52:52.418812991 - DEBUG: fortiche_core-1.0.0
2024-07-10 06:52:52.419189341 - DEBUG: os_utils-1.0.2
2024-07-10 06:52:52.419445719 - DEBUG: os_utils-1.0.3
2024-07-10 06:52:52.420441695 - DEBUG: psutil-5.4.0
2024-07-10 06:52:52.420526550 - DEBUG: psutil-5.9.4
2024-07-10 06:52:52.420742212 - DEBUG: os_utils-1.0.4
2024-07-10 06:52:52.420935695 - DEBUG: os_utils-1.1.0
2024-07-10 06:52:52.421186487 - DEBUG: os_utils-1.2.0
2024-07-10 06:52:52.421504692 - DEBUG: os_utils-1.3.0
2024-07-10 06:52:52.422917763 - DEBUG: os_utils-1.4.0
2024-07-10 06:52:52.423154805 - DEBUG: os_utils-1.4.1
2024-07-10 06:52:52.424425138 - DEBUG: os_utils-1.5.0
2024-07-10 06:52:52.425575681 - DEBUG: os_utils-1.5.1
2024-07-10 06:52:52.425854516 - DEBUG: os_utils-1.6.0
2024-07-10 06:52:52.426095443 - DEBUG: os_utils-1.6.1
2024-07-10 06:52:52.426309833 - DEBUG: os_utils-1.6.2
2024-07-10 06:52:52.427500415 - DEBUG: os_utils-1.6.3
2024-07-10 06:52:52.428642159 - DEBUG: os_utils-1.7.0
2024-07-10 06:52:52.429775565 - DEBUG: os_utils-1.7.1
2024-07-10 06:52:52.431042369 - DEBUG: os_utils-1.8.0
2024-07-10 06:52:52.432209340 - DEBUG: os_utils-1.9.0
2024-07-10 06:52:52.433378359 - DEBUG: os_utils-1.9.1
2024-07-10 06:52:52.434657355 - DEBUG: os_utils-1.9.2
2024-07-10 06:52:52.435840218 - DEBUG: os_utils-1.9.3
2024-07-10 06:52:52.436972229 - DEBUG: os_utils-1.9.4
2024-07-10 06:52:52.438298114 - DEBUG: python_dependency_scan-1.0.0
2024-07-10 06:52:52.438461083 - DEBUG: importlib_metadata-1.6.0
2024-07-10 06:52:52.438482562 - DEBUG: zipp-1.2.0
2024-07-10 06:52:52.438494323 - DEBUG: zipp-3.15.0
2024-07-10 06:52:52.438508002 - DEBUG: pyyed-1.4.3
2024-07-10 06:52:52.438533274 - DEBUG: pyasn1-0.4.8
2024-07-10 06:52:52.438632661 - DEBUG: more_itertools-4.1.0
2024-07-10 06:52:52.438670754 - DEBUG: python_dependency_scan-1.0.1
2024-07-10 06:52:52.438817472 - DEBUG: python_dependency_scan-1.0.2
2024-07-10 06:52:52.438944262 - DEBUG: python_dependency_scan-1.0.3
2024-07-10 06:52:52.439062783 - DEBUG: pydeps-1.10.12
2024-07-10 06:52:52.439077852 - DEBUG: stdlib_list-0.8.0
2024-07-10 06:52:52.439115463 - DEBUG: python_dependency_scan-1.0.4
2024-07-10 06:52:52.439228300 - DEBUG: importlib_metadata-1.7.0
2024-07-10 06:52:52.439260656 - DEBUG: pyyed-1.5.0
2024-07-10 06:52:52.439291192 - DEBUG: enum34-1.1.10
2024-07-10 06:52:52.439307408 - DEBUG: python_dependency_scan-1.1.0
2024-07-10 06:52:52.439434270 - DEBUG: python_dependency_scan-1.1.1
2024-07-10 06:52:52.439774299 - DEBUG: python_dependency_scan-1.1.2
2024-07-10 06:52:52.440084240 - DEBUG: python_dependency_scan-1.1.3
2024-07-10 06:52:52.440369180 - DEBUG: python_dependency_scan-1.1.4
2024-07-10 06:52:52.440723914 - DEBUG: python_dependency_scan-1.1.5
2024-07-10 06:52:52.441045891 - DEBUG: python_dependency_scan-1.1.6
2024-07-10 06:52:52.441356958 - DEBUG: jsmin-2.2.2
2024-07-10 06:52:52.442337622 - DEBUG: fortiche_core-1.1.0
2024-07-10 06:52:52.444340370 - DEBUG: fortiche_core-1.1.1
2024-07-10 06:52:52.446204195 - DEBUG: fortiche_core-1.2.0
2024-07-10 06:52:52.448175651 - DEBUG: fortiche_core-1.3.0
2024-07-10 06:52:52.449922473 - DEBUG: fortiche_core-1.3.1
2024-07-10 06:52:52.451790500 - DEBUG: fortiche_core-1.3.2
2024-07-10 06:52:52.453583654 - DEBUG: fortiche_core-1.3.3
2024-07-10 06:52:52.455272572 - DEBUG: fortiche_core-1.3.4
2024-07-10 06:52:52.456413710 - DEBUG: scandir-1.10.0
2024-07-10 06:52:52.457098598 - DEBUG: fortiche_core-1.3.5
2024-07-10 06:52:52.458809237 - DEBUG: fortiche_core-1.3.6
2024-07-10 06:52:52.460620699 - DEBUG: fortiche_core-1.4.0
2024-07-10 06:52:52.462317062 - DEBUG: fortiche_core-1.4.1
2024-07-10 06:52:52.464295420 - DEBUG: fortiche_core-1.5.0
2024-07-10 06:52:52.466277095 - DEBUG: fortiche_core-1.6.0
2024-07-10 06:52:52.468103176 - DEBUG: fortiche_core-1.6.1
2024-07-10 06:52:52.470054245 - DEBUG: fortiche_core-1.7.0
2024-07-10 06:52:52.471842434 - DEBUG: fortiche_core-1.7.1
2024-07-10 06:52:52.473464875 - DEBUG: fortiche_core-1.8.0
2024-07-10 06:52:52.475101676 - DEBUG: fortiche_core-1.8.1
2024-07-10 06:52:52.476773458 - DEBUG: fortiche_core-1.8.2
2024-07-10 06:52:52.478523128 - DEBUG: fortiche_core-1.8.3
2024-07-10 06:52:52.480405797 - DEBUG: fortiche_core-1.9.0
2024-07-10 06:52:52.482256800 - DEBUG: fortiche_core-1.9.1
2024-07-10 06:52:52.484124189 - DEBUG: fortiche_core-1.10.0
2024-07-10 06:52:52.485834004 - DEBUG: fortiche_core-1.10.1
2024-07-10 06:52:52.487647533 - DEBUG: fortiche_core-1.11.0
2024-07-10 06:52:52.489424291 - DEBUG: fortiche_core-1.11.1
2024-07-10 06:52:52.491868483 - DEBUG: fortiche_core-1.11.2
2024-07-10 06:52:52.493645629 - DEBUG: fortiche_core-1.11.3
2024-07-10 06:52:52.495553984 - DEBUG: fortiche_core-1.11.4
2024-07-10 06:52:52.497394070 - DEBUG: fortiche_core-1.12.0
2024-07-10 06:52:52.499317619 - DEBUG: fortiche_core-1.13.0
2024-07-10 06:52:52.501096199 - DEBUG: fortiche_core-1.14.0
2024-07-10 06:52:52.502886934 - DEBUG: fortiche_core-1.14.1
2024-07-10 06:52:52.504639078 - DEBUG: fortiche_core-1.14.2
2024-07-10 06:52:52.506416926 - DEBUG: fortiche_core-1.15.0
2024-07-10 06:52:52.508340374 - DEBUG: fortiche_core-1.16.0
2024-07-10 06:52:52.510289210 - DEBUG: fortiche_core-1.17.0
2024-07-10 06:52:52.512238508 - DEBUG: fortiche_core-1.18.0
2024-07-10 06:52:52.514067635 - DEBUG: fortiche_core-1.19.0
2024-07-10 06:52:52.515894746 - DEBUG: fortiche_core-1.20.0
2024-07-10 06:52:52.517822906 - DEBUG: fortiche_core-1.20.1
2024-07-10 06:52:52.519664074 - DEBUG: fortiche_core-1.20.2
2024-07-10 06:52:52.521620545 - DEBUG: fortiche_core-1.21.0
2024-07-10 06:52:52.523589295 - DEBUG: fortiche_core-1.21.1
2024-07-10 06:52:52.525291935 - DEBUG: fortiche_core-1.22.0
2024-07-10 06:52:52.527099717 - DEBUG: fortiche_core-1.23.0
2024-07-10 06:52:52.528825366 - DEBUG: ffmpeg_utils-1.1.0
2024-07-10 06:52:52.529284361 - DEBUG: ffmpeg_utils-1.2.0
2024-07-10 06:52:52.529649831 - DEBUG: ffmpeg_utils-1.3.0
2024-07-10 06:52:52.530085018 - DEBUG: ffmpeg_utils-1.3.1
2024-07-10 06:52:52.530494499 - DEBUG: ffmpeg_utils-1.3.2
2024-07-10 06:52:52.530918815 - DEBUG: ffmpeg_utils-1.3.3
2024-07-10 06:52:52.531586096 - DEBUG: ffmpeg_utils-1.4.0
2024-07-10 06:52:52.532009303 - DEBUG: ffmpeg_utils-1.4.1
2024-07-10 06:52:52.532451136 - DEBUG: ffmpeg_utils-1.5.0
2024-07-10 06:52:52.532816644 - DEBUG: ffmpeg_utils-1.5.1
2024-07-10 06:52:52.533258504 - DEBUG: ffmpeg_utils-1.6.0
2024-07-10 06:52:52.533875703 - DEBUG: app_launcher-1.1.0
2024-07-10 06:52:52.535202921 - DEBUG: app_launcher-1.3.0
2024-07-10 06:52:52.536467691 - DEBUG: app_launcher-1.4.0
2024-07-10 06:52:52.537665834 - DEBUG: app_launcher-1.4.1
2024-07-10 06:52:52.538948869 - DEBUG: app_launcher-1.5.0
2024-07-10 06:52:52.540258319 - DEBUG: app_launcher-1.6.0
2024-07-10 06:52:52.541729547 - DEBUG: app_launcher-1.6.1
2024-07-10 06:52:52.542964272 - DEBUG: app_launcher-1.7.0
2024-07-10 06:52:52.544259921 - DEBUG: app_launcher-1.8.0
2024-07-10 06:52:52.545616177 - DEBUG: app_launcher-1.9.0
2024-07-10 06:52:52.546956074 - DEBUG: app_launcher-1.9.1
2024-07-10 06:52:52.548260719 - DEBUG: app_launcher-1.9.2
2024-07-10 06:52:52.549582760 - DEBUG: app_launcher-1.10.0
2024-07-10 06:52:52.550881498 - DEBUG: app_launcher-1.11.0
2024-07-10 06:52:52.552185844 - DEBUG: app_launcher-1.12.0
2024-07-10 06:52:52.553434942 - DEBUG: app_launcher-1.13.0
2024-07-10 06:52:52.554679403 - DEBUG: app_launcher-1.14.0
2024-07-10 06:52:52.556008719 - DEBUG: app_launcher-1.15.0
2024-07-10 06:52:52.557315639 - DEBUG: app_launcher-1.16.0
2024-07-10 06:52:52.558664526 - DEBUG: app_launcher-1.17.0
2024-07-10 06:52:52.560023905 - DEBUG: app_launcher-1.18.0
2024-07-10 06:52:52.561308771 - DEBUG: app_launcher-1.19.0
2024-07-10 06:52:52.562613202 - DEBUG: app_launcher-1.20.0
2024-07-10 06:52:52.563943004 - DEBUG: app_launcher-1.21.0
2024-07-10 06:52:52.565191586 - DEBUG: app_launcher-1.22.0
2024-07-10 06:52:52.566481907 - DEBUG: app_launcher-1.23.0
2024-07-10 06:52:52.567846222 - DEBUG: app_launcher-1.24.0
2024-07-10 06:52:52.569145695 - DEBUG: app_launcher-1.25.0
2024-07-10 06:52:52.570436913 - DEBUG: app_launcher-1.26.0
2024-07-10 06:52:52.571772992 - DEBUG: app_launcher-1.26.1
2024-07-10 06:52:52.573072912 - DEBUG: app_launcher-1.27.0
2024-07-10 06:52:52.574323262 - DEBUG: app_launcher-1.28.0
2024-07-10 06:52:52.575604291 - DEBUG: app_launcher-1.28.1
2024-07-10 06:52:52.576852026 - DEBUG: app_launcher-1.28.2
2024-07-10 06:52:52.578171732 - DEBUG: shotgun_sglink_launcher-1.0.0
2024-07-10 06:52:52.579571684 - DEBUG: shotgun_utils-1.0.0
2024-07-10 06:52:52.579613463 - DEBUG: shotgun_utils-1.1.0
2024-07-10 06:52:52.579632142 - DEBUG: shotgun_utils-1.1.1
2024-07-10 06:52:52.579648657 - DEBUG: shotgun_utils-1.2.0
2024-07-10 06:52:52.579665349 - DEBUG: shotgun_utils-1.3.0
2024-07-10 06:52:52.579682650 - DEBUG: shotgun_utils-1.3.1
2024-07-10 06:52:52.579877479 - DEBUG: shotgun_utils-1.3.2
2024-07-10 06:52:52.580114952 - DEBUG: shotgun_utils-1.3.3
2024-07-10 06:52:52.580352378 - DEBUG: shotgun_sglink_launcher-1.1.0
2024-07-10 06:52:52.581747432 - DEBUG: shotgun_sglink_launcher-1.1.1
2024-07-10 06:52:52.583111881 - DEBUG: shotgun_sglink_launcher-1.2.0
2024-07-10 06:52:52.584741147 - DEBUG: shotgun_sglink_launcher-1.2.1
2024-07-10 06:52:52.586366876 - DEBUG: shotgun_sglink_launcher-1.2.2
2024-07-10 06:52:52.588226355 - DEBUG: shotgun_sglink_launcher-1.2.3
2024-07-10 06:52:52.590041294 - DEBUG: shotgun_sglink_launcher-1.3.0
2024-07-10 06:52:52.592983715 - DEBUG: shotgun_sglink_launcher-1.3.1
2024-07-10 06:52:52.596201750 - DEBUG: shotgun_sglink_launcher-1.3.2
2024-07-10 06:52:52.598870252 - DEBUG: shotgun_sglink_launcher-1.3.3
2024-07-10 06:52:52.601772368 - DEBUG: shotgun_sglink_launcher-1.3.4
2024-07-10 06:52:52.605840788 - DEBUG: nested_dict-1.61
2024-07-10 06:52:52.605929644 - DEBUG: cffi-1.15.0
2024-07-10 06:52:52.605945247 - DEBUG: cffi-1.15.1
2024-07-10 06:52:52.605962217 - DEBUG: idna-2.10
2024-07-10 06:52:52.605972656 - DEBUG: idna-3.3
2024-07-10 06:52:52.605981385 - DEBUG: idna-3.4
2024-07-10 06:52:52.605990380 - DEBUG: idna-3.7
2024-07-10 06:52:52.606001404 - DEBUG: asn1crypto-1.5.1
2024-07-10 06:52:52.606071002 - DEBUG: ntplib-0.3.4
2024-07-10 06:52:52.606085246 - DEBUG: boto3-1.17.112
2024-07-10 06:52:52.606146400 - DEBUG: botocore-1.20.112
2024-07-10 06:52:52.606215416 - DEBUG: jmespath-0.10.0
2024-07-10 06:52:52.606291226 - DEBUG: s3transfer-0.4.2
2024-07-10 06:52:52.606341759 - DEBUG: botocore-1.29.130
2024-07-10 06:52:52.606364107 - DEBUG: boto3-1.26.130
2024-07-10 06:52:52.606403603 - DEBUG: fortiche_shotgun-1.1.0
2024-07-10 06:52:52.610245209 - DEBUG: fortiche_shotgun-1.2.0
2024-07-10 06:52:52.613916728 - DEBUG: fortiche_shotgun-1.3.0
2024-07-10 06:52:52.617502705 - DEBUG: fortiche_shotgun-1.3.1
2024-07-10 06:52:52.620901188 - DEBUG: fortiche_shotgun-1.4.0
2024-07-10 06:52:52.624308505 - DEBUG: fortiche_shotgun-1.4.1
2024-07-10 06:52:52.627740172 - DEBUG: fortiche_shotgun-1.4.2
2024-07-10 06:52:52.631059093 - DEBUG: fortiche_shotgun-1.5.0
2024-07-10 06:52:52.634444840 - DEBUG: fortiche_shotgun-1.6.0
2024-07-10 06:52:52.637875811 - DEBUG: fortiche_shotgun-1.7.0
2024-07-10 06:52:52.641282868 - DEBUG: fortiche_shotgun-1.7.1
2024-07-10 06:52:52.641565762 - DEBUG: ntplib-0.4.0
2024-07-10 06:52:52.644825543 - DEBUG: fortiche_shotgun-1.8.0
2024-07-10 06:52:52.648603533 - DEBUG: fortiche_shotgun-1.9.0
2024-07-10 06:52:52.652682932 - DEBUG: fortiche_shotgun-1.9.1
2024-07-10 06:52:52.656995672 - DEBUG: fortiche_shotgun-1.9.2
2024-07-10 06:52:52.661274994 - DEBUG: fortiche_shotgun-1.10.0
2024-07-10 06:52:52.665528315 - DEBUG: fortiche_shotgun-1.11.0
2024-07-10 06:52:52.669872546 - DEBUG: fortiche_shotgun-1.11.1
2024-07-10 06:52:52.674164234 - DEBUG: fortiche_shotgun-1.12.0
2024-07-10 06:52:52.678434782 - DEBUG: fortiche_shotgun-1.12.1
2024-07-10 06:52:52.682757912 - DEBUG: fortiche_shotgun-1.12.2
2024-07-10 06:52:52.687076073 - DEBUG: fortiche_shotgun-1.12.3
2024-07-10 06:52:52.691029968 - DEBUG: fortiche_shotgun-1.12.4
2024-07-10 06:52:52.694937421 - DEBUG: fortiche_shotgun-1.13.0
2024-07-10 06:52:52.698768863 - DEBUG: fortiche_shotgun-1.14.0
2024-07-10 06:52:52.702269650 - DEBUG: fortiche_shotgun-1.15.0
2024-07-10 06:52:52.705829386 - DEBUG: fortiche_shotgun-1.16.0
2024-07-10 06:52:52.709719349 - DEBUG: fortiche_shotgun-1.16.1
2024-07-10 06:52:52.713601532 - DEBUG: fortiche_shotgun-1.17.0
2024-07-10 06:52:52.717525527 - DEBUG: fortiche_shotgun-1.18.0
2024-07-10 06:52:52.721226177 - DEBUG: fortiche_shotgun-1.18.1
2024-07-10 06:52:52.724738238 - DEBUG: fortiche_shotgun-1.19.0
2024-07-10 06:52:52.728433646 - DEBUG: fortiche_shotgun-1.19.1
2024-07-10 06:52:52.732175820 - DEBUG: fortiche_shotgun-1.20.0
2024-07-10 06:52:52.736193477 - DEBUG: fortiche_shotgun-1.21.0
2024-07-10 06:52:52.740258406 - DEBUG: fortiche_shotgun-1.21.1
2024-07-10 06:52:52.744150291 - DEBUG: fortiche_shotgun-1.22.0
2024-07-10 06:52:52.748088746 - DEBUG: fortiche_shotgun-1.23.0
2024-07-10 06:52:52.751759803 - DEBUG: fortiche_shotgun-1.24.0
2024-07-10 06:52:52.755465389 - DEBUG: fortiche_shotgun-1.24.1
2024-07-10 06:52:52.759563374 - DEBUG: fortiche_shotgun-1.24.2
2024-07-10 06:52:52.763773812 - DEBUG: fortiche_shotgun-1.24.3
2024-07-10 06:52:52.768037530 - DEBUG: fortiche_shotgun-1.24.4
2024-07-10 06:52:52.772484507 - DEBUG: fortiche_shotgun-1.24.5
2024-07-10 06:52:52.778024627 - DEBUG: horizon-1.0.0
2024-07-10 06:52:52.781042139 - DEBUG: horizon-1.1.0
2024-07-10 06:52:52.783724745 - DEBUG: horizon-1.1.1
2024-07-10 06:52:52.786467795 - DEBUG: horizon-1.2.0
2024-07-10 06:52:52.789127425 - DEBUG: horizon-1.3.0
2024-07-10 06:52:52.790377041 - DEBUG: fortiche_qt-1.0.0
2024-07-10 06:52:52.792008834 - DEBUG: fortiche_qt-1.0.1
2024-07-10 06:52:52.793603310 - DEBUG: fortiche_qt-1.0.2
2024-07-10 06:52:52.796621783 - DEBUG: horizon-1.3.1
2024-07-10 06:52:52.799273507 - DEBUG: horizon-1.3.2
2024-07-10 06:52:52.802008904 - DEBUG: horizon-1.4.0
2024-07-10 06:52:52.804710231 - DEBUG: horizon-1.4.1
2024-07-10 06:52:52.807385038 - DEBUG: horizon-1.5.0
2024-07-10 06:52:52.810138767 - DEBUG: horizon-1.6.0
2024-07-10 06:52:52.812829350 - DEBUG: horizon-1.7.0
2024-07-10 06:52:52.815542801 - DEBUG: horizon-1.7.1
2024-07-10 06:52:52.818488310 - DEBUG: horizon-1.8.0
2024-07-10 06:52:52.821399917 - DEBUG: horizon-1.9.0
2024-07-10 06:52:52.823899614 - DEBUG: horizon-1.10.0
2024-07-10 06:52:52.828277710 - DEBUG: fastoche_core-1.1.0
2024-07-10 06:52:52.832589300 - DEBUG: fastoche_core-1.1.1
2024-07-10 06:52:52.836839763 - DEBUG: fastoche_core-1.1.2
2024-07-10 06:52:52.841091891 - DEBUG: fastoche_core-1.1.3
2024-07-10 06:52:52.845411028 - DEBUG: fastoche_core-1.1.4
2024-07-10 06:52:52.849836955 - DEBUG: fastoche_core-1.1.5
2024-07-10 06:52:52.853981196 - DEBUG: fastoche_core-1.2.0
2024-07-10 06:52:52.858256110 - DEBUG: fastoche_core-1.2.1
2024-07-10 06:52:52.862444608 - DEBUG: fastoche_core-1.3.0
2024-07-10 06:52:52.866608163 - DEBUG: fastoche_core-1.3.1
2024-07-10 06:52:52.868006378 - DEBUG: OpenTimelineIO-0.14.0
2024-07-10 06:52:52.868024074 - DEBUG: OpenTimelineIO-0.14.0-inside-nuke-13.2-pkg.0
2024-07-10 06:52:52.868057028 - DEBUG: rez-2.104.7
2024-07-10 06:52:52.868220976 - DEBUG: python-2.7-inside-fbox-pkg.0
2024-07-10 06:52:52.868413027 - DEBUG: python-2.7-inside-guerilla-2.3-pkg.0
2024-07-10 06:52:52.868606965 - DEBUG: python-2.7-inside-maya-2018-pkg.0
2024-07-10 06:52:52.868745690 - DEBUG: OpenTimelineIO-0.14.1
2024-07-10 06:52:52.868759752 - DEBUG: OpenTimelineIO-0.15-inside-nuke-14.0-pkg.0
2024-07-10 06:52:52.868800656 - DEBUG: OpenTimelineIO-0.15.0
2024-07-10 06:52:52.868925308 - DEBUG: python-2.7-inside-maya-2022-pkg.0
2024-07-10 06:52:52.869136275 - DEBUG: python-2.7-pkg.0
2024-07-10 06:52:52.869310590 - DEBUG: python-2.7-pkg.1
2024-07-10 06:52:52.869454396 - DEBUG: python-3.7-inside-mari-5.0-pkg.0
2024-07-10 06:52:52.869634329 - DEBUG: python-3.7-inside-mari-5.0-pkg.1
2024-07-10 06:52:52.869793043 - DEBUG: python-3.7-inside-mari-5.0-pkg.2
2024-07-10 06:52:52.869960791 - DEBUG: python-3.7-inside-maya-2022-pkg.0
2024-07-10 06:52:52.870181183 - DEBUG: python-3.7-inside-maya-2022-pkg.1
2024-07-10 06:52:52.870326082 - DEBUG: python-3.7-inside-maya-2022-pkg.2
2024-07-10 06:52:52.870489852 - DEBUG: python-3.7-inside-nuke-13.2-pkg.0
2024-07-10 06:52:52.870750503 - DEBUG: python-3.7-inside-nuke-13.2-pkg.1
2024-07-10 06:52:52.870946661 - DEBUG: python-3.7-pkg.0
2024-07-10 06:52:52.871097753 - DEBUG: python-3.7-pkg.1
2024-07-10 06:52:52.871370607 - DEBUG: python-3.9-inside-houdini-19.5-pkg.0
2024-07-10 06:52:52.871615254 - DEBUG: python-3.9-inside-houdini-19.5-pkg.1
2024-07-10 06:52:52.871783228 - DEBUG: python-3.9-inside-nuke-14.0-pkg.0
2024-07-10 06:52:52.872049660 - DEBUG: python-3.9-inside-nuke-14.0-pkg.1
2024-07-10 06:52:52.872203581 - DEBUG: python-3.9-pkg.0
2024-07-10 06:52:52.872354787 - DEBUG: python-3.9-pkg.1
2024-07-10 06:52:52.872538414 - DEBUG: python-3.10-inside-blender-3.6-pkg.0
2024-07-10 06:52:52.875698645 - DEBUG: fastoche_core-1.3.2
2024-07-10 06:52:52.880020354 - DEBUG: fastoche_core-1.4.0
2024-07-10 06:52:52.884373736 - DEBUG: fastoche_core-1.5.0
2024-07-10 06:52:52.888742525 - DEBUG: fastoche_core-1.6.0
2024-07-10 06:52:52.893020104 - DEBUG: fastoche_core-1.6.1
2024-07-10 06:52:52.897227154 - DEBUG: fastoche_core-1.6.2
2024-07-10 06:52:52.901274630 - DEBUG: fastoche_core-1.7.0
2024-07-10 06:52:52.905740612 - DEBUG: fastoche_core-1.7.1
2024-07-10 06:52:52.910323927 - DEBUG: fastoche_core-1.7.2
2024-07-10 06:52:52.915456877 - DEBUG: fastoche_core-1.7.3
2024-07-10 06:52:52.920576068 - DEBUG: fastoche_core-1.7.4
2024-07-10 06:52:52.925314084 - DEBUG: fastoche_core-1.7.5
2024-07-10 06:52:52.930425805 - DEBUG: fastoche_core-1.8.0
2024-07-10 06:52:52.935197894 - DEBUG: fastoche_core-1.9.0
2024-07-10 06:52:52.940044758 - DEBUG: fastoche_core-1.9.1
2024-07-10 06:52:52.944782882 - DEBUG: fastoche_core-1.9.2
2024-07-10 06:52:52.949652249 - DEBUG: fastoche_core-1.9.3
2024-07-10 06:52:52.954618724 - DEBUG: fastoche_core-1.9.4
2024-07-10 06:52:52.959608519 - DEBUG: fastoche_core-1.10.0
2024-07-10 06:52:52.965044354 - DEBUG: fastoche_core-1.10.1
2024-07-10 06:52:52.970494559 - DEBUG: fastoche_core-1.10.2
2024-07-10 06:52:52.975716755 - DEBUG: fastoche_core-1.11.0
2024-07-10 06:52:52.980565306 - DEBUG: fastoche_core-1.12.0
2024-07-10 06:52:52.985958317 - DEBUG: fastoche_core-1.13.0
2024-07-10 06:52:52.991206271 - DEBUG: fastoche_core-1.13.1
2024-07-10 06:52:52.996082557 - DEBUG: fastoche_core-1.14.0
2024-07-10 06:52:53.001222639 - DEBUG: fastoche_core-1.15.0
2024-07-10 06:52:53.005740378 - DEBUG: fastoche_core-1.16.0
2024-07-10 06:52:53.006391115 - DEBUG: MarkupSafe-1.1.1
2024-07-10 06:52:53.006474887 - DEBUG: MarkupSafe-2.0.1
2024-07-10 06:52:53.010752840 - DEBUG: fastoche_core-1.17.0
2024-07-10 06:52:53.016065181 - DEBUG: fastoche_core-1.17.1
2024-07-10 06:52:53.021477138 - DEBUG: fastoche_core-1.17.2
2024-07-10 06:52:53.026900291 - DEBUG: fastoche_core-1.18.0
2024-07-10 06:52:53.032359235 - DEBUG: fastoche_core-1.19.0
2024-07-10 06:52:53.043099141 - DEBUG: fastoche_guerilla-1.1.0
2024-07-10 06:52:53.049147856 - DEBUG: fastoche_guerilla-1.2.0
2024-07-10 06:52:53.055066644 - DEBUG: fastoche_guerilla-1.3.0
2024-07-10 06:52:53.061079975 - DEBUG: fastoche_guerilla-1.3.1
2024-07-10 06:52:53.066881582 - DEBUG: fastoche_guerilla-1.4.0
2024-07-10 06:52:53.072645940 - DEBUG: fastoche_guerilla-1.5.0
2024-07-10 06:52:53.078682465 - DEBUG: fastoche_guerilla-1.5.1
2024-07-10 06:52:53.084453121 - DEBUG: fastoche_guerilla-1.5.2
2024-07-10 06:52:53.089624422 - DEBUG: fastoche_guerilla-1.6.0
2024-07-10 06:52:53.094873426 - DEBUG: fastoche_guerilla-1.7.0
2024-07-10 06:52:53.100325418 - DEBUG: fastoche_guerilla-1.9.1
2024-07-10 06:52:53.105982106 - DEBUG: fastoche_guerilla-1.10.0
2024-07-10 06:52:53.111974744 - DEBUG: fastoche_guerilla-1.11.0
2024-07-10 06:52:53.117650579 - DEBUG: fastoche_guerilla-1.11.1
2024-07-10 06:52:53.122995103 - DEBUG: fastoche_guerilla-1.11.2
2024-07-10 06:52:53.128116859 - DEBUG: fastoche_guerilla-1.12.0
2024-07-10 06:52:53.133589626 - DEBUG: fastoche_guerilla-1.12.1
2024-07-10 06:52:53.138622857 - DEBUG: fastoche_guerilla-1.13.0
2024-07-10 06:52:53.143800190 - DEBUG: fastoche_guerilla-1.13.1
2024-07-10 06:52:53.148822985 - DEBUG: fastoche_guerilla-1.13.2
2024-07-10 06:52:53.153666115 - DEBUG: fastoche_guerilla-1.14.0
2024-07-10 06:52:53.159258526 - DEBUG: fastoche_guerilla-1.15.0
2024-07-10 06:52:53.165011725 - DEBUG: fastoche_guerilla-1.16.0
2024-07-10 06:52:53.170436173 - DEBUG: fastoche_guerilla-1.16.1
2024-07-10 06:52:53.175975210 - DEBUG: fastoche_guerilla-1.17.0
2024-07-10 06:52:53.181439568 - DEBUG: fastoche_guerilla-1.17.1
2024-07-10 06:52:53.186961813 - DEBUG: fastoche_guerilla-1.18.0
2024-07-10 06:52:53.192313548 - DEBUG: fastoche_guerilla-1.18.1
2024-07-10 06:52:53.197081615 - DEBUG: fastoche_guerilla-1.18.2
2024-07-10 06:52:53.201742019 - DEBUG: fastoche_guerilla-1.18.3
2024-07-10 06:52:53.206641274 - DEBUG: fastoche_guerilla-1.18.4
2024-07-10 06:52:53.211705198 - DEBUG: fastoche_guerilla-1.19.0
2024-07-10 06:52:53.216736340 - DEBUG: fastoche_guerilla-1.20.0
2024-07-10 06:52:53.222064913 - DEBUG: fastoche_guerilla-1.21.0
2024-07-10 06:52:53.227557640 - DEBUG: fastoche_guerilla-1.21.1
2024-07-10 06:52:53.234019893 - DEBUG: appy-1.0.0
2024-07-10 06:52:53.234286050 - DEBUG: templaters-1.0.0
2024-07-10 06:52:53.237077513 - DEBUG: templaters-1.1.0
2024-07-10 06:52:53.239951438 - DEBUG: templaters-1.1.1
2024-07-10 06:52:53.242651023 - DEBUG: templaters-1.2.0
2024-07-10 06:52:53.245168197 - DEBUG: templaters-1.2.1
2024-07-10 06:52:53.250502646 - DEBUG: cryptography-2.2.2
2024-07-10 06:52:53.250604368 - DEBUG: cryptography-2.2.2-pkg.0
2024-07-10 06:52:53.250615943 - DEBUG: cryptography-2.2.2-pkg.1
2024-07-10 06:52:53.250654854 - DEBUG: appy-1.0.1
2024-07-10 06:52:53.253731170 - DEBUG: appy-1.0.2
2024-07-10 06:52:53.256792110 - DEBUG: appy-1.0.3
2024-07-10 06:52:53.260039577 - DEBUG: appy-1.0.4
2024-07-10 06:52:53.263137633 - DEBUG: appy-1.1.0
2024-07-10 06:52:53.266055931 - DEBUG: appy-1.2.0
2024-07-10 06:52:53.267395991 - DEBUG: cryptography-2.9.2
2024-07-10 06:52:53.269393300 - DEBUG: appy-1.2.1
2024-07-10 06:52:53.272686437 - DEBUG: appy-1.3.0
2024-07-10 06:52:53.275958649 - DEBUG: appy-1.3.1
2024-07-10 06:52:53.279286443 - DEBUG: appy-1.3.2
2024-07-10 06:52:53.282404089 - DEBUG: appy-1.4.0
2024-07-10 06:52:53.285497612 - DEBUG: appy-1.5.0
2024-07-10 06:52:53.288517941 - DEBUG: appy-1.5.1
2024-07-10 06:52:53.291664924 - DEBUG: appy-1.5.2
2024-07-10 06:52:53.296700866 - DEBUG: os_utils-2.0.1
2024-07-10 06:52:53.297499808 - DEBUG: jsmin-3.0.1
2024-07-10 06:52:53.297635426 - DEBUG: qt_utils-2.0.0
2024-07-10 06:52:53.298759560 - DEBUG: qt_utils-2.0.1
2024-07-10 06:53:00.615526898 - INFO: Context name: 12b596c2-2d53-4dda-ac56-2a9061a6d679
2024-07-10 06:53:00.623591799 - DEBUG: houdini_utils-1.2.0
2024-07-10 06:53:00.623708624 - DEBUG: requests-2.13.0
2024-07-10 06:53:00.623787012 - DEBUG: urllib3-1.26.9
2024-07-10 06:53:00.623823834 - DEBUG: pycparser-2.21
2024-07-10 06:53:00.623842200 - DEBUG: et_xmlfile-1.0.1
2024-07-10 06:53:00.623881993 - DEBUG: smmap2-3.0.1
2024-07-10 06:53:00.623903575 - DEBUG: smmap-3.0.5
2024-07-10 06:53:00.623943354 - DEBUG: six-1.11.0
2024-07-10 06:53:00.624009665 - DEBUG: requests-2.27.1
2024-07-10 06:53:00.624070403 - DEBUG: urllib3-1.26.12
2024-07-10 06:53:00.624095671 - DEBUG: urllib3-1.26.15
2024-07-10 06:53:00.624117533 - DEBUG: certifi-2021.10.8
2024-07-10 06:53:00.624184705 - DEBUG: certifi-2022.5.18.1
2024-07-10 06:53:00.624241191 - DEBUG: certifi-2022.12.7
2024-07-10 06:53:00.624299809 - DEBUG: certifi-2023.5.7
2024-07-10 06:53:00.624344804 - DEBUG: certifi-2024.6.2
2024-07-10 06:53:00.624420576 - DEBUG: requests-2.28.2
2024-07-10 06:53:00.624430087 - DEBUG: requests-2.30.0
2024-07-10 06:53:00.624437533 - DEBUG: requests-2.31.0
2024-07-10 06:53:00.624444729 - DEBUG: requests-2.32.3
2024-07-10 06:53:00.624458603 - DEBUG: six-1.16.0
2024-07-10 06:53:00.624508005 - DEBUG: et_xmlfile-1.1.0
2024-07-10 06:53:00.624549538 - DEBUG: jdcal-1.4.1
2024-07-10 06:53:00.624563344 - DEBUG: timecode-1.3.1
2024-07-10 06:53:00.624682199 - DEBUG: houdini_utils-1.2.1
2024-07-10 06:53:07.837683375 - INFO: Context name: a91c36f6-9ed7-4b7b-ae4c-b79321ccb11b
2024-07-10 06:53:07.844813857 - DEBUG: fortiche_core-2.3.0
2024-07-10 06:53:07.845134178 - DEBUG: Jinja2-2.10
2024-07-10 06:53:07.845156872 - DEBUG: Jinja2-2.11.3
2024-07-10 06:53:07.845175767 - DEBUG: numpy-1.16.4
2024-07-10 06:53:07.845203864 - DEBUG: six-1.11.0
2024-07-10 06:53:07.845241299 - DEBUG: requests-2.13.0
2024-07-10 06:53:07.845307052 - DEBUG: urllib3-1.26.9
2024-07-10 06:53:07.845324825 - DEBUG: pycparser-2.21
2024-07-10 06:53:07.845339774 - DEBUG: et_xmlfile-1.0.1
2024-07-10 06:53:07.845375980 - DEBUG: smmap2-3.0.1
2024-07-10 06:53:07.845419689 - DEBUG: smmap-3.0.5
2024-07-10 06:53:07.845434859 - DEBUG: six-1.16.0
2024-07-10 06:53:07.845487187 - DEBUG: requests-2.27.1
2024-07-10 06:53:07.845540968 - DEBUG: urllib3-1.26.12
2024-07-10 06:53:07.845559858 - DEBUG: urllib3-1.26.15
2024-07-10 06:53:07.845580665 - DEBUG: certifi-2021.10.8
2024-07-10 06:53:07.845624950 - DEBUG: certifi-2022.5.18.1
2024-07-10 06:53:07.845669781 - DEBUG: certifi-2022.12.7
2024-07-10 06:53:07.845717383 - DEBUG: certifi-2023.5.7
2024-07-10 06:53:07.845761669 - DEBUG: certifi-2024.6.2
2024-07-10 06:53:07.845824735 - DEBUG: requests-2.28.2
2024-07-10 06:53:07.845837228 - DEBUG: requests-2.30.0
2024-07-10 06:53:07.845857253 - DEBUG: requests-2.31.0
2024-07-10 06:53:07.845863586 - DEBUG: requests-2.32.3
2024-07-10 06:53:07.845871408 - DEBUG: et_xmlfile-1.1.0
2024-07-10 06:53:07.845903187 - DEBUG: jdcal-1.4.1
2024-07-10 06:53:07.845932039 - DEBUG: timecode-1.3.1
2024-07-10 06:53:07.846042997 - DEBUG: httplib2-0.20.4
2024-07-10 06:53:07.846092045 - DEBUG: text_unidecode-1.2
2024-07-10 06:53:07.846171724 - DEBUG: uritemplate-3.0.1
2024-07-10 06:53:07.846216138 - DEBUG: google_auth_httplib2-0.1.0
2024-07-10 06:53:07.846261892 - DEBUG: google_auth-2.6.2
2024-07-10 06:53:07.846282596 - DEBUG: httplib2-0.11.3
2024-07-10 06:53:07.846333219 - DEBUG: python_dateutil-2.8.2
2024-07-10 06:53:07.846378803 - DEBUG: numpy-1.16.6
2024-07-10 06:53:07.846417533 - DEBUG: numpy-1.21.6
2024-07-10 06:53:07.846493034 - DEBUG: templating_utils-2.0.0
2024-07-10 06:53:07.846704669 - DEBUG: python_utils-2.0.0
2024-07-10 06:53:07.846738200 - DEBUG: future-0.18.2
2024-07-10 06:53:07.846815646 - DEBUG: future-0.18.3
2024-07-10 06:53:07.846905160 - DEBUG: python_utils-2.0.1
2024-07-10 06:53:07.846985316 - DEBUG: python_utils-2.0.2
2024-07-10 06:53:07.847018138 - DEBUG: python_utils-2.0.3
2024-07-10 06:53:07.847048972 - DEBUG: python_utils-2.1.0
2024-07-10 06:53:07.847074271 - DEBUG: python_utils-2.2.0
2024-07-10 06:53:07.847099291 - DEBUG: python_utils-2.2.1
2024-07-10 06:53:07.847173664 - DEBUG: sentry_sdk-0.10.2
2024-07-10 06:53:07.847186664 - DEBUG: termcolor-1.1.0
2024-07-10 06:53:07.847207829 - DEBUG: click-6.7
2024-07-10 06:53:07.847295634 - DEBUG: click-8.1.3
2024-07-10 06:53:07.847421053 - DEBUG: PySide2-5.12-inside-mari-5.0-pkg.0
2024-07-10 06:53:07.847481715 - DEBUG: shiboken2-5.12.0
2024-07-10 06:53:07.847563557 - DEBUG: PySide2-5.12.0
2024-07-10 06:53:07.847607038 - DEBUG: PySide2-5.12.6-inside-nuke-13.2-pkg.0
2024-07-10 06:53:07.847664526 - DEBUG: PySide2-5.15-inside-nuke-14.0-pkg.0
2024-07-10 06:53:07.847700341 - DEBUG: PySide2-5.15.2-inside-houdini-19.5-pkg.0
2024-07-10 06:53:07.847743244 - DEBUG: PySide2-5.15.2-inside-maya-2022-pkg.0
2024-07-10 06:53:07.847789384 - DEBUG: PySide2-5.15.2.1
2024-07-10 06:53:07.847824596 - DEBUG: shiboken2-5.15.2.1
2024-07-10 06:53:07.847951489 - DEBUG: PySide2-5.15.2.1-pkg.1
2024-07-10 06:53:07.848032804 - DEBUG: fishbowl-2.0.0
2024-07-10 06:53:07.848156052 - DEBUG: python_patch2run3-1.7.0
2024-07-10 06:53:07.848191948 - DEBUG: future-0.16.0
2024-07-10 06:53:07.848267547 - DEBUG: python_patch2run3-1.7.1
2024-07-10 06:53:07.848292681 - DEBUG: python_patch2run3-1.7.2
2024-07-10 06:53:07.848315893 - DEBUG: python_patch2run3-1.7.3
2024-07-10 06:53:07.848531683 - DEBUG: configparser-3.5.0
2024-07-10 06:53:07.848624016 - DEBUG: configparser-3.8.1
2024-07-10 06:53:07.848636415 - DEBUG: configparser-4.0.2
2024-07-10 06:53:07.848643934 - DEBUG: fishbowl-2.1.0
2024-07-10 06:53:07.848865812 - DEBUG: fishbowl-2.1.1
2024-07-10 06:53:07.849136671 - DEBUG: fishbowl-2.1.2
2024-07-10 06:53:07.849459440 - DEBUG: os_utils-2.0.0
2024-07-10 06:53:07.849655619 - DEBUG: python_utils-1.0.0
2024-07-10 06:53:07.849773591 - DEBUG: carbon-1.0.0
2024-07-10 06:53:07.849856441 - DEBUG: fishbowl-1.0.0
2024-07-10 06:53:07.849916929 - DEBUG: fishbowl-1.0.1
2024-07-10 06:53:07.849966512 - DEBUG: fishbowl-1.0.2
2024-07-10 06:53:07.850021205 - DEBUG: fishbowl-1.1.0
2024-07-10 06:53:07.850077286 - DEBUG: fishbowl-1.1.2
2024-07-10 06:53:07.850238336 - DEBUG: fishbowl-1.1.3
2024-07-10 06:53:07.850392621 - DEBUG: fishbowl-1.2.0
2024-07-10 06:53:07.850539975 - DEBUG: fishbowl-1.3.0
2024-07-10 06:53:07.850774199 - DEBUG: python_utils-1.0.1
2024-07-10 06:53:07.850816092 - DEBUG: python_utils-1.0.2
2024-07-10 06:53:07.850849332 - DEBUG: python_utils-1.1.0
2024-07-10 06:53:07.850884171 - DEBUG: python_utils-1.2.1
2024-07-10 06:53:07.850951809 - DEBUG: python_utils-1.3.0
2024-07-10 06:53:07.850991164 - DEBUG: python_utils-1.4.0
2024-07-10 06:53:07.851040850 - DEBUG: python_utils-1.4.1
2024-07-10 06:53:07.851087850 - DEBUG: python_utils-1.4.2
2024-07-10 06:53:07.851145817 - DEBUG: python_utils-1.4.3
2024-07-10 06:53:07.851177232 - DEBUG: python_utils-1.5.0
2024-07-10 06:53:07.851214281 - DEBUG: python_utils-1.6.0
2024-07-10 06:53:07.851249135 - DEBUG: python_utils-1.6.1
2024-07-10 06:53:07.851309627 - DEBUG: python_utils-1.7.0
2024-07-10 06:53:07.851356278 - DEBUG: python_utils-1.7.1
2024-07-10 06:53:07.851412286 - DEBUG: python_utils-1.7.2
2024-07-10 06:53:07.851447904 - DEBUG: python_utils-1.8.0
2024-07-10 06:53:07.851488244 - DEBUG: python_utils-1.8.1
2024-07-10 06:53:07.851531375 - DEBUG: python_utils-1.8.2
2024-07-10 06:53:07.851573574 - DEBUG: python_utils-1.8.3
2024-07-10 06:53:07.851618303 - DEBUG: python_utils-1.8.4
2024-07-10 06:53:07.851661740 - DEBUG: python_utils-1.9.0
2024-07-10 06:53:07.851713055 - DEBUG: python_utils-1.10.0
2024-07-10 06:53:07.851758103 - DEBUG: python_utils-1.10.1
2024-07-10 06:53:07.851828405 - DEBUG: python_utils-1.10.2
2024-07-10 06:53:07.851879240 - DEBUG: python_utils-1.10.3
2024-07-10 06:53:07.851975670 - DEBUG: python_utils-1.10.4
2024-07-10 06:53:07.852035424 - DEBUG: python_utils-1.10.5
2024-07-10 06:53:07.852092349 - DEBUG: python_utils-1.10.6
2024-07-10 06:53:07.852183541 - DEBUG: python_utils-1.10.7
2024-07-10 06:53:07.852245656 - DEBUG: python_utils-1.10.8
2024-07-10 06:53:07.852311650 - DEBUG: python_utils-1.11.0
2024-07-10 06:53:07.852359842 - DEBUG: python_utils-1.11.1
2024-07-10 06:53:07.852418507 - DEBUG: python_utils-1.12.0
2024-07-10 06:53:07.852472064 - DEBUG: python_utils-1.12.1
2024-07-10 06:53:07.852546733 - DEBUG: python_utils-1.13.0
2024-07-10 06:53:07.853631046 - DEBUG: shotgun_api3-3.0.41
2024-07-10 06:53:07.853679241 - DEBUG: shotgun_api3-3.3.4
2024-07-10 06:53:07.853715849 - DEBUG: shotgun_api3-3.3.5
2024-07-10 06:53:07.853753783 - DEBUG: carbon-1.0.1
2024-07-10 06:53:07.854809483 - DEBUG: carbon-1.1.0
2024-07-10 06:53:07.855820037 - DEBUG: carbon-1.1.1
2024-07-10 06:53:07.856817406 - DEBUG: carbon-1.1.3
2024-07-10 06:53:07.857840058 - DEBUG: carbon-1.1.4
2024-07-10 06:53:07.858866867 - DEBUG: carbon-1.1.5
2024-07-10 06:53:07.860131795 - DEBUG: carbon-1.1.6
2024-07-10 06:53:07.861251856 - DEBUG: carbon-1.1.7
2024-07-10 06:53:07.862514169 - DEBUG: guerilla_utils-1.0.0
2024-07-10 06:53:07.862563982 - DEBUG: networkx-2.2
2024-07-10 06:53:07.863522397 - DEBUG: guerilla_utils-1.0.1
2024-07-10 06:53:07.864431188 - DEBUG: guerilla_utils-1.1.0
2024-07-10 06:53:07.865423521 - DEBUG: guerilla_utils-1.2.0
2024-07-10 06:53:07.866299449 - DEBUG: networkx-1.11
2024-07-10 06:53:07.866331962 - DEBUG: decorator-4.4.2
2024-07-10 06:53:07.866343726 - DEBUG: decorator-5.1.1
2024-07-10 06:53:07.866356046 - DEBUG: guerilla_utils-1.3.0
2024-07-10 06:53:07.867251030 - DEBUG: guerilla_utils-1.4.0
2024-07-10 06:53:07.868156490 - DEBUG: guerilla_utils-1.5.0
2024-07-10 06:53:07.869174067 - DEBUG: guerilla_utils-1.6.0
2024-07-10 06:53:07.870024790 - DEBUG: guerilla_utils-1.7.0
2024-07-10 06:53:07.870874274 - DEBUG: guerilla_utils-1.8.0
2024-07-10 06:53:07.871969919 - DEBUG: guerilla_utils-1.8.1
2024-07-10 06:53:07.872894132 - DEBUG: guerilla_utils-1.9.0
2024-07-10 06:53:07.873800566 - DEBUG: guerilla_utils-1.9.1
2024-07-10 06:53:07.873848254 - DEBUG: networkx-2.6.3
2024-07-10 06:53:07.873856703 - DEBUG: networkx-2.8.8
2024-07-10 06:53:07.874732617 - DEBUG: guerilla_utils-1.9.2
2024-07-10 06:53:07.875751595 - DEBUG: guerilla_utils-1.9.3
2024-07-10 06:53:07.876705312 - DEBUG: qt_utils-1.0.1
2024-07-10 06:53:07.877817027 - DEBUG: python_patch2run3-1.0.0
2024-07-10 06:53:07.877870262 - DEBUG: python_patch2run3-1.1.0
2024-07-10 06:53:07.877905886 - DEBUG: python_patch2run3-1.2.0
2024-07-10 06:53:07.877933586 - DEBUG: python_patch2run3-1.2.1
2024-07-10 06:53:07.877957388 - DEBUG: python_patch2run3-1.2.2
2024-07-10 06:53:07.877981160 - DEBUG: python_patch2run3-1.3.0
2024-07-10 06:53:07.878004914 - DEBUG: python_patch2run3-1.3.1
2024-07-10 06:53:07.878033289 - DEBUG: python_patch2run3-1.3.2
2024-07-10 06:53:07.878059219 - DEBUG: python_patch2run3-1.4.0
2024-07-10 06:53:07.878086596 - DEBUG: python_patch2run3-1.4.1
2024-07-10 06:53:07.878113003 - DEBUG: python_patch2run3-1.5.0
2024-07-10 06:53:07.878138873 - DEBUG: python_patch2run3-1.6.0
2024-07-10 06:53:07.878165375 - DEBUG: python_patch2run3-1.6.1
2024-07-10 06:53:07.878191797 - DEBUG: python_patch2run3-1.6.2
2024-07-10 06:53:07.878249006 - DEBUG: qt_utils-1.0.2
2024-07-10 06:53:07.879334755 - DEBUG: qt_utils-1.0.3
2024-07-10 06:53:07.880419514 - DEBUG: qt_utils-1.0.4
2024-07-10 06:53:07.881492257 - DEBUG: qt_utils-1.1.0
2024-07-10 06:53:07.882773307 - DEBUG: qt_utils-1.1.1
2024-07-10 06:53:07.884088808 - DEBUG: qt_utils-1.1.2
2024-07-10 06:53:07.885370487 - DEBUG: qt_utils-1.2.0
2024-07-10 06:53:07.886739203 - DEBUG: qt_utils-1.2.1
2024-07-10 06:53:07.888076493 - DEBUG: qt_utils-1.3.0
2024-07-10 06:53:07.889517717 - DEBUG: fastoche_guerilla-1.0.0
2024-07-10 06:53:07.889721803 - DEBUG: os_utils-1.0.1
2024-07-10 06:53:07.889966557 - DEBUG: fastoche_core-1.0.0
2024-07-10 06:53:07.890139054 - DEBUG: scandir-1.7
2024-07-10 06:53:07.890201045 - DEBUG: templating_utils-1.0.0
2024-07-10 06:53:07.890239599 - DEBUG: templating_utils-1.0.1
2024-07-10 06:53:07.890272282 - DEBUG: templating_utils-1.0.2
2024-07-10 06:53:07.890308361 - DEBUG: templating_utils-1.0.3
2024-07-10 06:53:07.890340389 - DEBUG: enum34-1.1.6
2024-07-10 06:53:07.890610564 - DEBUG: fortiche_shotgun-1.0.0
2024-07-10 06:53:07.890987479 - DEBUG: fortiche_core-1.0.0
2024-07-10 06:53:07.891392704 - DEBUG: os_utils-1.0.2
2024-07-10 06:53:07.891652575 - DEBUG: os_utils-1.0.3
2024-07-10 06:53:07.892705135 - DEBUG: psutil-5.4.0
2024-07-10 06:53:07.892826893 - DEBUG: psutil-5.9.4
2024-07-10 06:53:07.893143796 - DEBUG: os_utils-1.0.4
2024-07-10 06:53:07.893403694 - DEBUG: os_utils-1.1.0
2024-07-10 06:53:07.893606684 - DEBUG: os_utils-1.2.0
2024-07-10 06:53:07.893825879 - DEBUG: os_utils-1.3.0
2024-07-10 06:53:07.895052243 - DEBUG: os_utils-1.4.0
2024-07-10 06:53:07.895327908 - DEBUG: os_utils-1.4.1
2024-07-10 06:53:07.896579110 - DEBUG: os_utils-1.5.0
2024-07-10 06:53:07.897749084 - DEBUG: os_utils-1.5.1
2024-07-10 06:53:07.897983848 - DEBUG: os_utils-1.6.0
2024-07-10 06:53:07.898192978 - DEBUG: os_utils-1.6.1
2024-07-10 06:53:07.898418791 - DEBUG: os_utils-1.6.2
2024-07-10 06:53:07.899734680 - DEBUG: os_utils-1.6.3
2024-07-10 06:53:07.900985130 - DEBUG: os_utils-1.7.0
2024-07-10 06:53:07.902284642 - DEBUG: os_utils-1.7.1
2024-07-10 06:53:07.903709521 - DEBUG: os_utils-1.8.0
2024-07-10 06:53:07.905023815 - DEBUG: os_utils-1.9.0
2024-07-10 06:53:07.906332740 - DEBUG: os_utils-1.9.1
2024-07-10 06:53:07.907663766 - DEBUG: os_utils-1.9.2
2024-07-10 06:53:07.908904136 - DEBUG: os_utils-1.9.3
2024-07-10 06:53:07.910277222 - DEBUG: os_utils-1.9.4
2024-07-10 06:53:07.911813820 - DEBUG: python_dependency_scan-1.0.0
2024-07-10 06:53:07.911972840 - DEBUG: importlib_metadata-1.6.0
2024-07-10 06:53:07.912015409 - DEBUG: zipp-1.2.0
2024-07-10 06:53:07.912027626 - DEBUG: zipp-3.15.0
2024-07-10 06:53:07.912058641 - DEBUG: pyyed-1.4.3
2024-07-10 06:53:07.912083542 - DEBUG: pyasn1-0.4.8
2024-07-10 06:53:07.912210070 - DEBUG: more_itertools-4.1.0
2024-07-10 06:53:07.912269625 - DEBUG: python_dependency_scan-1.0.1
2024-07-10 06:53:07.912445716 - DEBUG: python_dependency_scan-1.0.2
2024-07-10 06:53:07.912621357 - DEBUG: python_dependency_scan-1.0.3
2024-07-10 06:53:07.912761902 - DEBUG: pydeps-1.10.12
2024-07-10 06:53:07.912791777 - DEBUG: stdlib_list-0.8.0
2024-07-10 06:53:07.912861886 - DEBUG: python_dependency_scan-1.0.4
2024-07-10 06:53:07.912962154 - DEBUG: importlib_metadata-1.7.0
2024-07-10 06:53:07.912999984 - DEBUG: pyyed-1.5.0
2024-07-10 06:53:07.913032339 - DEBUG: enum34-1.1.10
2024-07-10 06:53:07.913053619 - DEBUG: python_dependency_scan-1.1.0
2024-07-10 06:53:07.913246573 - DEBUG: python_dependency_scan-1.1.1
2024-07-10 06:53:07.913640991 - DEBUG: python_dependency_scan-1.1.2
2024-07-10 06:53:07.913997895 - DEBUG: python_dependency_scan-1.1.3
2024-07-10 06:53:07.914316808 - DEBUG: python_dependency_scan-1.1.4
2024-07-10 06:53:07.914668150 - DEBUG: python_dependency_scan-1.1.5
2024-07-10 06:53:07.914968699 - DEBUG: python_dependency_scan-1.1.6
2024-07-10 06:53:07.915413357 - DEBUG: jsmin-2.2.2
2024-07-10 06:53:07.916627797 - DEBUG: fortiche_core-1.1.0
2024-07-10 06:53:07.918527698 - DEBUG: fortiche_core-1.1.1
2024-07-10 06:53:07.920450745 - DEBUG: fortiche_core-1.2.0
2024-07-10 06:53:07.922239293 - DEBUG: fortiche_core-1.3.0
2024-07-10 06:53:07.924243245 - DEBUG: fortiche_core-1.3.1
2024-07-10 06:53:07.926011377 - DEBUG: fortiche_core-1.3.2
2024-07-10 06:53:07.927785186 - DEBUG: fortiche_core-1.3.3
2024-07-10 06:53:07.929517765 - DEBUG: fortiche_core-1.3.4
2024-07-10 06:53:07.930592138 - DEBUG: scandir-1.10.0
2024-07-10 06:53:07.931233539 - DEBUG: fortiche_core-1.3.5
2024-07-10 06:53:07.933004596 - DEBUG: fortiche_core-1.3.6
2024-07-10 06:53:07.934932308 - DEBUG: fortiche_core-1.4.0
2024-07-10 06:53:07.937173935 - DEBUG: fortiche_core-1.4.1
2024-07-10 06:53:07.939078912 - DEBUG: fortiche_core-1.5.0
2024-07-10 06:53:07.941624722 - DEBUG: fortiche_core-1.6.0
2024-07-10 06:53:07.943995999 - DEBUG: fortiche_core-1.6.1
2024-07-10 06:53:07.946514957 - DEBUG: fortiche_core-1.7.0
2024-07-10 06:53:07.948786485 - DEBUG: fortiche_core-1.7.1
2024-07-10 06:53:07.950993971 - DEBUG: fortiche_core-1.8.0
2024-07-10 06:53:07.952934051 - DEBUG: fortiche_core-1.8.1
2024-07-10 06:53:07.954739551 - DEBUG: fortiche_core-1.8.2
2024-07-10 06:53:07.956563952 - DEBUG: fortiche_core-1.8.3
2024-07-10 06:53:07.958326856 - DEBUG: fortiche_core-1.9.0
2024-07-10 06:53:07.960397989 - DEBUG: fortiche_core-1.9.1
2024-07-10 06:53:07.962397731 - DEBUG: fortiche_core-1.10.0
2024-07-10 06:53:07.964380226 - DEBUG: fortiche_core-1.10.1
2024-07-10 06:53:07.966257374 - DEBUG: fortiche_core-1.11.0
2024-07-10 06:53:07.968002419 - DEBUG: fortiche_core-1.11.1
2024-07-10 06:53:07.969676965 - DEBUG: fortiche_core-1.11.2
2024-07-10 06:53:07.971317011 - DEBUG: fortiche_core-1.11.3
2024-07-10 06:53:07.973014396 - DEBUG: fortiche_core-1.11.4
2024-07-10 06:53:07.974636218 - DEBUG: fortiche_core-1.12.0
2024-07-10 06:53:07.976441544 - DEBUG: fortiche_core-1.13.0
2024-07-10 06:53:07.978185047 - DEBUG: fortiche_core-1.14.0
2024-07-10 06:53:07.980157609 - DEBUG: fortiche_core-1.14.1
2024-07-10 06:53:07.981932435 - DEBUG: fortiche_core-1.14.2
2024-07-10 06:53:07.983864984 - DEBUG: fortiche_core-1.15.0
2024-07-10 06:53:07.985624656 - DEBUG: fortiche_core-1.16.0
2024-07-10 06:53:07.987260217 - DEBUG: fortiche_core-1.17.0
2024-07-10 06:53:07.988931734 - DEBUG: fortiche_core-1.18.0
2024-07-10 06:53:07.990566097 - DEBUG: fortiche_core-1.19.0
2024-07-10 06:53:07.992309995 - DEBUG: fortiche_core-1.20.0
2024-07-10 06:53:07.993990157 - DEBUG: fortiche_core-1.20.1
2024-07-10 06:53:07.995731663 - DEBUG: fortiche_core-1.20.2
2024-07-10 06:53:07.997522545 - DEBUG: fortiche_core-1.21.0
2024-07-10 06:53:07.999402200 - DEBUG: fortiche_core-1.21.1
2024-07-10 06:53:08.001264610 - DEBUG: fortiche_core-1.22.0
2024-07-10 06:53:08.003154790 - DEBUG: fortiche_core-1.23.0
2024-07-10 06:53:08.004860794 - DEBUG: ffmpeg_utils-1.1.0
2024-07-10 06:53:08.005227960 - DEBUG: ffmpeg_utils-1.2.0
2024-07-10 06:53:08.005655008 - DEBUG: ffmpeg_utils-1.3.0
2024-07-10 06:53:08.006032071 - DEBUG: ffmpeg_utils-1.3.1
2024-07-10 06:53:08.006418108 - DEBUG: ffmpeg_utils-1.3.2
2024-07-10 06:53:08.006816548 - DEBUG: ffmpeg_utils-1.3.3
2024-07-10 06:53:08.007193925 - DEBUG: ffmpeg_utils-1.4.0
2024-07-10 06:53:08.007617230 - DEBUG: ffmpeg_utils-1.4.1
2024-07-10 06:53:08.007966495 - DEBUG: ffmpeg_utils-1.5.0
2024-07-10 06:53:08.008309034 - DEBUG: ffmpeg_utils-1.5.1
2024-07-10 06:53:08.008684454 - DEBUG: ffmpeg_utils-1.6.0
2024-07-10 06:53:08.009348519 - DEBUG: app_launcher-1.1.0
2024-07-10 06:53:08.010707705 - DEBUG: app_launcher-1.3.0
2024-07-10 06:53:08.012054616 - DEBUG: app_launcher-1.4.0
2024-07-10 06:53:08.013275266 - DEBUG: app_launcher-1.4.1
2024-07-10 06:53:08.014607822 - DEBUG: app_launcher-1.5.0
2024-07-10 06:53:08.015969602 - DEBUG: app_launcher-1.6.0
2024-07-10 06:53:08.017414203 - DEBUG: app_launcher-1.6.1
2024-07-10 06:53:08.018725450 - DEBUG: app_launcher-1.7.0
2024-07-10 06:53:08.020090381 - DEBUG: app_launcher-1.8.0
2024-07-10 06:53:08.021466795 - DEBUG: app_launcher-1.9.0
2024-07-10 06:53:08.022743736 - DEBUG: app_launcher-1.9.1
2024-07-10 06:53:08.024067848 - DEBUG: app_launcher-1.9.2
2024-07-10 06:53:08.025317106 - DEBUG: app_launcher-1.10.0
2024-07-10 06:53:08.026681056 - DEBUG: app_launcher-1.11.0
2024-07-10 06:53:08.027992638 - DEBUG: app_launcher-1.12.0
2024-07-10 06:53:08.029255649 - DEBUG: app_launcher-1.13.0
2024-07-10 06:53:08.030584347 - DEBUG: app_launcher-1.14.0
2024-07-10 06:53:08.031990654 - DEBUG: app_launcher-1.15.0
2024-07-10 06:53:08.033277393 - DEBUG: app_launcher-1.16.0
2024-07-10 06:53:08.034602773 - DEBUG: app_launcher-1.17.0
2024-07-10 06:53:08.035978307 - DEBUG: app_launcher-1.18.0
2024-07-10 06:53:08.037260613 - DEBUG: app_launcher-1.19.0
2024-07-10 06:53:08.038735050 - DEBUG: app_launcher-1.20.0
2024-07-10 06:53:08.040151032 - DEBUG: app_launcher-1.21.0
2024-07-10 06:53:08.041400308 - DEBUG: app_launcher-1.22.0
2024-07-10 06:53:08.042656296 - DEBUG: app_launcher-1.23.0
2024-07-10 06:53:08.044048475 - DEBUG: app_launcher-1.24.0
2024-07-10 06:53:08.045302758 - DEBUG: app_launcher-1.25.0
2024-07-10 06:53:08.046620718 - DEBUG: app_launcher-1.26.0
2024-07-10 06:53:08.048103072 - DEBUG: app_launcher-1.26.1
2024-07-10 06:53:08.049468722 - DEBUG: app_launcher-1.27.0
2024-07-10 06:53:08.050864612 - DEBUG: app_launcher-1.28.0
2024-07-10 06:53:08.052289741 - DEBUG: app_launcher-1.28.1
2024-07-10 06:53:08.053646672 - DEBUG: app_launcher-1.28.2
2024-07-10 06:53:08.055069638 - DEBUG: shotgun_sglink_launcher-1.0.0
2024-07-10 06:53:08.056535706 - DEBUG: shotgun_utils-1.0.0
2024-07-10 06:53:08.056579538 - DEBUG: shotgun_utils-1.1.0
2024-07-10 06:53:08.056599865 - DEBUG: shotgun_utils-1.1.1
2024-07-10 06:53:08.056617600 - DEBUG: shotgun_utils-1.2.0
2024-07-10 06:53:08.056635279 - DEBUG: shotgun_utils-1.3.0
2024-07-10 06:53:08.056653762 - DEBUG: shotgun_utils-1.3.1
2024-07-10 06:53:08.056882369 - DEBUG: shotgun_utils-1.3.2
2024-07-10 06:53:08.057116341 - DEBUG: shotgun_utils-1.3.3
2024-07-10 06:53:08.057364299 - DEBUG: shotgun_sglink_launcher-1.1.0
2024-07-10 06:53:08.058797560 - DEBUG: shotgun_sglink_launcher-1.1.1
2024-07-10 06:53:08.060338912 - DEBUG: shotgun_sglink_launcher-1.2.0
2024-07-10 06:53:08.061743398 - DEBUG: shotgun_sglink_launcher-1.2.1
2024-07-10 06:53:08.063182659 - DEBUG: shotgun_sglink_launcher-1.2.2
2024-07-10 06:53:08.064794025 - DEBUG: shotgun_sglink_launcher-1.2.3
2024-07-10 06:53:08.066662915 - DEBUG: shotgun_sglink_launcher-1.3.0
2024-07-10 06:53:08.069315815 - DEBUG: shotgun_sglink_launcher-1.3.1
2024-07-10 06:53:08.072391075 - DEBUG: shotgun_sglink_launcher-1.3.2
2024-07-10 06:53:08.075459759 - DEBUG: shotgun_sglink_launcher-1.3.3
2024-07-10 06:53:08.078506859 - DEBUG: shotgun_sglink_launcher-1.3.4
2024-07-10 06:53:08.082676383 - DEBUG: nested_dict-1.61
2024-07-10 06:53:08.082744060 - DEBUG: cffi-1.15.0
2024-07-10 06:53:08.082758004 - DEBUG: cffi-1.15.1
2024-07-10 06:53:08.082775421 - DEBUG: idna-2.10
2024-07-10 06:53:08.082786036 - DEBUG: idna-3.3
2024-07-10 06:53:08.082795543 - DEBUG: idna-3.4
2024-07-10 06:53:08.082804766 - DEBUG: idna-3.7
2024-07-10 06:53:08.082816316 - DEBUG: asn1crypto-1.5.1
2024-07-10 06:53:08.082884843 - DEBUG: ntplib-0.3.4
2024-07-10 06:53:08.082907048 - DEBUG: boto3-1.17.112
2024-07-10 06:53:08.082976207 - DEBUG: botocore-1.20.112
2024-07-10 06:53:08.083033081 - DEBUG: jmespath-0.10.0
2024-07-10 06:53:08.083097076 - DEBUG: s3transfer-0.4.2
2024-07-10 06:53:08.083176038 - DEBUG: botocore-1.29.130
2024-07-10 06:53:08.083196573 - DEBUG: boto3-1.26.130
2024-07-10 06:53:08.083241297 - DEBUG: fortiche_shotgun-1.1.0
2024-07-10 06:53:08.086648983 - DEBUG: fortiche_shotgun-1.2.0
2024-07-10 06:53:08.090258127 - DEBUG: fortiche_shotgun-1.3.0
2024-07-10 06:53:08.093948891 - DEBUG: fortiche_shotgun-1.3.1
2024-07-10 06:53:08.097562474 - DEBUG: fortiche_shotgun-1.4.0
2024-07-10 06:53:08.100952819 - DEBUG: fortiche_shotgun-1.4.1
2024-07-10 06:53:08.104410632 - DEBUG: fortiche_shotgun-1.4.2
2024-07-10 06:53:08.107871047 - DEBUG: fortiche_shotgun-1.5.0
2024-07-10 06:53:08.111361533 - DEBUG: fortiche_shotgun-1.6.0
2024-07-10 06:53:08.114795042 - DEBUG: fortiche_shotgun-1.7.0
2024-07-10 06:53:08.118241748 - DEBUG: fortiche_shotgun-1.7.1
2024-07-10 06:53:08.118548088 - DEBUG: ntplib-0.4.0
2024-07-10 06:53:08.122174942 - DEBUG: fortiche_shotgun-1.8.0
2024-07-10 06:53:08.125518540 - DEBUG: fortiche_shotgun-1.9.0
2024-07-10 06:53:08.129248332 - DEBUG: fortiche_shotgun-1.9.1
2024-07-10 06:53:08.132896334 - DEBUG: fortiche_shotgun-1.9.2
2024-07-10 06:53:08.136470412 - DEBUG: fortiche_shotgun-1.10.0
2024-07-10 06:53:08.140127086 - DEBUG: fortiche_shotgun-1.11.0
2024-07-10 06:53:08.143948310 - DEBUG: fortiche_shotgun-1.11.1
2024-07-10 06:53:08.147490696 - DEBUG: fortiche_shotgun-1.12.0
2024-07-10 06:53:08.151009116 - DEBUG: fortiche_shotgun-1.12.1
2024-07-10 06:53:08.154752188 - DEBUG: fortiche_shotgun-1.12.2
2024-07-10 06:53:08.158348477 - DEBUG: fortiche_shotgun-1.12.3
2024-07-10 06:53:08.161940916 - DEBUG: fortiche_shotgun-1.12.4
2024-07-10 06:53:08.165620557 - DEBUG: fortiche_shotgun-1.13.0
2024-07-10 06:53:08.169295303 - DEBUG: fortiche_shotgun-1.14.0
2024-07-10 06:53:08.172880911 - DEBUG: fortiche_shotgun-1.15.0
2024-07-10 06:53:08.176588880 - DEBUG: fortiche_shotgun-1.16.0
2024-07-10 06:53:08.180187925 - DEBUG: fortiche_shotgun-1.16.1
2024-07-10 06:53:08.183956118 - DEBUG: fortiche_shotgun-1.17.0
2024-07-10 06:53:08.187866083 - DEBUG: fortiche_shotgun-1.18.0
2024-07-10 06:53:08.191478003 - DEBUG: fortiche_shotgun-1.18.1
2024-07-10 06:53:08.195112574 - DEBUG: fortiche_shotgun-1.19.0
2024-07-10 06:53:08.198755768 - DEBUG: fortiche_shotgun-1.19.1
2024-07-10 06:53:08.202343360 - DEBUG: fortiche_shotgun-1.20.0
2024-07-10 06:53:08.206045460 - DEBUG: fortiche_shotgun-1.21.0
2024-07-10 06:53:08.209458904 - DEBUG: fortiche_shotgun-1.21.1
2024-07-10 06:53:08.213077275 - DEBUG: fortiche_shotgun-1.22.0
2024-07-10 06:53:08.216793316 - DEBUG: fortiche_shotgun-1.23.0
2024-07-10 06:53:08.220268460 - DEBUG: fortiche_shotgun-1.24.0
2024-07-10 06:53:08.223850852 - DEBUG: fortiche_shotgun-1.24.1
2024-07-10 06:53:08.227447512 - DEBUG: fortiche_shotgun-1.24.2
2024-07-10 06:53:08.230989123 - DEBUG: fortiche_shotgun-1.24.3
2024-07-10 06:53:08.234429319 - DEBUG: fortiche_shotgun-1.24.4
2024-07-10 06:53:08.238042997 - DEBUG: fortiche_shotgun-1.24.5
2024-07-10 06:53:08.242667914 - DEBUG: horizon-1.0.0
2024-07-10 06:53:08.245165131 - DEBUG: horizon-1.1.0
2024-07-10 06:53:08.248115702 - DEBUG: horizon-1.1.1
2024-07-10 06:53:08.250550120 - DEBUG: horizon-1.2.0
2024-07-10 06:53:08.252934055 - DEBUG: horizon-1.3.0
2024-07-10 06:53:08.254103804 - DEBUG: fortiche_qt-1.0.0
2024-07-10 06:53:08.255565307 - DEBUG: fortiche_qt-1.0.1
2024-07-10 06:53:08.257160399 - DEBUG: fortiche_qt-1.0.2
2024-07-10 06:53:08.260209286 - DEBUG: horizon-1.3.1
2024-07-10 06:53:08.262770284 - DEBUG: horizon-1.3.2
2024-07-10 06:53:08.265362541 - DEBUG: horizon-1.4.0
2024-07-10 06:53:08.267985729 - DEBUG: horizon-1.4.1
2024-07-10 06:53:08.270553231 - DEBUG: horizon-1.5.0
2024-07-10 06:53:08.273169427 - DEBUG: horizon-1.6.0
2024-07-10 06:53:08.275808618 - DEBUG: horizon-1.7.0
2024-07-10 06:53:08.278476674 - DEBUG: horizon-1.7.1
2024-07-10 06:53:08.281112362 - DEBUG: horizon-1.8.0
2024-07-10 06:53:08.283695336 - DEBUG: horizon-1.9.0
2024-07-10 06:53:08.286278749 - DEBUG: horizon-1.10.0
2024-07-10 06:53:08.290443988 - DEBUG: fastoche_core-1.1.0
2024-07-10 06:53:08.294689823 - DEBUG: fastoche_core-1.1.1
2024-07-10 06:53:08.298912322 - DEBUG: fastoche_core-1.1.2
2024-07-10 06:53:08.303177793 - DEBUG: fastoche_core-1.1.3
2024-07-10 06:53:08.307345445 - DEBUG: fastoche_core-1.1.4
2024-07-10 06:53:08.311525982 - DEBUG: fastoche_core-1.1.5
2024-07-10 06:53:08.315536512 - DEBUG: fastoche_core-1.2.0
2024-07-10 06:53:08.319704279 - DEBUG: fastoche_core-1.2.1
2024-07-10 06:53:08.323895918 - DEBUG: fastoche_core-1.3.0
2024-07-10 06:53:08.328154626 - DEBUG: fastoche_core-1.3.1
2024-07-10 06:53:08.329483854 - DEBUG: OpenTimelineIO-0.14.0
2024-07-10 06:53:08.329501803 - DEBUG: OpenTimelineIO-0.14.0-inside-nuke-13.2-pkg.0
2024-07-10 06:53:08.329543907 - DEBUG: rez-2.104.7
2024-07-10 06:53:08.329692480 - DEBUG: python-2.7-inside-fbox-pkg.0
2024-07-10 06:53:08.329853311 - DEBUG: python-2.7-inside-guerilla-2.3-pkg.0
2024-07-10 06:53:08.330010436 - DEBUG: python-2.7-inside-maya-2018-pkg.0
2024-07-10 06:53:08.330127996 - DEBUG: OpenTimelineIO-0.14.1
2024-07-10 06:53:08.330142207 - DEBUG: OpenTimelineIO-0.15-inside-nuke-14.0-pkg.0
2024-07-10 06:53:08.330182008 - DEBUG: OpenTimelineIO-0.15.0
2024-07-10 06:53:08.330298356 - DEBUG: python-2.7-inside-maya-2022-pkg.0
2024-07-10 06:53:08.330518598 - DEBUG: python-2.7-pkg.0
2024-07-10 06:53:08.330693422 - DEBUG: python-2.7-pkg.1
2024-07-10 06:53:08.330830672 - DEBUG: python-3.7-inside-mari-5.0-pkg.0
2024-07-10 06:53:08.331002206 - DEBUG: python-3.7-inside-mari-5.0-pkg.1
2024-07-10 06:53:08.331179222 - DEBUG: python-3.7-inside-mari-5.0-pkg.2
2024-07-10 06:53:08.331331779 - DEBUG: python-3.7-inside-maya-2022-pkg.0
2024-07-10 06:53:08.331585939 - DEBUG: python-3.7-inside-maya-2022-pkg.1
2024-07-10 06:53:08.331751042 - DEBUG: python-3.7-inside-maya-2022-pkg.2
2024-07-10 06:53:08.331907737 - DEBUG: python-3.7-inside-nuke-13.2-pkg.0
2024-07-10 06:53:08.332139102 - DEBUG: python-3.7-inside-nuke-13.2-pkg.1
2024-07-10 06:53:08.332300779 - DEBUG: python-3.7-pkg.0
2024-07-10 06:53:08.332470139 - DEBUG: python-3.7-pkg.1
2024-07-10 06:53:08.332719403 - DEBUG: python-3.9-inside-houdini-19.5-pkg.0
2024-07-10 06:53:08.332875848 - DEBUG: python-3.9-inside-houdini-19.5-pkg.1
2024-07-10 06:53:08.333038129 - DEBUG: python-3.9-inside-nuke-14.0-pkg.0
2024-07-10 06:53:08.333266141 - DEBUG: python-3.9-inside-nuke-14.0-pkg.1
2024-07-10 06:53:08.333452634 - DEBUG: python-3.9-pkg.0
2024-07-10 06:53:08.333614663 - DEBUG: python-3.9-pkg.1
2024-07-10 06:53:08.333789845 - DEBUG: python-3.10-inside-blender-3.6-pkg.0
2024-07-10 06:53:08.337063018 - DEBUG: fastoche_core-1.3.2
2024-07-10 06:53:08.341547823 - DEBUG: fastoche_core-1.4.0
2024-07-10 06:53:08.346062731 - DEBUG: fastoche_core-1.5.0
2024-07-10 06:53:08.350404927 - DEBUG: fastoche_core-1.6.0
2024-07-10 06:53:08.354816147 - DEBUG: fastoche_core-1.6.1
2024-07-10 06:53:08.359113620 - DEBUG: fastoche_core-1.6.2
2024-07-10 06:53:08.363321848 - DEBUG: fastoche_core-1.7.0
2024-07-10 06:53:08.367739030 - DEBUG: fastoche_core-1.7.1
2024-07-10 06:53:08.372129469 - DEBUG: fastoche_core-1.7.2
2024-07-10 06:53:08.376554752 - DEBUG: fastoche_core-1.7.3
2024-07-10 06:53:08.381961878 - DEBUG: fastoche_core-1.7.4
2024-07-10 06:53:08.387439103 - DEBUG: fastoche_core-1.7.5
2024-07-10 06:53:08.392954269 - DEBUG: fastoche_core-1.8.0
2024-07-10 06:53:08.398504427 - DEBUG: fastoche_core-1.9.0
2024-07-10 06:53:08.403943134 - DEBUG: fastoche_core-1.9.1
2024-07-10 06:53:08.408738830 - DEBUG: fastoche_core-1.9.2
2024-07-10 06:53:08.413186874 - DEBUG: fastoche_core-1.9.3
2024-07-10 06:53:08.417676662 - DEBUG: fastoche_core-1.9.4
2024-07-10 06:53:08.422300998 - DEBUG: fastoche_core-1.10.0
2024-07-10 06:53:08.426835526 - DEBUG: fastoche_core-1.10.1
2024-07-10 06:53:08.431236514 - DEBUG: fastoche_core-1.10.2
2024-07-10 06:53:08.435604113 - DEBUG: fastoche_core-1.11.0
2024-07-10 06:53:08.439983192 - DEBUG: fastoche_core-1.12.0
2024-07-10 06:53:08.444293224 - DEBUG: fastoche_core-1.13.0
2024-07-10 06:53:08.449365492 - DEBUG: fastoche_core-1.13.1
2024-07-10 06:53:08.453806460 - DEBUG: fastoche_core-1.14.0
2024-07-10 06:53:08.458169517 - DEBUG: fastoche_core-1.15.0
2024-07-10 06:53:08.462560619 - DEBUG: fastoche_core-1.16.0
2024-07-10 06:53:08.463189697 - DEBUG: MarkupSafe-1.1.1
2024-07-10 06:53:08.463274972 - DEBUG: MarkupSafe-2.0.1
2024-07-10 06:53:08.467745178 - DEBUG: fastoche_core-1.17.0
2024-07-10 06:53:08.472169316 - DEBUG: fastoche_core-1.17.1
2024-07-10 06:53:08.476858815 - DEBUG: fastoche_core-1.17.2
2024-07-10 06:53:08.481278009 - DEBUG: fastoche_core-1.18.0
2024-07-10 06:53:08.485715138 - DEBUG: fastoche_core-1.19.0
2024-07-10 06:53:08.494479727 - DEBUG: fastoche_guerilla-1.1.0
2024-07-10 06:53:08.499215183 - DEBUG: fastoche_guerilla-1.2.0
2024-07-10 06:53:08.503934990 - DEBUG: fastoche_guerilla-1.3.0
2024-07-10 06:53:08.508417751 - DEBUG: fastoche_guerilla-1.3.1
2024-07-10 06:53:08.512813199 - DEBUG: fastoche_guerilla-1.4.0
2024-07-10 06:53:08.517413717 - DEBUG: fastoche_guerilla-1.5.0
2024-07-10 06:53:08.522361081 - DEBUG: fastoche_guerilla-1.5.1
2024-07-10 06:53:08.527203601 - DEBUG: fastoche_guerilla-1.5.2
2024-07-10 06:53:08.531774212 - DEBUG: fastoche_guerilla-1.6.0
2024-07-10 06:53:08.536171351 - DEBUG: fastoche_guerilla-1.7.0
2024-07-10 06:53:08.540662131 - DEBUG: fastoche_guerilla-1.9.1
2024-07-10 06:53:08.545206269 - DEBUG: fastoche_guerilla-1.10.0
2024-07-10 06:53:08.549831406 - DEBUG: fastoche_guerilla-1.11.0
2024-07-10 06:53:08.554480392 - DEBUG: fastoche_guerilla-1.11.1
2024-07-10 06:53:08.559218655 - DEBUG: fastoche_guerilla-1.11.2
2024-07-10 06:53:08.564398801 - DEBUG: fastoche_guerilla-1.12.0
2024-07-10 06:53:08.569458313 - DEBUG: fastoche_guerilla-1.12.1
2024-07-10 06:53:08.574245173 - DEBUG: fastoche_guerilla-1.13.0
2024-07-10 06:53:08.578898554 - DEBUG: fastoche_guerilla-1.13.1
2024-07-10 06:53:08.583615308 - DEBUG: fastoche_guerilla-1.13.2
2024-07-10 06:53:08.588220700 - DEBUG: fastoche_guerilla-1.14.0
2024-07-10 06:53:08.592918229 - DEBUG: fastoche_guerilla-1.15.0
2024-07-10 06:53:08.597547670 - DEBUG: fastoche_guerilla-1.16.0
2024-07-10 06:53:08.602306877 - DEBUG: fastoche_guerilla-1.16.1
2024-07-10 06:53:08.607019849 - DEBUG: fastoche_guerilla-1.17.0
2024-07-10 06:53:08.611732054 - DEBUG: fastoche_guerilla-1.17.1
2024-07-10 06:53:08.616452747 - DEBUG: fastoche_guerilla-1.18.0
2024-07-10 06:53:08.621345115 - DEBUG: fastoche_guerilla-1.18.1
2024-07-10 06:53:08.626093296 - DEBUG: fastoche_guerilla-1.18.2
2024-07-10 06:53:08.631015040 - DEBUG: fastoche_guerilla-1.18.3
2024-07-10 06:53:08.635702785 - DEBUG: fastoche_guerilla-1.18.4
2024-07-10 06:53:08.640487079 - DEBUG: fastoche_guerilla-1.19.0
2024-07-10 06:53:08.645139579 - DEBUG: fastoche_guerilla-1.20.0
2024-07-10 06:53:08.649813514 - DEBUG: fastoche_guerilla-1.21.0
2024-07-10 06:53:08.654547869 - DEBUG: fastoche_guerilla-1.21.1
2024-07-10 06:53:08.660643911 - DEBUG: appy-1.0.0
2024-07-10 06:53:08.660945736 - DEBUG: templaters-1.0.0
2024-07-10 06:53:08.663535391 - DEBUG: templaters-1.1.0
2024-07-10 06:53:08.666074735 - DEBUG: templaters-1.1.1
2024-07-10 06:53:08.668713638 - DEBUG: templaters-1.2.0
2024-07-10 06:53:08.671212663 - DEBUG: templaters-1.2.1
2024-07-10 06:53:08.676162597 - DEBUG: cryptography-2.2.2
2024-07-10 06:53:08.676251763 - DEBUG: cryptography-2.2.2-pkg.0
2024-07-10 06:53:08.676262156 - DEBUG: cryptography-2.2.2-pkg.1
2024-07-10 06:53:08.676280339 - DEBUG: appy-1.0.1
2024-07-10 06:53:08.679042341 - DEBUG: appy-1.0.2
2024-07-10 06:53:08.681730179 - DEBUG: appy-1.0.3
2024-07-10 06:53:08.684482752 - DEBUG: appy-1.0.4
2024-07-10 06:53:08.687172025 - DEBUG: appy-1.1.0
2024-07-10 06:53:08.690016700 - DEBUG: appy-1.2.0
2024-07-10 06:53:08.691310434 - DEBUG: cryptography-2.9.2
2024-07-10 06:53:08.693321807 - DEBUG: appy-1.2.1
2024-07-10 06:53:08.696374611 - DEBUG: appy-1.3.0
2024-07-10 06:53:08.699325961 - DEBUG: appy-1.3.1
2024-07-10 06:53:08.702292484 - DEBUG: appy-1.3.2
2024-07-10 06:53:08.705304886 - DEBUG: appy-1.4.0
2024-07-10 06:53:08.708283379 - DEBUG: appy-1.5.0
2024-07-10 06:53:08.711288725 - DEBUG: appy-1.5.1
2024-07-10 06:53:08.714247325 - DEBUG: appy-1.5.2
2024-07-10 06:53:08.719368065 - DEBUG: os_utils-2.0.1
2024-07-10 06:53:08.720027547 - DEBUG: jsmin-3.0.1
2024-07-10 06:53:08.720160034 - DEBUG: qt_utils-2.0.0
2024-07-10 06:53:08.721216222 - DEBUG: qt_utils-2.0.1
2024-07-10 06:54:28.205086877 - INFO: Context name: 258afeaa-42d7-4ec2-9976-1327c3850153
2024-07-10 06:54:28.209574810 - DEBUG: fortiche_core-1.0.0
2024-07-10 06:54:28.210302507 - DEBUG: requests-2.13.0
2024-07-10 06:54:28.210369708 - DEBUG: urllib3-1.26.9
2024-07-10 06:54:28.210382216 - DEBUG: pycparser-2.21
2024-07-10 06:54:28.210394003 - DEBUG: et_xmlfile-1.0.1
2024-07-10 06:54:28.210410956 - DEBUG: smmap2-3.0.1
2024-07-10 06:54:28.210427487 - DEBUG: smmap-3.0.5
2024-07-10 06:54:28.210443681 - DEBUG: six-1.11.0
2024-07-10 06:54:28.210478551 - DEBUG: requests-2.27.1
2024-07-10 06:54:28.210529914 - DEBUG: urllib3-1.26.12
2024-07-10 06:54:28.210561710 - DEBUG: urllib3-1.26.15
2024-07-10 06:54:28.210581121 - DEBUG: certifi-2021.10.8
2024-07-10 06:54:28.210624586 - DEBUG: certifi-2022.5.18.1
2024-07-10 06:54:28.210666896 - DEBUG: certifi-2022.12.7
2024-07-10 06:54:28.210708013 - DEBUG: certifi-2023.5.7
2024-07-10 06:54:28.210751595 - DEBUG: certifi-2024.6.2
2024-07-10 06:54:28.210793784 - DEBUG: requests-2.28.2
2024-07-10 06:54:28.210805026 - DEBUG: requests-2.30.0
2024-07-10 06:54:28.210812076 - DEBUG: requests-2.31.0
2024-07-10 06:54:28.210818550 - DEBUG: requests-2.32.3
2024-07-10 06:54:28.210824690 - DEBUG: six-1.16.0
2024-07-10 06:54:28.210870888 - DEBUG: et_xmlfile-1.1.0
2024-07-10 06:54:28.210906546 - DEBUG: jdcal-1.4.1
2024-07-10 06:54:28.210929183 - DEBUG: timecode-1.3.1
2024-07-10 06:54:28.211112637 - DEBUG: os_utils-1.0.1
2024-07-10 06:54:28.211302703 - DEBUG: fastoche_core-1.0.0
2024-07-10 06:54:28.211447573 - DEBUG: shotgun_api3-3.0.41
2024-07-10 06:54:28.211488044 - DEBUG: httplib2-0.20.4
2024-07-10 06:54:28.211533135 - DEBUG: text_unidecode-1.2
2024-07-10 06:54:28.211614390 - DEBUG: uritemplate-3.0.1
2024-07-10 06:54:28.211650921 - DEBUG: google_auth_httplib2-0.1.0
2024-07-10 06:54:28.211689418 - DEBUG: google_auth-2.6.2
2024-07-10 06:54:28.211709215 - DEBUG: httplib2-0.11.3
2024-07-10 06:54:28.211754218 - DEBUG: python_dateutil-2.8.2
2024-07-10 06:54:28.211798065 - DEBUG: shotgun_api3-3.3.4
2024-07-10 06:54:28.211834489 - DEBUG: shotgun_api3-3.3.5
2024-07-10 06:54:28.211872661 - DEBUG: scandir-1.7
2024-07-10 06:54:28.211917560 - DEBUG: templating_utils-1.0.0
2024-07-10 06:54:28.211947351 - DEBUG: Jinja2-2.10
2024-07-10 06:54:28.211958006 - DEBUG: templating_utils-1.0.1
2024-07-10 06:54:28.211984722 - DEBUG: templating_utils-1.0.2
2024-07-10 06:54:28.212007407 - DEBUG: Jinja2-2.11.3
2024-07-10 06:54:28.212015440 - DEBUG: templating_utils-1.0.3
2024-07-10 06:54:28.212043629 - DEBUG: enum34-1.1.6
2024-07-10 06:54:28.212087972 - DEBUG: fishbowl-1.0.0
2024-07-10 06:54:28.212133479 - DEBUG: fishbowl-1.0.1
2024-07-10 06:54:28.212175661 - DEBUG: fishbowl-1.0.2
2024-07-10 06:54:28.212214326 - DEBUG: fishbowl-1.1.0
2024-07-10 06:54:28.212262481 - DEBUG: fishbowl-1.1.2
2024-07-10 06:54:28.212311447 - DEBUG: configparser-3.5.0
2024-07-10 06:54:28.212389982 - DEBUG: configparser-3.8.1
2024-07-10 06:54:28.212401578 - DEBUG: configparser-4.0.2
2024-07-10 06:54:28.212492754 - DEBUG: python_patch2run3-1.7.0
2024-07-10 06:54:28.212513066 - DEBUG: future-0.16.0
2024-07-10 06:54:28.212586737 - DEBUG: future-0.18.2
2024-07-10 06:54:28.212658806 - DEBUG: future-0.18.3
2024-07-10 06:54:28.212729705 - DEBUG: python_patch2run3-1.7.1
2024-07-10 06:54:28.212753069 - DEBUG: python_patch2run3-1.7.2
2024-07-10 06:54:28.212769888 - DEBUG: python_patch2run3-1.7.3
2024-07-10 06:54:28.212792442 - DEBUG: fishbowl-1.1.3
2024-07-10 06:54:28.212954885 - DEBUG: fishbowl-1.2.0
2024-07-10 06:54:28.213111929 - DEBUG: fishbowl-1.3.0
2024-07-10 06:54:28.213324796 - DEBUG: python_utils-1.0.0
2024-07-10 06:54:28.213417346 - DEBUG: carbon-1.0.0
2024-07-10 06:54:28.213657224 - DEBUG: python_utils-1.0.1
2024-07-10 06:54:28.213693750 - DEBUG: python_utils-1.0.2
2024-07-10 06:54:28.213719656 - DEBUG: python_utils-1.1.0
2024-07-10 06:54:28.213746899 - DEBUG: python_utils-1.2.1
2024-07-10 06:54:28.213776394 - DEBUG: python_utils-1.3.0
2024-07-10 06:54:28.213804299 - DEBUG: python_utils-1.4.0
2024-07-10 06:54:28.213847572 - DEBUG: python_utils-1.4.1
2024-07-10 06:54:28.213887370 - DEBUG: python_utils-1.4.2
2024-07-10 06:54:28.213941464 - DEBUG: python_utils-1.4.3
2024-07-10 06:54:28.213971295 - DEBUG: python_utils-1.5.0
2024-07-10 06:54:28.214000323 - DEBUG: python_utils-1.6.0
2024-07-10 06:54:28.214033326 - DEBUG: python_utils-1.6.1
2024-07-10 06:54:28.214069881 - DEBUG: python_utils-1.7.0
2024-07-10 06:54:28.214099309 - DEBUG: python_utils-1.7.1
2024-07-10 06:54:28.214135609 - DEBUG: python_utils-1.7.2
2024-07-10 06:54:28.214168317 - DEBUG: python_utils-1.8.0
2024-07-10 06:54:28.214202741 - DEBUG: python_utils-1.8.1
2024-07-10 06:54:28.214236897 - DEBUG: python_utils-1.8.2
2024-07-10 06:54:28.214280941 - DEBUG: python_utils-1.8.3
2024-07-10 06:54:28.214317216 - DEBUG: python_utils-1.8.4
2024-07-10 06:54:28.214354454 - DEBUG: python_utils-1.9.0
2024-07-10 06:54:28.214393729 - DEBUG: python_utils-1.10.0
2024-07-10 06:54:28.214450290 - DEBUG: python_utils-1.10.1
2024-07-10 06:54:28.214495740 - DEBUG: python_utils-1.10.2
2024-07-10 06:54:28.214538935 - DEBUG: python_utils-1.10.3
2024-07-10 06:54:28.214579747 - DEBUG: python_utils-1.10.4
2024-07-10 06:54:28.214623475 - DEBUG: python_utils-1.10.5
2024-07-10 06:54:28.214668396 - DEBUG: python_utils-1.10.6
2024-07-10 06:54:28.214711025 - DEBUG: python_utils-1.10.7
2024-07-10 06:54:28.214755841 - DEBUG: python_utils-1.10.8
2024-07-10 06:54:28.214794965 - DEBUG: python_utils-1.11.0
2024-07-10 06:54:28.214840903 - DEBUG: python_utils-1.11.1
2024-07-10 06:54:28.214885486 - DEBUG: python_utils-1.12.0
2024-07-10 06:54:28.214966536 - DEBUG: python_utils-1.12.1
2024-07-10 06:54:28.215056069 - DEBUG: python_utils-1.13.0
2024-07-10 06:54:28.215171265 - DEBUG: carbon-1.0.1
2024-07-10 06:54:28.216141544 - DEBUG: carbon-1.1.0
2024-07-10 06:54:28.217090168 - DEBUG: carbon-1.1.1
2024-07-10 06:54:28.217933735 - DEBUG: carbon-1.1.3
2024-07-10 06:54:28.218728331 - DEBUG: carbon-1.1.4
2024-07-10 06:54:28.219530068 - DEBUG: carbon-1.1.5
2024-07-10 06:54:28.220321934 - DEBUG: carbon-1.1.6
2024-07-10 06:54:28.221115418 - DEBUG: carbon-1.1.7
2024-07-10 06:54:28.221968057 - DEBUG: guerilla_utils-1.0.0
2024-07-10 06:54:28.222013474 - DEBUG: networkx-2.2
2024-07-10 06:54:28.222701038 - DEBUG: guerilla_utils-1.0.1
2024-07-10 06:54:28.223458163 - DEBUG: guerilla_utils-1.1.0
2024-07-10 06:54:28.224197930 - DEBUG: guerilla_utils-1.2.0
2024-07-10 06:54:28.224973351 - DEBUG: networkx-1.11
2024-07-10 06:54:28.225003880 - DEBUG: decorator-4.4.2
2024-07-10 06:54:28.225015108 - DEBUG: decorator-5.1.1
2024-07-10 06:54:28.225027151 - DEBUG: guerilla_utils-1.3.0
2024-07-10 06:54:28.225751005 - DEBUG: guerilla_utils-1.4.0
2024-07-10 06:54:28.226482228 - DEBUG: guerilla_utils-1.5.0
2024-07-10 06:54:28.227277337 - DEBUG: guerilla_utils-1.6.0
2024-07-10 06:54:28.228029133 - DEBUG: guerilla_utils-1.7.0
2024-07-10 06:54:28.228777901 - DEBUG: guerilla_utils-1.8.0
2024-07-10 06:54:28.229532098 - DEBUG: guerilla_utils-1.8.1
2024-07-10 06:54:28.230295620 - DEBUG: guerilla_utils-1.9.0
2024-07-10 06:54:28.231061258 - DEBUG: guerilla_utils-1.9.1
2024-07-10 06:54:28.231112785 - DEBUG: networkx-2.6.3
2024-07-10 06:54:28.231121244 - DEBUG: networkx-2.8.8
2024-07-10 06:54:28.231837487 - DEBUG: guerilla_utils-1.9.2
2024-07-10 06:54:28.232695868 - DEBUG: guerilla_utils-1.9.3
2024-07-10 06:54:28.233660683 - DEBUG: qt_utils-1.0.1
2024-07-10 06:54:28.234578461 - DEBUG: python_patch2run3-1.0.0
2024-07-10 06:54:28.234607892 - DEBUG: python_patch2run3-1.1.0
2024-07-10 06:54:28.234626911 - DEBUG: python_patch2run3-1.2.0
2024-07-10 06:54:28.234644989 - DEBUG: python_patch2run3-1.2.1
2024-07-10 06:54:28.234663621 - DEBUG: python_patch2run3-1.2.2
2024-07-10 06:54:28.234682194 - DEBUG: python_patch2run3-1.3.0
2024-07-10 06:54:28.234705007 - DEBUG: python_patch2run3-1.3.1
2024-07-10 06:54:28.234724795 - DEBUG: python_patch2run3-1.3.2
2024-07-10 06:54:28.234747519 - DEBUG: python_patch2run3-1.4.0
2024-07-10 06:54:28.234768376 - DEBUG: python_patch2run3-1.4.1
2024-07-10 06:54:28.234788697 - DEBUG: python_patch2run3-1.5.0
2024-07-10 06:54:28.234809290 - DEBUG: python_patch2run3-1.6.0
2024-07-10 06:54:28.234830967 - DEBUG: python_patch2run3-1.6.1
2024-07-10 06:54:28.234854839 - DEBUG: python_patch2run3-1.6.2
2024-07-10 06:54:28.234906450 - DEBUG: qt_utils-1.0.2
2024-07-10 06:54:28.235776309 - DEBUG: qt_utils-1.0.3
2024-07-10 06:54:28.236565241 - DEBUG: qt_utils-1.0.4
2024-07-10 06:54:28.237435142 - DEBUG: qt_utils-1.1.0
2024-07-10 06:54:28.238427852 - DEBUG: qt_utils-1.1.1
2024-07-10 06:54:28.239395644 - DEBUG: qt_utils-1.1.2
2024-07-10 06:54:28.240314358 - DEBUG: qt_utils-1.2.0
2024-07-10 06:54:28.241229107 - DEBUG: qt_utils-1.2.1
2024-07-10 06:54:28.242182951 - DEBUG: qt_utils-1.3.0
2024-07-10 06:54:28.243288762 - DEBUG: fastoche_guerilla-1.0.0
2024-07-10 06:54:28.243398917 - DEBUG: click-6.7
2024-07-10 06:54:28.243571673 - DEBUG: os_utils-1.0.2
2024-07-10 06:54:28.243799330 - DEBUG: os_utils-1.0.3
2024-07-10 06:54:28.244611197 - DEBUG: psutil-5.4.0
2024-07-10 06:54:28.244690197 - DEBUG: psutil-5.9.4
2024-07-10 06:54:28.244858647 - DEBUG: os_utils-1.0.4
2024-07-10 06:54:28.245075477 - DEBUG: os_utils-1.1.0
2024-07-10 06:54:28.245286048 - DEBUG: os_utils-1.2.0
2024-07-10 06:54:28.245467116 - DEBUG: os_utils-1.3.0
2024-07-10 06:54:28.246528881 - DEBUG: os_utils-1.4.0
2024-07-10 06:54:28.246718577 - DEBUG: os_utils-1.4.1
2024-07-10 06:54:28.247793174 - DEBUG: os_utils-1.5.0
2024-07-10 06:54:28.248711266 - DEBUG: os_utils-1.5.1
2024-07-10 06:54:28.248931360 - DEBUG: os_utils-1.6.0
2024-07-10 06:54:28.249182182 - DEBUG: os_utils-1.6.1
2024-07-10 06:54:28.249396377 - DEBUG: os_utils-1.6.2
2024-07-10 06:54:28.250431624 - DEBUG: os_utils-1.6.3
2024-07-10 06:54:28.251531697 - DEBUG: os_utils-1.7.0
2024-07-10 06:54:28.252505586 - DEBUG: os_utils-1.7.1
2024-07-10 06:54:28.253476475 - DEBUG: os_utils-1.8.0
2024-07-10 06:54:28.254466685 - DEBUG: os_utils-1.9.0
2024-07-10 06:54:28.255474815 - DEBUG: os_utils-1.9.1
2024-07-10 06:54:28.256719088 - DEBUG: os_utils-1.9.2
2024-07-10 06:54:28.257849156 - DEBUG: os_utils-1.9.3
2024-07-10 06:54:28.258916456 - DEBUG: os_utils-1.9.4
2024-07-10 06:54:28.260225837 - DEBUG: fortiche_core-1.1.0
2024-07-10 06:54:28.261598364 - DEBUG: sentry_sdk-0.10.2
2024-07-10 06:54:28.261675313 - DEBUG: python_dependency_scan-1.0.0
2024-07-10 06:54:28.261816113 - DEBUG: importlib_metadata-1.6.0
2024-07-10 06:54:28.261859729 - DEBUG: zipp-1.2.0
2024-07-10 06:54:28.261872125 - DEBUG: zipp-3.15.0
2024-07-10 06:54:28.261886396 - DEBUG: pyyed-1.4.3
2024-07-10 06:54:28.261904840 - DEBUG: pyasn1-0.4.8
2024-07-10 06:54:28.262018811 - DEBUG: more_itertools-4.1.0
2024-07-10 06:54:28.262062666 - DEBUG: python_dependency_scan-1.0.1
2024-07-10 06:54:28.262245960 - DEBUG: python_dependency_scan-1.0.2
2024-07-10 06:54:28.262395553 - DEBUG: python_dependency_scan-1.0.3
2024-07-10 06:54:28.262538620 - DEBUG: pydeps-1.10.12
2024-07-10 06:54:28.262554161 - DEBUG: stdlib_list-0.8.0
2024-07-10 06:54:28.262591359 - DEBUG: python_dependency_scan-1.0.4
2024-07-10 06:54:28.262684501 - DEBUG: importlib_metadata-1.7.0
2024-07-10 06:54:28.262719355 - DEBUG: pyyed-1.5.0
2024-07-10 06:54:28.262750587 - DEBUG: enum34-1.1.10
2024-07-10 06:54:28.262772954 - DEBUG: python_dependency_scan-1.1.0
2024-07-10 06:54:28.262945619 - DEBUG: python_dependency_scan-1.1.1
2024-07-10 06:54:28.263388269 - DEBUG: python_dependency_scan-1.1.2
2024-07-10 06:54:28.263754944 - DEBUG: python_dependency_scan-1.1.3
2024-07-10 06:54:28.264098745 - DEBUG: python_dependency_scan-1.1.4
2024-07-10 06:54:28.264441057 - DEBUG: python_dependency_scan-1.1.5
2024-07-10 06:54:28.264745775 - DEBUG: python_dependency_scan-1.1.6
2024-07-10 06:54:28.265175494 - DEBUG: numpy-1.16.4
2024-07-10 06:54:28.265240453 - DEBUG: termcolor-1.1.0
2024-07-10 06:54:28.265427530 - DEBUG: jsmin-2.2.2
2024-07-10 06:54:28.265525561 - DEBUG: fortiche_core-1.1.1
2024-07-10 06:54:28.267140749 - DEBUG: fortiche_core-1.2.0
2024-07-10 06:54:28.268652515 - DEBUG: fortiche_core-1.3.0
2024-07-10 06:54:28.270280006 - DEBUG: fortiche_core-1.3.1
2024-07-10 06:54:28.272173852 - DEBUG: fortiche_core-1.3.2
2024-07-10 06:54:28.273980632 - DEBUG: fortiche_core-1.3.3
2024-07-10 06:54:28.275614759 - DEBUG: fortiche_core-1.3.4
2024-07-10 06:54:28.275862892 - DEBUG: numpy-1.16.6
2024-07-10 06:54:28.275913394 - DEBUG: numpy-1.21.6
2024-07-10 06:54:28.276724201 - DEBUG: scandir-1.10.0
2024-07-10 06:54:28.277442701 - DEBUG: fortiche_core-1.3.5
2024-07-10 06:54:28.279173758 - DEBUG: fortiche_core-1.3.6
2024-07-10 06:54:28.280804183 - DEBUG: fortiche_core-1.4.0
2024-07-10 06:54:28.282502680 - DEBUG: click-8.1.3
2024-07-10 06:54:28.282866320 - DEBUG: fortiche_core-1.4.1
2024-07-10 06:54:28.284526030 - DEBUG: fortiche_core-1.5.0
2024-07-10 06:54:28.286073156 - DEBUG: fortiche_core-1.6.0
2024-07-10 06:54:28.287743358 - DEBUG: fortiche_core-1.6.1
2024-07-10 06:54:28.289352683 - DEBUG: fortiche_core-1.7.0
2024-07-10 06:54:28.290967074 - DEBUG: fortiche_core-1.7.1
2024-07-10 06:54:28.292757876 - DEBUG: fortiche_core-1.8.0
2024-07-10 06:54:28.294552482 - DEBUG: fortiche_core-1.8.1
2024-07-10 06:54:28.296052449 - DEBUG: fortiche_core-1.8.2
2024-07-10 06:54:28.297546893 - DEBUG: fortiche_core-1.8.3
2024-07-10 06:54:28.299184855 - DEBUG: fortiche_core-1.9.0
2024-07-10 06:54:28.300718840 - DEBUG: fortiche_core-1.9.1
2024-07-10 06:54:28.302248009 - DEBUG: fortiche_core-1.10.0
2024-07-10 06:54:28.303785104 - DEBUG: fortiche_core-1.10.1
2024-07-10 06:54:28.305283950 - DEBUG: fortiche_core-1.11.0
2024-07-10 06:54:28.306951833 - DEBUG: fortiche_core-1.11.1
2024-07-10 06:54:28.308737723 - DEBUG: fortiche_core-1.11.2
2024-07-10 06:54:28.310438796 - DEBUG: fortiche_core-1.11.3
2024-07-10 06:54:28.312033946 - DEBUG: fortiche_core-1.11.4
2024-07-10 06:54:28.313563582 - DEBUG: fortiche_core-1.12.0
2024-07-10 06:54:28.315119260 - DEBUG: fortiche_core-1.13.0
2024-07-10 06:54:28.316701174 - DEBUG: fortiche_core-1.14.0
2024-07-10 06:54:28.318201462 - DEBUG: fortiche_core-1.14.1
2024-07-10 06:54:28.319693495 - DEBUG: fortiche_core-1.14.2
2024-07-10 06:54:28.321198819 - DEBUG: fortiche_core-1.15.0
2024-07-10 06:54:28.322691531 - DEBUG: fortiche_core-1.16.0
2024-07-10 06:54:28.324242203 - DEBUG: fortiche_core-1.17.0
2024-07-10 06:54:28.325737961 - DEBUG: fortiche_core-1.18.0
2024-07-10 06:54:28.327366858 - DEBUG: fortiche_core-1.19.0
2024-07-10 06:54:28.328892338 - DEBUG: fortiche_core-1.20.0
2024-07-10 06:54:28.330439645 - DEBUG: fortiche_core-1.20.1
2024-07-10 06:54:28.331940727 - DEBUG: fortiche_core-1.20.2
2024-07-10 06:54:28.333431765 - DEBUG: fortiche_core-1.21.0
2024-07-10 06:54:28.334998273 - DEBUG: fortiche_core-1.21.1
2024-07-10 06:54:28.336533789 - DEBUG: fortiche_core-1.22.0
2024-07-10 06:54:28.338037093 - DEBUG: fortiche_core-1.23.0
2024-07-10 06:54:28.339859000 - DEBUG: fastoche_core-1.1.0
2024-07-10 06:54:28.342494008 - DEBUG: horizon-1.0.0
2024-07-10 06:54:28.344601453 - DEBUG: horizon-1.1.0
2024-07-10 06:54:28.346802917 - DEBUG: horizon-1.1.1
2024-07-10 06:54:28.349134312 - DEBUG: horizon-1.2.0
2024-07-10 06:54:28.351413158 - DEBUG: horizon-1.3.0
2024-07-10 06:54:28.352388121 - DEBUG: fortiche_qt-1.0.0
2024-07-10 06:54:28.353725150 - DEBUG: fortiche_qt-1.0.1
2024-07-10 06:54:28.355232773 - DEBUG: fortiche_qt-1.0.2
2024-07-10 06:54:28.358104233 - DEBUG: horizon-1.3.1
2024-07-10 06:54:28.360374524 - DEBUG: horizon-1.3.2
2024-07-10 06:54:28.362639741 - DEBUG: horizon-1.4.0
2024-07-10 06:54:28.364905109 - DEBUG: horizon-1.4.1
2024-07-10 06:54:28.367274981 - DEBUG: horizon-1.5.0
2024-07-10 06:54:28.369512543 - DEBUG: horizon-1.6.0
2024-07-10 06:54:28.371900406 - DEBUG: horizon-1.7.0
2024-07-10 06:54:28.374269271 - DEBUG: horizon-1.7.1
2024-07-10 06:54:28.376580344 - DEBUG: horizon-1.8.0
2024-07-10 06:54:28.378927399 - DEBUG: horizon-1.9.0
2024-07-10 06:54:28.381226796 - DEBUG: horizon-1.10.0
2024-07-10 06:54:28.383837901 - DEBUG: fortiche_shotgun-1.0.0
2024-07-10 06:54:28.385775006 - DEBUG: ffmpeg_utils-1.1.0
2024-07-10 06:54:28.386208287 - DEBUG: ffmpeg_utils-1.2.0
2024-07-10 06:54:28.386620744 - DEBUG: ffmpeg_utils-1.3.0
2024-07-10 06:54:28.387039994 - DEBUG: ffmpeg_utils-1.3.1
2024-07-10 06:54:28.387461448 - DEBUG: ffmpeg_utils-1.3.2
2024-07-10 06:54:28.387871759 - DEBUG: ffmpeg_utils-1.3.3
2024-07-10 06:54:28.388288912 - DEBUG: ffmpeg_utils-1.4.0
2024-07-10 06:54:28.388704180 - DEBUG: ffmpeg_utils-1.4.1
2024-07-10 06:54:28.389122848 - DEBUG: ffmpeg_utils-1.5.0
2024-07-10 06:54:28.389540474 - DEBUG: ffmpeg_utils-1.5.1
2024-07-10 06:54:28.389961597 - DEBUG: ffmpeg_utils-1.6.0
2024-07-10 06:54:28.390648087 - DEBUG: app_launcher-1.1.0
2024-07-10 06:54:28.392080581 - DEBUG: app_launcher-1.3.0
2024-07-10 06:54:28.393535280 - DEBUG: app_launcher-1.4.0
2024-07-10 06:54:28.395044434 - DEBUG: app_launcher-1.4.1
2024-07-10 06:54:28.396473549 - DEBUG: app_launcher-1.5.0
2024-07-10 06:54:28.398009719 - DEBUG: app_launcher-1.6.0
2024-07-10 06:54:28.399581277 - DEBUG: app_launcher-1.6.1
2024-07-10 06:54:28.401095794 - DEBUG: app_launcher-1.7.0
2024-07-10 06:54:28.402634544 - DEBUG: app_launcher-1.8.0
2024-07-10 06:54:28.404072794 - DEBUG: app_launcher-1.9.0
2024-07-10 06:54:28.405512831 - DEBUG: app_launcher-1.9.1
2024-07-10 06:54:28.406904329 - DEBUG: app_launcher-1.9.2
2024-07-10 06:54:28.408296435 - DEBUG: app_launcher-1.10.0
2024-07-10 06:54:28.409740747 - DEBUG: app_launcher-1.11.0
2024-07-10 06:54:28.411207327 - DEBUG: app_launcher-1.12.0
2024-07-10 06:54:28.412666347 - DEBUG: app_launcher-1.13.0
2024-07-10 06:54:28.414162464 - DEBUG: app_launcher-1.14.0
2024-07-10 06:54:28.415650257 - DEBUG: app_launcher-1.15.0
2024-07-10 06:54:28.416888906 - DEBUG: app_launcher-1.16.0
2024-07-10 06:54:28.418169494 - DEBUG: app_launcher-1.17.0
2024-07-10 06:54:28.419429281 - DEBUG: app_launcher-1.18.0
2024-07-10 06:54:28.420674804 - DEBUG: app_launcher-1.19.0
2024-07-10 06:54:28.421894752 - DEBUG: app_launcher-1.20.0
2024-07-10 06:54:28.423204019 - DEBUG: app_launcher-1.21.0
2024-07-10 06:54:28.424646473 - DEBUG: app_launcher-1.22.0
2024-07-10 06:54:28.426050898 - DEBUG: app_launcher-1.23.0
2024-07-10 06:54:28.427499881 - DEBUG: app_launcher-1.24.0
2024-07-10 06:54:28.428871770 - DEBUG: app_launcher-1.25.0
2024-07-10 06:54:28.430310580 - DEBUG: app_launcher-1.26.0
2024-07-10 06:54:28.431627688 - DEBUG: app_launcher-1.26.1
2024-07-10 06:54:28.432956798 - DEBUG: app_launcher-1.27.0
2024-07-10 06:54:28.434344278 - DEBUG: app_launcher-1.28.0
2024-07-10 06:54:28.435677995 - DEBUG: app_launcher-1.28.1
2024-07-10 06:54:28.436980329 - DEBUG: app_launcher-1.28.2
2024-07-10 06:54:28.438274755 - DEBUG: shotgun_sglink_launcher-1.0.0
2024-07-10 06:54:28.439843362 - DEBUG: shotgun_utils-1.0.0
2024-07-10 06:54:28.439901939 - DEBUG: shotgun_utils-1.1.0
2024-07-10 06:54:28.439966830 - DEBUG: shotgun_utils-1.1.1
2024-07-10 06:54:28.439985996 - DEBUG: shotgun_utils-1.2.0
2024-07-10 06:54:28.440004241 - DEBUG: shotgun_utils-1.3.0
2024-07-10 06:54:28.440022620 - DEBUG: shotgun_utils-1.3.1
2024-07-10 06:54:28.440298496 - DEBUG: shotgun_utils-1.3.2
2024-07-10 06:54:28.440526676 - DEBUG: shotgun_utils-1.3.3
2024-07-10 06:54:28.440744807 - DEBUG: shotgun_sglink_launcher-1.1.0
2024-07-10 06:54:28.442331469 - DEBUG: shotgun_sglink_launcher-1.1.1
2024-07-10 06:54:28.444205097 - DEBUG: shotgun_sglink_launcher-1.2.0
2024-07-10 06:54:28.445630718 - DEBUG: shotgun_sglink_launcher-1.2.1
2024-07-10 06:54:28.447152353 - DEBUG: shotgun_sglink_launcher-1.2.2
2024-07-10 06:54:28.448753063 - DEBUG: shotgun_sglink_launcher-1.2.3
2024-07-10 06:54:28.450453987 - DEBUG: shotgun_sglink_launcher-1.3.0
2024-07-10 06:54:28.452949258 - DEBUG: shotgun_sglink_launcher-1.3.1
2024-07-10 06:54:28.455701961 - DEBUG: shotgun_sglink_launcher-1.3.2
2024-07-10 06:54:28.458442562 - DEBUG: shotgun_sglink_launcher-1.3.3
2024-07-10 06:54:28.461243706 - DEBUG: shotgun_sglink_launcher-1.3.4
2024-07-10 06:54:28.464787708 - DEBUG: nested_dict-1.61
2024-07-10 06:54:28.464868847 - DEBUG: cffi-1.15.0
2024-07-10 06:54:28.464881689 - DEBUG: cffi-1.15.1
2024-07-10 06:54:28.464897913 - DEBUG: idna-2.10
2024-07-10 06:54:28.464907878 - DEBUG: idna-3.3
2024-07-10 06:54:28.464942830 - DEBUG: idna-3.4
2024-07-10 06:54:28.464955652 - DEBUG: idna-3.7
2024-07-10 06:54:28.464983514 - DEBUG: asn1crypto-1.5.1
2024-07-10 06:54:28.465068110 - DEBUG: ntplib-0.3.4
2024-07-10 06:54:28.465086271 - DEBUG: boto3-1.17.112
2024-07-10 06:54:28.465151036 - DEBUG: botocore-1.20.112
2024-07-10 06:54:28.465209106 - DEBUG: jmespath-0.10.0
2024-07-10 06:54:28.465292530 - DEBUG: s3transfer-0.4.2
2024-07-10 06:54:28.465326554 - DEBUG: botocore-1.29.130
2024-07-10 06:54:28.465342883 - DEBUG: boto3-1.26.130
2024-07-10 06:54:28.465381573 - DEBUG: fortiche_shotgun-1.1.0
2024-07-10 06:54:28.468605973 - DEBUG: fortiche_shotgun-1.2.0
2024-07-10 06:54:28.471840930 - DEBUG: fortiche_shotgun-1.3.0
2024-07-10 06:54:28.474987313 - DEBUG: fortiche_shotgun-1.3.1
2024-07-10 06:54:28.478112944 - DEBUG: fortiche_shotgun-1.4.0
2024-07-10 06:54:28.481224364 - DEBUG: fortiche_shotgun-1.4.1
2024-07-10 06:54:28.484346107 - DEBUG: fortiche_shotgun-1.4.2
2024-07-10 06:54:28.487589894 - DEBUG: fortiche_shotgun-1.5.0
2024-07-10 06:54:28.490818003 - DEBUG: fortiche_shotgun-1.6.0
2024-07-10 06:54:28.494065378 - DEBUG: fortiche_shotgun-1.7.0
2024-07-10 06:54:28.497357637 - DEBUG: fortiche_shotgun-1.7.1
2024-07-10 06:54:28.497596571 - DEBUG: ntplib-0.4.0
2024-07-10 06:54:28.500703918 - DEBUG: fortiche_shotgun-1.8.0
2024-07-10 06:54:28.503809122 - DEBUG: fortiche_shotgun-1.9.0
2024-07-10 06:54:28.507071696 - DEBUG: fortiche_shotgun-1.9.1
2024-07-10 06:54:28.510677792 - DEBUG: fortiche_shotgun-1.9.2
2024-07-10 06:54:28.514019467 - DEBUG: fortiche_shotgun-1.10.0
2024-07-10 06:54:28.517374710 - DEBUG: fortiche_shotgun-1.11.0
2024-07-10 06:54:28.520674792 - DEBUG: fortiche_shotgun-1.11.1
2024-07-10 06:54:28.524057887 - DEBUG: fortiche_shotgun-1.12.0
2024-07-10 06:54:28.527431930 - DEBUG: fortiche_shotgun-1.12.1
2024-07-10 06:54:28.530712241 - DEBUG: fortiche_shotgun-1.12.2
2024-07-10 06:54:28.534069164 - DEBUG: fortiche_shotgun-1.12.3
2024-07-10 06:54:28.537569368 - DEBUG: fortiche_shotgun-1.12.4
2024-07-10 06:54:28.540808243 - DEBUG: fortiche_shotgun-1.13.0
2024-07-10 06:54:28.544191358 - DEBUG: fortiche_shotgun-1.14.0
2024-07-10 06:54:28.547597501 - DEBUG: fortiche_shotgun-1.15.0
2024-07-10 06:54:28.551064782 - DEBUG: fortiche_shotgun-1.16.0
2024-07-10 06:54:28.554458445 - DEBUG: fortiche_shotgun-1.16.1
2024-07-10 06:54:28.558108916 - DEBUG: fortiche_shotgun-1.17.0
2024-07-10 06:54:28.561650228 - DEBUG: fortiche_shotgun-1.18.0
2024-07-10 06:54:28.565039771 - DEBUG: fortiche_shotgun-1.18.1
2024-07-10 06:54:28.568335931 - DEBUG: fortiche_shotgun-1.19.0
2024-07-10 06:54:28.571603915 - DEBUG: fortiche_shotgun-1.19.1
2024-07-10 06:54:28.574882563 - DEBUG: fortiche_shotgun-1.20.0
2024-07-10 06:54:28.578277914 - DEBUG: fortiche_shotgun-1.21.0
2024-07-10 06:54:28.581766104 - DEBUG: fortiche_shotgun-1.21.1
2024-07-10 06:54:28.585135867 - DEBUG: fortiche_shotgun-1.22.0
2024-07-10 06:54:28.588725955 - DEBUG: fortiche_shotgun-1.23.0
2024-07-10 06:54:28.592157479 - DEBUG: fortiche_shotgun-1.24.0
2024-07-10 06:54:28.595618552 - DEBUG: fortiche_shotgun-1.24.1
2024-07-10 06:54:28.599498483 - DEBUG: fortiche_shotgun-1.24.2
2024-07-10 06:54:28.603175096 - DEBUG: fortiche_shotgun-1.24.3
2024-07-10 06:54:28.607013448 - DEBUG: fortiche_shotgun-1.24.4
2024-07-10 06:54:28.611068989 - DEBUG: fortiche_shotgun-1.24.5
2024-07-10 06:54:28.614357588 - DEBUG: fastoche_core-1.1.1
2024-07-10 06:54:28.618448404 - DEBUG: fastoche_core-1.1.2
2024-07-10 06:54:28.622326903 - DEBUG: fastoche_core-1.1.3
2024-07-10 06:54:28.626425875 - DEBUG: fastoche_core-1.1.4
2024-07-10 06:54:28.630761052 - DEBUG: fastoche_core-1.1.5
2024-07-10 06:54:28.634741921 - DEBUG: fastoche_core-1.2.0
2024-07-10 06:54:28.638612458 - DEBUG: fastoche_core-1.2.1
2024-07-10 06:54:28.642409680 - DEBUG: fastoche_core-1.3.0
2024-07-10 06:54:28.646319388 - DEBUG: fastoche_core-1.3.1
2024-07-10 06:54:28.647786805 - DEBUG: OpenTimelineIO-0.14.0
2024-07-10 06:54:28.647804066 - DEBUG: OpenTimelineIO-0.14.0-inside-nuke-13.2-pkg.0
2024-07-10 06:54:28.647836212 - DEBUG: rez-2.104.7
2024-07-10 06:54:28.648013723 - DEBUG: python-2.7-inside-fbox-pkg.0
2024-07-10 06:54:28.648160043 - DEBUG: PySide2-5.12-inside-mari-5.0-pkg.0
2024-07-10 06:54:28.648205805 - DEBUG: shiboken2-5.12.0
2024-07-10 06:54:28.648290755 - DEBUG: PySide2-5.12.0
2024-07-10 06:54:28.648329516 - DEBUG: PySide2-5.12.6-inside-nuke-13.2-pkg.0
2024-07-10 06:54:28.648369949 - DEBUG: PySide2-5.15-inside-nuke-14.0-pkg.0
2024-07-10 06:54:28.648410661 - DEBUG: PySide2-5.15.2-inside-houdini-19.5-pkg.0
2024-07-10 06:54:28.648448947 - DEBUG: PySide2-5.15.2.1
2024-07-10 06:54:28.648490709 - DEBUG: shiboken2-5.15.2.1
2024-07-10 06:54:28.648576046 - DEBUG: PySide2-5.15.2.1-pkg.1
2024-07-10 06:54:28.648623079 - DEBUG: python-2.7-inside-guerilla-2.3-pkg.0
2024-07-10 06:54:28.648746867 - DEBUG: PySide2-5.15.2-inside-maya-2022-pkg.0
2024-07-10 06:54:28.648808660 - DEBUG: python-2.7-inside-maya-2018-pkg.0
2024-07-10 06:54:28.648934750 - DEBUG: OpenTimelineIO-0.14.1
2024-07-10 06:54:28.648950417 - DEBUG: OpenTimelineIO-0.15-inside-nuke-14.0-pkg.0
2024-07-10 06:54:28.648987710 - DEBUG: OpenTimelineIO-0.15.0
2024-07-10 06:54:28.649091557 - DEBUG: python-2.7-inside-maya-2022-pkg.0
2024-07-10 06:54:28.649323987 - DEBUG: python-2.7-pkg.0
2024-07-10 06:54:28.649461266 - DEBUG: python-2.7-pkg.1
2024-07-10 06:54:28.649596346 - DEBUG: python-3.7-inside-mari-5.0-pkg.0
2024-07-10 06:54:28.649737435 - DEBUG: python-3.7-inside-mari-5.0-pkg.1
2024-07-10 06:54:28.649878747 - DEBUG: python-3.7-inside-mari-5.0-pkg.2
2024-07-10 06:54:28.650072412 - DEBUG: python-3.7-inside-maya-2022-pkg.0
2024-07-10 06:54:28.650339605 - DEBUG: python-3.7-inside-maya-2022-pkg.1
2024-07-10 06:54:28.650476831 - DEBUG: python-3.7-inside-maya-2022-pkg.2
2024-07-10 06:54:28.650639021 - DEBUG: python-3.7-inside-nuke-13.2-pkg.0
2024-07-10 06:54:28.650865760 - DEBUG: python-3.7-inside-nuke-13.2-pkg.1
2024-07-10 06:54:28.651055702 - DEBUG: python-3.7-pkg.0
2024-07-10 06:54:28.651253940 - DEBUG: python-3.7-pkg.1
2024-07-10 06:54:28.651514836 - DEBUG: python-3.9-inside-houdini-19.5-pkg.0
2024-07-10 06:54:28.651673531 - DEBUG: python-3.9-inside-houdini-19.5-pkg.1
2024-07-10 06:54:28.651821696 - DEBUG: python-3.9-inside-nuke-14.0-pkg.0
2024-07-10 06:54:28.652076295 - DEBUG: python-3.9-inside-nuke-14.0-pkg.1
2024-07-10 06:54:28.652282224 - DEBUG: python-3.9-pkg.0
2024-07-10 06:54:28.652438726 - DEBUG: python-3.9-pkg.1
2024-07-10 06:54:28.652594608 - DEBUG: python-3.10-inside-blender-3.6-pkg.0
2024-07-10 06:54:28.655547253 - DEBUG: fastoche_core-1.3.2
2024-07-10 06:54:28.659467378 - DEBUG: fastoche_core-1.4.0
2024-07-10 06:54:28.663263727 - DEBUG: fastoche_core-1.5.0
2024-07-10 06:54:28.667132808 - DEBUG: fastoche_core-1.6.0
2024-07-10 06:54:28.670954031 - DEBUG: fastoche_core-1.6.1
2024-07-10 06:54:28.674850901 - DEBUG: fastoche_core-1.6.2
2024-07-10 06:54:28.678908042 - DEBUG: fastoche_core-1.7.0
2024-07-10 06:54:28.683063563 - DEBUG: fastoche_core-1.7.1
2024-07-10 06:54:28.687250727 - DEBUG: fastoche_core-1.7.2
2024-07-10 06:54:28.691383437 - DEBUG: fastoche_core-1.7.3
2024-07-10 06:54:28.695421908 - DEBUG: fastoche_core-1.7.4
2024-07-10 06:54:28.699590082 - DEBUG: fastoche_core-1.7.5
2024-07-10 06:54:28.703705763 - DEBUG: fastoche_core-1.8.0
2024-07-10 06:54:28.707777073 - DEBUG: fastoche_core-1.9.0
2024-07-10 06:54:28.712048596 - DEBUG: fastoche_core-1.9.1
2024-07-10 06:54:28.716054945 - DEBUG: fastoche_core-1.9.2
2024-07-10 06:54:28.720235822 - DEBUG: fastoche_core-1.9.3
2024-07-10 06:54:28.724357608 - DEBUG: fastoche_core-1.9.4
2024-07-10 06:54:28.728388636 - DEBUG: fastoche_core-1.10.0
2024-07-10 06:54:28.732431434 - DEBUG: fastoche_core-1.10.1
2024-07-10 06:54:28.736524087 - DEBUG: fastoche_core-1.10.2
2024-07-10 06:54:28.740624280 - DEBUG: fastoche_core-1.11.0
2024-07-10 06:54:28.744700011 - DEBUG: fastoche_core-1.12.0
2024-07-10 06:54:28.748835631 - DEBUG: fastoche_core-1.13.0
2024-07-10 06:54:28.752962780 - DEBUG: fastoche_core-1.13.1
2024-07-10 06:54:28.757013107 - DEBUG: fastoche_core-1.14.0
2024-07-10 06:54:28.761692009 - DEBUG: fastoche_core-1.15.0
2024-07-10 06:54:28.765964885 - DEBUG: fastoche_core-1.16.0
2024-07-10 06:54:28.766590887 - DEBUG: MarkupSafe-1.1.1
2024-07-10 06:54:28.766688263 - DEBUG: MarkupSafe-2.0.1
2024-07-10 06:54:28.770546478 - DEBUG: fastoche_core-1.17.0
2024-07-10 06:54:28.774729292 - DEBUG: fastoche_core-1.17.1
2024-07-10 06:54:28.778923119 - DEBUG: fastoche_core-1.17.2
2024-07-10 06:54:28.783043897 - DEBUG: fastoche_core-1.18.0
2024-07-10 06:54:28.787398550 - DEBUG: fastoche_core-1.19.0
2024-07-10 06:54:28.792970849 - DEBUG: fastoche_guerilla-1.1.0
2024-07-10 06:54:28.797410320 - DEBUG: fastoche_guerilla-1.2.0
2024-07-10 06:54:28.802291467 - DEBUG: fastoche_guerilla-1.3.0
2024-07-10 06:54:28.807494646 - DEBUG: fastoche_guerilla-1.3.1
2024-07-10 06:54:28.812118895 - DEBUG: fastoche_guerilla-1.4.0
2024-07-10 06:54:28.816815062 - DEBUG: fastoche_guerilla-1.5.0
2024-07-10 06:54:28.821401133 - DEBUG: fastoche_guerilla-1.5.1
2024-07-10 06:54:28.825936407 - DEBUG: fastoche_guerilla-1.5.2
2024-07-10 06:54:28.830837605 - DEBUG: fastoche_guerilla-1.6.0
2024-07-10 06:54:28.835546253 - DEBUG: fastoche_guerilla-1.7.0
2024-07-10 06:54:28.839921160 - DEBUG: fastoche_guerilla-1.9.1
2024-07-10 06:54:28.844333413 - DEBUG: fastoche_guerilla-1.10.0
2024-07-10 06:54:28.849155548 - DEBUG: fastoche_guerilla-1.11.0
2024-07-10 06:54:28.853926095 - DEBUG: fastoche_guerilla-1.11.1
2024-07-10 06:54:28.858521544 - DEBUG: fastoche_guerilla-1.11.2
2024-07-10 06:54:28.862968204 - DEBUG: fastoche_guerilla-1.12.0
2024-07-10 06:54:28.867669300 - DEBUG: fastoche_guerilla-1.12.1
2024-07-10 06:54:28.872161504 - DEBUG: fastoche_guerilla-1.13.0
2024-07-10 06:54:28.876864513 - DEBUG: fastoche_guerilla-1.13.1
2024-07-10 06:54:28.881295698 - DEBUG: fastoche_guerilla-1.13.2
2024-07-10 06:54:28.886141189 - DEBUG: fastoche_guerilla-1.14.0
2024-07-10 06:54:28.891759790 - DEBUG: fastoche_guerilla-1.15.0
2024-07-10 06:54:28.897406466 - DEBUG: fastoche_guerilla-1.16.0
2024-07-10 06:54:28.902850601 - DEBUG: fastoche_guerilla-1.16.1
2024-07-10 06:54:28.908392330 - DEBUG: fastoche_guerilla-1.17.0
2024-07-10 06:54:28.913878261 - DEBUG: fastoche_guerilla-1.17.1
2024-07-10 06:54:28.918624421 - DEBUG: fastoche_guerilla-1.18.0
2024-07-10 06:54:28.923035420 - DEBUG: fastoche_guerilla-1.18.1
2024-07-10 06:54:28.927475209 - DEBUG: fastoche_guerilla-1.18.2
2024-07-10 06:54:28.931905652 - DEBUG: fastoche_guerilla-1.18.3
2024-07-10 06:54:28.936398663 - DEBUG: fastoche_guerilla-1.18.4
2024-07-10 06:54:28.940890765 - DEBUG: fastoche_guerilla-1.19.0
2024-07-10 06:54:28.945438725 - DEBUG: fastoche_guerilla-1.20.0
2024-07-10 06:54:28.950142349 - DEBUG: fastoche_guerilla-1.21.0
2024-07-10 06:54:28.954820257 - DEBUG: fastoche_guerilla-1.21.1
2024-07-10 06:54:28.961172353 - DEBUG: appy-1.0.0
2024-07-10 06:54:28.961569185 - DEBUG: templaters-1.0.0
2024-07-10 06:54:28.964025308 - DEBUG: templaters-1.1.0
2024-07-10 06:54:28.966430385 - DEBUG: templaters-1.1.1
2024-07-10 06:54:28.968864355 - DEBUG: templaters-1.2.0
2024-07-10 06:54:28.971663548 - DEBUG: templaters-1.2.1
2024-07-10 06:54:28.976638269 - DEBUG: cryptography-2.2.2
2024-07-10 06:54:28.976751230 - DEBUG: cryptography-2.2.2-pkg.0
2024-07-10 06:54:28.976765709 - DEBUG: cryptography-2.2.2-pkg.1
2024-07-10 06:54:28.976786132 - DEBUG: appy-1.0.1
2024-07-10 06:54:28.979315015 - DEBUG: appy-1.0.2
2024-07-10 06:54:28.981875903 - DEBUG: appy-1.0.3
2024-07-10 06:54:28.984456556 - DEBUG: appy-1.0.4
2024-07-10 06:54:28.986933634 - DEBUG: appy-1.1.0
2024-07-10 06:54:28.989489702 - DEBUG: appy-1.2.0
2024-07-10 06:54:28.990472925 - DEBUG: cryptography-2.9.2
2024-07-10 06:54:28.992285498 - DEBUG: appy-1.2.1
2024-07-10 06:54:28.995287577 - DEBUG: appy-1.3.0
2024-07-10 06:54:28.998081126 - DEBUG: appy-1.3.1
2024-07-10 06:54:29.000900862 - DEBUG: appy-1.3.2
2024-07-10 06:54:29.003824435 - DEBUG: appy-1.4.0
2024-07-10 06:54:29.006532423 - DEBUG: appy-1.5.0
2024-07-10 06:54:29.009371406 - DEBUG: appy-1.5.1
2024-07-10 06:54:29.012092538 - DEBUG: appy-1.5.2
2024-07-10 06:54:29.024018186 - DEBUG: fortiche_core-2.0.0
2024-07-10 06:54:29.024483374 - DEBUG: python_utils-2.0.0
2024-07-10 06:54:29.024538622 - DEBUG: python_utils-2.0.1
2024-07-10 06:54:29.024586003 - DEBUG: python_utils-2.0.2
2024-07-10 06:54:29.024651534 - DEBUG: python_utils-2.0.3
2024-07-10 06:54:29.024704927 - DEBUG: python_utils-2.1.0
2024-07-10 06:54:29.024758576 - DEBUG: python_utils-2.2.0
2024-07-10 06:54:29.024812605 - DEBUG: python_utils-2.2.1
2024-07-10 06:54:29.024925448 - DEBUG: qt_utils-2.0.0
2024-07-10 06:54:29.026030402 - DEBUG: qt_utils-2.0.1
2024-07-10 06:54:29.026754754 - DEBUG: jsmin-3.0.1
2024-07-10 06:54:29.026845344 - DEBUG: templating_utils-2.0.0
2024-07-10 06:54:29.027005276 - DEBUG: os_utils-2.0.0
2024-07-10 06:54:29.028200819 - DEBUG: os_utils-2.0.1
2024-07-10 06:54:29.028832142 - DEBUG: fishbowl-2.0.0
2024-07-10 06:54:29.029362592 - DEBUG: fishbowl-2.1.0
2024-07-10 06:54:29.029765138 - DEBUG: fishbowl-2.1.1
2024-07-10 06:54:29.030214480 - DEBUG: fishbowl-2.1.2
2024-07-10 06:54:29.030740012 - DEBUG: python_dependency_scan-2.0.0
2024-07-10 06:54:29.031155022 - DEBUG: fortiche_core-2.0.1
2024-07-10 06:54:29.032174449 - DEBUG: fortiche_core-2.0.2
2024-07-10 06:54:29.033194476 - DEBUG: fortiche_core-2.0.3
2024-07-10 06:54:29.034193504 - DEBUG: fortiche_core-2.1.0
2024-07-10 06:54:29.035186601 - DEBUG: fortiche_core-2.1.1
2024-07-10 06:54:29.036135541 - DEBUG: fortiche_core-2.2.0
2024-07-10 06:54:29.037045001 - DEBUG: fortiche_core-2.3.0
2024-07-10 06:54:37.054447022 - INFO: Context name: 541e7cab-9870-42b6-b4f0-e4c21cae37ea
2024-07-10 06:54:37.059331615 - DEBUG: fortiche_core-1.0.0
2024-07-10 06:54:37.060164749 - DEBUG: requests-2.13.0
2024-07-10 06:54:37.060251603 - DEBUG: urllib3-1.26.9
2024-07-10 06:54:37.060264337 - DEBUG: pycparser-2.21
2024-07-10 06:54:37.060276840 - DEBUG: et_xmlfile-1.0.1
2024-07-10 06:54:37.060294709 - DEBUG: smmap2-3.0.1
2024-07-10 06:54:37.060311527 - DEBUG: smmap-3.0.5
2024-07-10 06:54:37.060327647 - DEBUG: six-1.11.0
2024-07-10 06:54:37.060363426 - DEBUG: requests-2.27.1
2024-07-10 06:54:37.060435940 - DEBUG: urllib3-1.26.12
2024-07-10 06:54:37.060452940 - DEBUG: urllib3-1.26.15
2024-07-10 06:54:37.060473386 - DEBUG: certifi-2021.10.8
2024-07-10 06:54:37.060520263 - DEBUG: certifi-2022.5.18.1
2024-07-10 06:54:37.060564218 - DEBUG: certifi-2022.12.7
2024-07-10 06:54:37.060614652 - DEBUG: certifi-2023.5.7
2024-07-10 06:54:37.060660581 - DEBUG: certifi-2024.6.2
2024-07-10 06:54:37.060704047 - DEBUG: requests-2.28.2
2024-07-10 06:54:37.060714690 - DEBUG: requests-2.30.0
2024-07-10 06:54:37.060721757 - DEBUG: requests-2.31.0
2024-07-10 06:54:37.060728637 - DEBUG: requests-2.32.3
2024-07-10 06:54:37.060735180 - DEBUG: six-1.16.0
2024-07-10 06:54:37.060784897 - DEBUG: et_xmlfile-1.1.0
2024-07-10 06:54:37.060811730 - DEBUG: jdcal-1.4.1
2024-07-10 06:54:37.060821566 - DEBUG: timecode-1.3.1
2024-07-10 06:54:37.061016557 - DEBUG: os_utils-1.0.1
2024-07-10 06:54:37.061226275 - DEBUG: fastoche_core-1.0.0
2024-07-10 06:54:37.061388603 - DEBUG: shotgun_api3-3.0.41
2024-07-10 06:54:37.061432686 - DEBUG: httplib2-0.20.4
2024-07-10 06:54:37.061484160 - DEBUG: text_unidecode-1.2
2024-07-10 06:54:37.061573831 - DEBUG: uritemplate-3.0.1
2024-07-10 06:54:37.061602686 - DEBUG: google_auth_httplib2-0.1.0
2024-07-10 06:54:37.061637565 - DEBUG: google_auth-2.6.2
2024-07-10 06:54:37.061656879 - DEBUG: httplib2-0.11.3
2024-07-10 06:54:37.061705508 - DEBUG: python_dateutil-2.8.2
2024-07-10 06:54:37.061751772 - DEBUG: shotgun_api3-3.3.4
2024-07-10 06:54:37.061789874 - DEBUG: shotgun_api3-3.3.5
2024-07-10 06:54:37.061831043 - DEBUG: scandir-1.7
2024-07-10 06:54:37.061866034 - DEBUG: templating_utils-1.0.0
2024-07-10 06:54:37.061903512 - DEBUG: Jinja2-2.10
2024-07-10 06:54:37.061923478 - DEBUG: templating_utils-1.0.1
2024-07-10 06:54:37.061954123 - DEBUG: templating_utils-1.0.2
2024-07-10 06:54:37.061977883 - DEBUG: Jinja2-2.11.3
2024-07-10 06:54:37.061986473 - DEBUG: templating_utils-1.0.3
2024-07-10 06:54:37.062016595 - DEBUG: enum34-1.1.6
2024-07-10 06:54:37.062063878 - DEBUG: fishbowl-1.0.0
2024-07-10 06:54:37.062111363 - DEBUG: fishbowl-1.0.1
2024-07-10 06:54:37.062189834 - DEBUG: fishbowl-1.0.2
2024-07-10 06:54:37.062230603 - DEBUG: fishbowl-1.1.0
2024-07-10 06:54:37.062282156 - DEBUG: fishbowl-1.1.2
2024-07-10 06:54:37.062332248 - DEBUG: configparser-3.5.0
2024-07-10 06:54:37.062416187 - DEBUG: configparser-3.8.1
2024-07-10 06:54:37.062426969 - DEBUG: configparser-4.0.2
2024-07-10 06:54:37.062545962 - DEBUG: python_patch2run3-1.7.0
2024-07-10 06:54:37.062568305 - DEBUG: future-0.16.0
2024-07-10 06:54:37.062650458 - DEBUG: future-0.18.2
2024-07-10 06:54:37.062721793 - DEBUG: future-0.18.3
2024-07-10 06:54:37.062795060 - DEBUG: python_patch2run3-1.7.1
2024-07-10 06:54:37.062817811 - DEBUG: python_patch2run3-1.7.2
2024-07-10 06:54:37.062835071 - DEBUG: python_patch2run3-1.7.3
2024-07-10 06:54:37.062858780 - DEBUG: fishbowl-1.1.3
2024-07-10 06:54:37.063146257 - DEBUG: fishbowl-1.2.0
2024-07-10 06:54:37.063312374 - DEBUG: fishbowl-1.3.0
2024-07-10 06:54:37.063572933 - DEBUG: python_utils-1.0.0
2024-07-10 06:54:37.063694906 - DEBUG: carbon-1.0.0
2024-07-10 06:54:37.063979248 - DEBUG: python_utils-1.0.1
2024-07-10 06:54:37.064038534 - DEBUG: python_utils-1.0.2
2024-07-10 06:54:37.064066419 - DEBUG: python_utils-1.1.0
2024-07-10 06:54:37.064095401 - DEBUG: python_utils-1.2.1
2024-07-10 06:54:37.064121779 - DEBUG: python_utils-1.3.0
2024-07-10 06:54:37.064169178 - DEBUG: python_utils-1.4.0
2024-07-10 06:54:37.064226993 - DEBUG: python_utils-1.4.1
2024-07-10 06:54:37.064268082 - DEBUG: python_utils-1.4.2
2024-07-10 06:54:37.064311884 - DEBUG: python_utils-1.4.3
2024-07-10 06:54:37.064337448 - DEBUG: python_utils-1.5.0
2024-07-10 06:54:37.064367644 - DEBUG: python_utils-1.6.0
2024-07-10 06:54:37.064405625 - DEBUG: python_utils-1.6.1
2024-07-10 06:54:37.064451497 - DEBUG: python_utils-1.7.0
2024-07-10 06:54:37.064486884 - DEBUG: python_utils-1.7.1
2024-07-10 06:54:37.064522304 - DEBUG: python_utils-1.7.2
2024-07-10 06:54:37.064561320 - DEBUG: python_utils-1.8.0
2024-07-10 06:54:37.064597537 - DEBUG: python_utils-1.8.1
2024-07-10 06:54:37.064638282 - DEBUG: python_utils-1.8.2
2024-07-10 06:54:37.064679441 - DEBUG: python_utils-1.8.3
2024-07-10 06:54:37.064717303 - DEBUG: python_utils-1.8.4
2024-07-10 06:54:37.064758303 - DEBUG: python_utils-1.9.0
2024-07-10 06:54:37.064800242 - DEBUG: python_utils-1.10.0
2024-07-10 06:54:37.064852300 - DEBUG: python_utils-1.10.1
2024-07-10 06:54:37.064921773 - DEBUG: python_utils-1.10.2
2024-07-10 06:54:37.064974119 - DEBUG: python_utils-1.10.3
2024-07-10 06:54:37.065021966 - DEBUG: python_utils-1.10.4
2024-07-10 06:54:37.065066997 - DEBUG: python_utils-1.10.5
2024-07-10 06:54:37.065115090 - DEBUG: python_utils-1.10.6
2024-07-10 06:54:37.065160731 - DEBUG: python_utils-1.10.7
2024-07-10 06:54:37.065225581 - DEBUG: python_utils-1.10.8
2024-07-10 06:54:37.065271413 - DEBUG: python_utils-1.11.0
2024-07-10 06:54:37.065320439 - DEBUG: python_utils-1.11.1
2024-07-10 06:54:37.065367242 - DEBUG: python_utils-1.12.0
2024-07-10 06:54:37.065447927 - DEBUG: python_utils-1.12.1
2024-07-10 06:54:37.065499967 - DEBUG: python_utils-1.13.0
2024-07-10 06:54:37.065570518 - DEBUG: carbon-1.0.1
2024-07-10 06:54:37.066495461 - DEBUG: carbon-1.1.0
2024-07-10 06:54:37.067516282 - DEBUG: carbon-1.1.1
2024-07-10 06:54:37.068412040 - DEBUG: carbon-1.1.3
2024-07-10 06:54:37.069311265 - DEBUG: carbon-1.1.4
2024-07-10 06:54:37.070169716 - DEBUG: carbon-1.1.5
2024-07-10 06:54:37.071013833 - DEBUG: carbon-1.1.6
2024-07-10 06:54:37.071854315 - DEBUG: carbon-1.1.7
2024-07-10 06:54:37.072805382 - DEBUG: guerilla_utils-1.0.0
2024-07-10 06:54:37.072851731 - DEBUG: networkx-2.2
2024-07-10 06:54:37.073609384 - DEBUG: guerilla_utils-1.0.1
2024-07-10 06:54:37.074407514 - DEBUG: guerilla_utils-1.1.0
2024-07-10 06:54:37.075207734 - DEBUG: guerilla_utils-1.2.0
2024-07-10 06:54:37.076069795 - DEBUG: networkx-1.11
2024-07-10 06:54:37.076102358 - DEBUG: decorator-4.4.2
2024-07-10 06:54:37.076114685 - DEBUG: decorator-5.1.1
2024-07-10 06:54:37.076133202 - DEBUG: guerilla_utils-1.3.0
2024-07-10 06:54:37.077201597 - DEBUG: guerilla_utils-1.4.0
2024-07-10 06:54:37.078040908 - DEBUG: guerilla_utils-1.5.0
2024-07-10 06:54:37.078901869 - DEBUG: guerilla_utils-1.6.0
2024-07-10 06:54:37.079843836 - DEBUG: guerilla_utils-1.7.0
2024-07-10 06:54:37.080659455 - DEBUG: guerilla_utils-1.8.0
2024-07-10 06:54:37.081513545 - DEBUG: guerilla_utils-1.8.1
2024-07-10 06:54:37.082530542 - DEBUG: guerilla_utils-1.9.0
2024-07-10 06:54:37.083619321 - DEBUG: guerilla_utils-1.9.1
2024-07-10 06:54:37.083685331 - DEBUG: networkx-2.6.3
2024-07-10 06:54:37.083693549 - DEBUG: networkx-2.8.8
2024-07-10 06:54:37.084589550 - DEBUG: guerilla_utils-1.9.2
2024-07-10 06:54:37.085427288 - DEBUG: guerilla_utils-1.9.3
2024-07-10 06:54:37.086283552 - DEBUG: qt_utils-1.0.1
2024-07-10 06:54:37.087228955 - DEBUG: python_patch2run3-1.0.0
2024-07-10 06:54:37.087279696 - DEBUG: python_patch2run3-1.1.0
2024-07-10 06:54:37.087303065 - DEBUG: python_patch2run3-1.2.0
2024-07-10 06:54:37.087324979 - DEBUG: python_patch2run3-1.2.1
2024-07-10 06:54:37.087352120 - DEBUG: python_patch2run3-1.2.2
2024-07-10 06:54:37.087375597 - DEBUG: python_patch2run3-1.3.0
2024-07-10 06:54:37.087431153 - DEBUG: python_patch2run3-1.3.1
2024-07-10 06:54:37.087468173 - DEBUG: python_patch2run3-1.3.2
2024-07-10 06:54:37.087492535 - DEBUG: python_patch2run3-1.4.0
2024-07-10 06:54:37.087514204 - DEBUG: python_patch2run3-1.4.1
2024-07-10 06:54:37.087535541 - DEBUG: python_patch2run3-1.5.0
2024-07-10 06:54:37.087560608 - DEBUG: python_patch2run3-1.6.0
2024-07-10 06:54:37.087585952 - DEBUG: python_patch2run3-1.6.1
2024-07-10 06:54:37.087608553 - DEBUG: python_patch2run3-1.6.2
2024-07-10 06:54:37.087654371 - DEBUG: qt_utils-1.0.2
2024-07-10 06:54:37.088433942 - DEBUG: qt_utils-1.0.3
2024-07-10 06:54:37.089274414 - DEBUG: qt_utils-1.0.4
2024-07-10 06:54:37.090111224 - DEBUG: qt_utils-1.1.0
2024-07-10 06:54:37.091060119 - DEBUG: qt_utils-1.1.1
2024-07-10 06:54:37.092097530 - DEBUG: qt_utils-1.1.2
2024-07-10 06:54:37.093352837 - DEBUG: qt_utils-1.2.0
2024-07-10 06:54:37.094330810 - DEBUG: qt_utils-1.2.1
2024-07-10 06:54:37.095440000 - DEBUG: qt_utils-1.3.0
2024-07-10 06:54:37.096535351 - DEBUG: fastoche_guerilla-1.0.0
2024-07-10 06:54:37.096623826 - DEBUG: click-6.7
2024-07-10 06:54:37.096801449 - DEBUG: os_utils-1.0.2
2024-07-10 06:54:37.097014687 - DEBUG: os_utils-1.0.3
2024-07-10 06:54:37.097826845 - DEBUG: psutil-5.4.0
2024-07-10 06:54:37.097909368 - DEBUG: psutil-5.9.4
2024-07-10 06:54:37.098104607 - DEBUG: os_utils-1.0.4
2024-07-10 06:54:37.098295973 - DEBUG: os_utils-1.1.0
2024-07-10 06:54:37.098484752 - DEBUG: os_utils-1.2.0
2024-07-10 06:54:37.098679079 - DEBUG: os_utils-1.3.0
2024-07-10 06:54:37.099814657 - DEBUG: os_utils-1.4.0
2024-07-10 06:54:37.100024979 - DEBUG: os_utils-1.4.1
2024-07-10 06:54:37.100994697 - DEBUG: os_utils-1.5.0
2024-07-10 06:54:37.101971688 - DEBUG: os_utils-1.5.1
2024-07-10 06:54:37.102182332 - DEBUG: os_utils-1.6.0
2024-07-10 06:54:37.102397815 - DEBUG: os_utils-1.6.1
2024-07-10 06:54:37.102611646 - DEBUG: os_utils-1.6.2
2024-07-10 06:54:37.103651441 - DEBUG: os_utils-1.6.3
2024-07-10 06:54:37.104701149 - DEBUG: os_utils-1.7.0
2024-07-10 06:54:37.105718317 - DEBUG: os_utils-1.7.1
2024-07-10 06:54:37.106687123 - DEBUG: os_utils-1.8.0
2024-07-10 06:54:37.107792540 - DEBUG: os_utils-1.9.0
2024-07-10 06:54:37.108862790 - DEBUG: os_utils-1.9.1
2024-07-10 06:54:37.110055044 - DEBUG: os_utils-1.9.2
2024-07-10 06:54:37.111150545 - DEBUG: os_utils-1.9.3
2024-07-10 06:54:37.112256611 - DEBUG: os_utils-1.9.4
2024-07-10 06:54:37.113579829 - DEBUG: fortiche_core-1.1.0
2024-07-10 06:54:37.114914946 - DEBUG: sentry_sdk-0.10.2
2024-07-10 06:54:37.114986166 - DEBUG: python_dependency_scan-1.0.0
2024-07-10 06:54:37.115166403 - DEBUG: importlib_metadata-1.6.0
2024-07-10 06:54:37.115192497 - DEBUG: zipp-1.2.0
2024-07-10 06:54:37.115204234 - DEBUG: zipp-3.15.0
2024-07-10 06:54:37.115217746 - DEBUG: pyyed-1.4.3
2024-07-10 06:54:37.115235181 - DEBUG: pyasn1-0.4.8
2024-07-10 06:54:37.115315852 - DEBUG: more_itertools-4.1.0
2024-07-10 06:54:37.115352893 - DEBUG: python_dependency_scan-1.0.1
2024-07-10 06:54:37.115518985 - DEBUG: python_dependency_scan-1.0.2
2024-07-10 06:54:37.115647393 - DEBUG: python_dependency_scan-1.0.3
2024-07-10 06:54:37.115777161 - DEBUG: pydeps-1.10.12
2024-07-10 06:54:37.115791862 - DEBUG: stdlib_list-0.8.0
2024-07-10 06:54:37.115825262 - DEBUG: python_dependency_scan-1.0.4
2024-07-10 06:54:37.115927571 - DEBUG: importlib_metadata-1.7.0
2024-07-10 06:54:37.115963829 - DEBUG: pyyed-1.5.0
2024-07-10 06:54:37.115995083 - DEBUG: enum34-1.1.10
2024-07-10 06:54:37.116013768 - DEBUG: python_dependency_scan-1.1.0
2024-07-10 06:54:37.116147588 - DEBUG: python_dependency_scan-1.1.1
2024-07-10 06:54:37.116572053 - DEBUG: python_dependency_scan-1.1.2
2024-07-10 06:54:37.116903862 - DEBUG: python_dependency_scan-1.1.3
2024-07-10 06:54:37.117254289 - DEBUG: python_dependency_scan-1.1.4
2024-07-10 06:54:37.117611344 - DEBUG: python_dependency_scan-1.1.5
2024-07-10 06:54:37.117939408 - DEBUG: python_dependency_scan-1.1.6
2024-07-10 06:54:37.118279960 - DEBUG: numpy-1.16.4
2024-07-10 06:54:37.118326275 - DEBUG: termcolor-1.1.0
2024-07-10 06:54:37.118441395 - DEBUG: jsmin-2.2.2
2024-07-10 06:54:37.118527375 - DEBUG: fortiche_core-1.1.1
2024-07-10 06:54:37.120155951 - DEBUG: fortiche_core-1.2.0
2024-07-10 06:54:37.121735549 - DEBUG: fortiche_core-1.3.0
2024-07-10 06:54:37.123671494 - DEBUG: fortiche_core-1.3.1
2024-07-10 06:54:37.125354880 - DEBUG: fortiche_core-1.3.2
2024-07-10 06:54:37.127215559 - DEBUG: fortiche_core-1.3.3
2024-07-10 06:54:37.128855856 - DEBUG: fortiche_core-1.3.4
2024-07-10 06:54:37.129134026 - DEBUG: numpy-1.16.6
2024-07-10 06:54:37.129179137 - DEBUG: numpy-1.21.6
2024-07-10 06:54:37.130092295 - DEBUG: scandir-1.10.0
2024-07-10 06:54:37.130771692 - DEBUG: fortiche_core-1.3.5
2024-07-10 06:54:37.132549506 - DEBUG: fortiche_core-1.3.6
2024-07-10 06:54:37.134211171 - DEBUG: fortiche_core-1.4.0
2024-07-10 06:54:37.135708780 - DEBUG: click-8.1.3
2024-07-10 06:54:37.135979874 - DEBUG: fortiche_core-1.4.1
2024-07-10 06:54:37.137894407 - DEBUG: fortiche_core-1.5.0
2024-07-10 06:54:37.139769006 - DEBUG: fortiche_core-1.6.0
2024-07-10 06:54:37.141591219 - DEBUG: fortiche_core-1.6.1
2024-07-10 06:54:37.143487232 - DEBUG: fortiche_core-1.7.0
2024-07-10 06:54:37.145158599 - DEBUG: fortiche_core-1.7.1
2024-07-10 06:54:37.146874661 - DEBUG: fortiche_core-1.8.0
2024-07-10 06:54:37.148570258 - DEBUG: fortiche_core-1.8.1
2024-07-10 06:54:37.150189660 - DEBUG: fortiche_core-1.8.2
2024-07-10 06:54:37.151780557 - DEBUG: fortiche_core-1.8.3
2024-07-10 06:54:37.153382491 - DEBUG: fortiche_core-1.9.0
2024-07-10 06:54:37.154967672 - DEBUG: fortiche_core-1.9.1
2024-07-10 06:54:37.156540546 - DEBUG: fortiche_core-1.10.0
2024-07-10 06:54:37.158137505 - DEBUG: fortiche_core-1.10.1
2024-07-10 06:54:37.159841822 - DEBUG: fortiche_core-1.11.0
2024-07-10 06:54:37.161723997 - DEBUG: fortiche_core-1.11.1
2024-07-10 06:54:37.163469947 - DEBUG: fortiche_core-1.11.2
2024-07-10 06:54:37.165143573 - DEBUG: fortiche_core-1.11.3
2024-07-10 06:54:37.166641234 - DEBUG: fortiche_core-1.11.4
2024-07-10 06:54:37.168278681 - DEBUG: fortiche_core-1.12.0
2024-07-10 06:54:37.169915037 - DEBUG: fortiche_core-1.13.0
2024-07-10 06:54:37.171569443 - DEBUG: fortiche_core-1.14.0
2024-07-10 06:54:37.173242513 - DEBUG: fortiche_core-1.14.1
2024-07-10 06:54:37.175038061 - DEBUG: fortiche_core-1.14.2
2024-07-10 06:54:37.176656400 - DEBUG: fortiche_core-1.15.0
2024-07-10 06:54:37.178261871 - DEBUG: fortiche_core-1.16.0
2024-07-10 06:54:37.179737321 - DEBUG: fortiche_core-1.17.0
2024-07-10 06:54:37.181247349 - DEBUG: fortiche_core-1.18.0
2024-07-10 06:54:37.182720096 - DEBUG: fortiche_core-1.19.0
2024-07-10 06:54:37.184247803 - DEBUG: fortiche_core-1.20.0
2024-07-10 06:54:37.185749686 - DEBUG: fortiche_core-1.20.1
2024-07-10 06:54:37.187300510 - DEBUG: fortiche_core-1.20.2
2024-07-10 06:54:37.189091577 - DEBUG: fortiche_core-1.21.0
2024-07-10 06:54:37.190574967 - DEBUG: fortiche_core-1.21.1
2024-07-10 06:54:37.192109738 - DEBUG: fortiche_core-1.22.0
2024-07-10 06:54:37.193793887 - DEBUG: fortiche_core-1.23.0
2024-07-10 06:54:37.195704138 - DEBUG: fastoche_core-1.1.0
2024-07-10 06:54:37.198339307 - DEBUG: horizon-1.0.0
2024-07-10 06:54:37.200523821 - DEBUG: horizon-1.1.0
2024-07-10 06:54:37.202664423 - DEBUG: horizon-1.1.1
2024-07-10 06:54:37.204881711 - DEBUG: horizon-1.2.0
2024-07-10 06:54:37.207001454 - DEBUG: horizon-1.3.0
2024-07-10 06:54:37.207946010 - DEBUG: fortiche_qt-1.0.0
2024-07-10 06:54:37.209337801 - DEBUG: fortiche_qt-1.0.1
2024-07-10 06:54:37.210687989 - DEBUG: fortiche_qt-1.0.2
2024-07-10 06:54:37.213424453 - DEBUG: horizon-1.3.1
2024-07-10 06:54:37.215695648 - DEBUG: horizon-1.3.2
2024-07-10 06:54:37.217901095 - DEBUG: horizon-1.4.0
2024-07-10 06:54:37.220211377 - DEBUG: horizon-1.4.1
2024-07-10 06:54:37.222400840 - DEBUG: horizon-1.5.0
2024-07-10 06:54:37.224593669 - DEBUG: horizon-1.6.0
2024-07-10 06:54:37.227660643 - DEBUG: horizon-1.7.0
2024-07-10 06:54:37.230380146 - DEBUG: horizon-1.7.1
2024-07-10 06:54:37.233098290 - DEBUG: horizon-1.8.0
2024-07-10 06:54:37.235799685 - DEBUG: horizon-1.9.0
2024-07-10 06:54:37.238482608 - DEBUG: horizon-1.10.0
2024-07-10 06:54:37.241437170 - DEBUG: fortiche_shotgun-1.0.0
2024-07-10 06:54:37.243151631 - DEBUG: ffmpeg_utils-1.1.0
2024-07-10 06:54:37.243575607 - DEBUG: ffmpeg_utils-1.2.0
2024-07-10 06:54:37.243996014 - DEBUG: ffmpeg_utils-1.3.0
2024-07-10 06:54:37.244409264 - DEBUG: ffmpeg_utils-1.3.1
2024-07-10 06:54:37.244818148 - DEBUG: ffmpeg_utils-1.3.2
2024-07-10 06:54:37.245234787 - DEBUG: ffmpeg_utils-1.3.3
2024-07-10 06:54:37.245651397 - DEBUG: ffmpeg_utils-1.4.0
2024-07-10 06:54:37.246071365 - DEBUG: ffmpeg_utils-1.4.1
2024-07-10 06:54:37.246487227 - DEBUG: ffmpeg_utils-1.5.0
2024-07-10 06:54:37.246910531 - DEBUG: ffmpeg_utils-1.5.1
2024-07-10 06:54:37.247346342 - DEBUG: ffmpeg_utils-1.6.0
2024-07-10 06:54:37.248041850 - DEBUG: app_launcher-1.1.0
2024-07-10 06:54:37.249435178 - DEBUG: app_launcher-1.3.0
2024-07-10 06:54:37.250841455 - DEBUG: app_launcher-1.4.0
2024-07-10 06:54:37.252263816 - DEBUG: app_launcher-1.4.1
2024-07-10 06:54:37.253641501 - DEBUG: app_launcher-1.5.0
2024-07-10 06:54:37.255060718 - DEBUG: app_launcher-1.6.0
2024-07-10 06:54:37.256439875 - DEBUG: app_launcher-1.6.1
2024-07-10 06:54:37.257701857 - DEBUG: app_launcher-1.7.0
2024-07-10 06:54:37.258991920 - DEBUG: app_launcher-1.8.0
2024-07-10 06:54:37.260286481 - DEBUG: app_launcher-1.9.0
2024-07-10 06:54:37.261410760 - DEBUG: app_launcher-1.9.1
2024-07-10 06:54:37.262517903 - DEBUG: app_launcher-1.9.2
2024-07-10 06:54:37.263676136 - DEBUG: app_launcher-1.10.0
2024-07-10 06:54:37.264788191 - DEBUG: app_launcher-1.11.0
2024-07-10 06:54:37.265908711 - DEBUG: app_launcher-1.12.0
2024-07-10 06:54:37.267018389 - DEBUG: app_launcher-1.13.0
2024-07-10 06:54:37.268166330 - DEBUG: app_launcher-1.14.0
2024-07-10 06:54:37.269274528 - DEBUG: app_launcher-1.15.0
2024-07-10 06:54:37.270378017 - DEBUG: app_launcher-1.16.0
2024-07-10 06:54:37.271551112 - DEBUG: app_launcher-1.17.0
2024-07-10 06:54:37.272651155 - DEBUG: app_launcher-1.18.0
2024-07-10 06:54:37.273803657 - DEBUG: app_launcher-1.19.0
2024-07-10 06:54:37.274935631 - DEBUG: app_launcher-1.20.0
2024-07-10 06:54:37.276119359 - DEBUG: app_launcher-1.21.0
2024-07-10 06:54:37.277226539 - DEBUG: app_launcher-1.22.0
2024-07-10 06:54:37.278346395 - DEBUG: app_launcher-1.23.0
2024-07-10 06:54:37.279605798 - DEBUG: app_launcher-1.24.0
2024-07-10 06:54:37.280823111 - DEBUG: app_launcher-1.25.0
2024-07-10 06:54:37.282154199 - DEBUG: app_launcher-1.26.0
2024-07-10 06:54:37.283306363 - DEBUG: app_launcher-1.26.1
2024-07-10 06:54:37.284474658 - DEBUG: app_launcher-1.27.0
2024-07-10 06:54:37.285581301 - DEBUG: app_launcher-1.28.0
2024-07-10 06:54:37.286686019 - DEBUG: app_launcher-1.28.1
2024-07-10 06:54:37.287839424 - DEBUG: app_launcher-1.28.2
2024-07-10 06:54:37.288979694 - DEBUG: shotgun_sglink_launcher-1.0.0
2024-07-10 06:54:37.290222416 - DEBUG: shotgun_utils-1.0.0
2024-07-10 06:54:37.290265473 - DEBUG: shotgun_utils-1.1.0
2024-07-10 06:54:37.290284808 - DEBUG: shotgun_utils-1.1.1
2024-07-10 06:54:37.290301294 - DEBUG: shotgun_utils-1.2.0
2024-07-10 06:54:37.290317857 - DEBUG: shotgun_utils-1.3.0
2024-07-10 06:54:37.290334437 - DEBUG: shotgun_utils-1.3.1
2024-07-10 06:54:37.290525459 - DEBUG: shotgun_utils-1.3.2
2024-07-10 06:54:37.290704139 - DEBUG: shotgun_utils-1.3.3
2024-07-10 06:54:37.290911146 - DEBUG: shotgun_sglink_launcher-1.1.0
2024-07-10 06:54:37.292212024 - DEBUG: shotgun_sglink_launcher-1.1.1
2024-07-10 06:54:37.293480051 - DEBUG: shotgun_sglink_launcher-1.2.0
2024-07-10 06:54:37.294705355 - DEBUG: shotgun_sglink_launcher-1.2.1
2024-07-10 06:54:37.295991435 - DEBUG: shotgun_sglink_launcher-1.2.2
2024-07-10 06:54:37.297498352 - DEBUG: shotgun_sglink_launcher-1.2.3
2024-07-10 06:54:37.299014613 - DEBUG: shotgun_sglink_launcher-1.3.0
2024-07-10 06:54:37.301388174 - DEBUG: shotgun_sglink_launcher-1.3.1
2024-07-10 06:54:37.303960584 - DEBUG: shotgun_sglink_launcher-1.3.2
2024-07-10 06:54:37.306458864 - DEBUG: shotgun_sglink_launcher-1.3.3
2024-07-10 06:54:37.308971034 - DEBUG: shotgun_sglink_launcher-1.3.4
2024-07-10 06:54:37.312309910 - DEBUG: nested_dict-1.61
2024-07-10 06:54:37.312372660 - DEBUG: cffi-1.15.0
2024-07-10 06:54:37.312386017 - DEBUG: cffi-1.15.1
2024-07-10 06:54:37.312402570 - DEBUG: idna-2.10
2024-07-10 06:54:37.312412835 - DEBUG: idna-3.3
2024-07-10 06:54:37.312421542 - DEBUG: idna-3.4
2024-07-10 06:54:37.312430825 - DEBUG: idna-3.7
2024-07-10 06:54:37.312441254 - DEBUG: asn1crypto-1.5.1
2024-07-10 06:54:37.312503425 - DEBUG: ntplib-0.3.4
2024-07-10 06:54:37.312520569 - DEBUG: boto3-1.17.112
2024-07-10 06:54:37.312579811 - DEBUG: botocore-1.20.112
2024-07-10 06:54:37.312634550 - DEBUG: jmespath-0.10.0
2024-07-10 06:54:37.312697027 - DEBUG: s3transfer-0.4.2
2024-07-10 06:54:37.312730995 - DEBUG: botocore-1.29.130
2024-07-10 06:54:37.312747558 - DEBUG: boto3-1.26.130
2024-07-10 06:54:37.312784015 - DEBUG: fortiche_shotgun-1.1.0
2024-07-10 06:54:37.316014488 - DEBUG: fortiche_shotgun-1.2.0
2024-07-10 06:54:37.319192710 - DEBUG: fortiche_shotgun-1.3.0
2024-07-10 06:54:37.322335002 - DEBUG: fortiche_shotgun-1.3.1
2024-07-10 06:54:37.325427659 - DEBUG: fortiche_shotgun-1.4.0
2024-07-10 06:54:37.328562781 - DEBUG: fortiche_shotgun-1.4.1
2024-07-10 06:54:37.331533681 - DEBUG: fortiche_shotgun-1.4.2
2024-07-10 06:54:37.334824211 - DEBUG: fortiche_shotgun-1.5.0
2024-07-10 06:54:37.337934405 - DEBUG: fortiche_shotgun-1.6.0
2024-07-10 06:54:37.341087613 - DEBUG: fortiche_shotgun-1.7.0
2024-07-10 06:54:37.344491123 - DEBUG: fortiche_shotgun-1.7.1
2024-07-10 06:54:37.344736159 - DEBUG: ntplib-0.4.0
2024-07-10 06:54:37.347886887 - DEBUG: fortiche_shotgun-1.8.0
2024-07-10 06:54:37.350865721 - DEBUG: fortiche_shotgun-1.9.0
2024-07-10 06:54:37.354137857 - DEBUG: fortiche_shotgun-1.9.1
2024-07-10 06:54:37.357410987 - DEBUG: fortiche_shotgun-1.9.2
2024-07-10 06:54:37.360702367 - DEBUG: fortiche_shotgun-1.10.0
2024-07-10 06:54:37.363950257 - DEBUG: fortiche_shotgun-1.11.0
2024-07-10 06:54:37.367307507 - DEBUG: fortiche_shotgun-1.11.1
2024-07-10 06:54:37.370566201 - DEBUG: fortiche_shotgun-1.12.0
2024-07-10 06:54:37.373892945 - DEBUG: fortiche_shotgun-1.12.1
2024-07-10 06:54:37.377191569 - DEBUG: fortiche_shotgun-1.12.2
2024-07-10 06:54:37.380433999 - DEBUG: fortiche_shotgun-1.12.3
2024-07-10 06:54:37.383658019 - DEBUG: fortiche_shotgun-1.12.4
2024-07-10 06:54:37.386848534 - DEBUG: fortiche_shotgun-1.13.0
2024-07-10 06:54:37.390125639 - DEBUG: fortiche_shotgun-1.14.0
2024-07-10 06:54:37.393416955 - DEBUG: fortiche_shotgun-1.15.0
2024-07-10 06:54:37.396692682 - DEBUG: fortiche_shotgun-1.16.0
2024-07-10 06:54:37.400193601 - DEBUG: fortiche_shotgun-1.16.1
2024-07-10 06:54:37.403682120 - DEBUG: fortiche_shotgun-1.17.0
2024-07-10 06:54:37.407154576 - DEBUG: fortiche_shotgun-1.18.0
2024-07-10 06:54:37.410639211 - DEBUG: fortiche_shotgun-1.18.1
2024-07-10 06:54:37.414150588 - DEBUG: fortiche_shotgun-1.19.0
2024-07-10 06:54:37.417506208 - DEBUG: fortiche_shotgun-1.19.1
2024-07-10 06:54:37.420723169 - DEBUG: fortiche_shotgun-1.20.0
2024-07-10 06:54:37.423966037 - DEBUG: fortiche_shotgun-1.21.0
2024-07-10 06:54:37.427279581 - DEBUG: fortiche_shotgun-1.21.1
2024-07-10 06:54:37.430585025 - DEBUG: fortiche_shotgun-1.22.0
2024-07-10 06:54:37.433916610 - DEBUG: fortiche_shotgun-1.23.0
2024-07-10 06:54:37.437222616 - DEBUG: fortiche_shotgun-1.24.0
2024-07-10 06:54:37.440841333 - DEBUG: fortiche_shotgun-1.24.1
2024-07-10 06:54:37.444273090 - DEBUG: fortiche_shotgun-1.24.2
2024-07-10 06:54:37.447575148 - DEBUG: fortiche_shotgun-1.24.3
2024-07-10 06:54:37.450954031 - DEBUG: fortiche_shotgun-1.24.4
2024-07-10 06:54:37.454588721 - DEBUG: fortiche_shotgun-1.24.5
2024-07-10 06:54:37.457912071 - DEBUG: fastoche_core-1.1.1
2024-07-10 06:54:37.461796855 - DEBUG: fastoche_core-1.1.2
2024-07-10 06:54:37.465718742 - DEBUG: fastoche_core-1.1.3
2024-07-10 06:54:37.469606188 - DEBUG: fastoche_core-1.1.4
2024-07-10 06:54:37.473540036 - DEBUG: fastoche_core-1.1.5
2024-07-10 06:54:37.477667575 - DEBUG: fastoche_core-1.2.0
2024-07-10 06:54:37.481767298 - DEBUG: fastoche_core-1.2.1
2024-07-10 06:54:37.485582647 - DEBUG: fastoche_core-1.3.0
2024-07-10 06:54:37.489320309 - DEBUG: fastoche_core-1.3.1
2024-07-10 06:54:37.490660539 - DEBUG: OpenTimelineIO-0.14.0
2024-07-10 06:54:37.490678417 - DEBUG: OpenTimelineIO-0.14.0-inside-nuke-13.2-pkg.0
2024-07-10 06:54:37.490709829 - DEBUG: rez-2.104.7
2024-07-10 06:54:37.490858761 - DEBUG: python-2.7-inside-fbox-pkg.0
2024-07-10 06:54:37.490999878 - DEBUG: PySide2-5.12-inside-mari-5.0-pkg.0
2024-07-10 06:54:37.491051309 - DEBUG: shiboken2-5.12.0
2024-07-10 06:54:37.491176113 - DEBUG: PySide2-5.12.0
2024-07-10 06:54:37.491217373 - DEBUG: PySide2-5.12.6-inside-nuke-13.2-pkg.0
2024-07-10 06:54:37.491253210 - DEBUG: PySide2-5.15-inside-nuke-14.0-pkg.0
2024-07-10 06:54:37.491289230 - DEBUG: PySide2-5.15.2-inside-houdini-19.5-pkg.0
2024-07-10 06:54:37.491330388 - DEBUG: PySide2-5.15.2.1
2024-07-10 06:54:37.491391055 - DEBUG: shiboken2-5.15.2.1
2024-07-10 06:54:37.491488347 - DEBUG: PySide2-5.15.2.1-pkg.1
2024-07-10 06:54:37.491539945 - DEBUG: python-2.7-inside-guerilla-2.3-pkg.0
2024-07-10 06:54:37.491665542 - DEBUG: PySide2-5.15.2-inside-maya-2022-pkg.0
2024-07-10 06:54:37.491741288 - DEBUG: python-2.7-inside-maya-2018-pkg.0
2024-07-10 06:54:37.491868389 - DEBUG: OpenTimelineIO-0.14.1
2024-07-10 06:54:37.491900231 - DEBUG: OpenTimelineIO-0.15-inside-nuke-14.0-pkg.0
2024-07-10 06:54:37.491992315 - DEBUG: OpenTimelineIO-0.15.0
2024-07-10 06:54:37.492152009 - DEBUG: python-2.7-inside-maya-2022-pkg.0
2024-07-10 06:54:37.492454539 - DEBUG: python-2.7-pkg.0
2024-07-10 06:54:37.492581462 - DEBUG: python-2.7-pkg.1
2024-07-10 06:54:37.492705680 - DEBUG: python-3.7-inside-mari-5.0-pkg.0
2024-07-10 06:54:37.492854217 - DEBUG: python-3.7-inside-mari-5.0-pkg.1
2024-07-10 06:54:37.493026311 - DEBUG: python-3.7-inside-mari-5.0-pkg.2
2024-07-10 06:54:37.493188197 - DEBUG: python-3.7-inside-maya-2022-pkg.0
2024-07-10 06:54:37.493398567 - DEBUG: python-3.7-inside-maya-2022-pkg.1
2024-07-10 06:54:37.493530895 - DEBUG: python-3.7-inside-maya-2022-pkg.2
2024-07-10 06:54:37.493667344 - DEBUG: python-3.7-inside-nuke-13.2-pkg.0
2024-07-10 06:54:37.493878499 - DEBUG: python-3.7-inside-nuke-13.2-pkg.1
2024-07-10 06:54:37.494035010 - DEBUG: python-3.7-pkg.0
2024-07-10 06:54:37.494176164 - DEBUG: python-3.7-pkg.1
2024-07-10 06:54:37.494387328 - DEBUG: python-3.9-inside-houdini-19.5-pkg.0
2024-07-10 06:54:37.494543066 - DEBUG: python-3.9-inside-houdini-19.5-pkg.1
2024-07-10 06:54:37.494686793 - DEBUG: python-3.9-inside-nuke-14.0-pkg.0
2024-07-10 06:54:37.494902310 - DEBUG: python-3.9-inside-nuke-14.0-pkg.1
2024-07-10 06:54:37.495054697 - DEBUG: python-3.9-pkg.0
2024-07-10 06:54:37.495237428 - DEBUG: python-3.9-pkg.1
2024-07-10 06:54:37.495430798 - DEBUG: python-3.10-inside-blender-3.6-pkg.0
2024-07-10 06:54:37.498164216 - DEBUG: fastoche_core-1.3.2
2024-07-10 06:54:37.502112424 - DEBUG: fastoche_core-1.4.0
2024-07-10 06:54:37.506299342 - DEBUG: fastoche_core-1.5.0
2024-07-10 06:54:37.510301049 - DEBUG: fastoche_core-1.6.0
2024-07-10 06:54:37.514110261 - DEBUG: fastoche_core-1.6.1
2024-07-10 06:54:37.518016645 - DEBUG: fastoche_core-1.6.2
2024-07-10 06:54:37.521747908 - DEBUG: fastoche_core-1.7.0
2024-07-10 06:54:37.525797321 - DEBUG: fastoche_core-1.7.1
2024-07-10 06:54:37.529921973 - DEBUG: fastoche_core-1.7.2
2024-07-10 06:54:37.534160082 - DEBUG: fastoche_core-1.7.3
2024-07-10 06:54:37.538178491 - DEBUG: fastoche_core-1.7.4
2024-07-10 06:54:37.542237389 - DEBUG: fastoche_core-1.7.5
2024-07-10 06:54:37.546350643 - DEBUG: fastoche_core-1.8.0
2024-07-10 06:54:37.550502960 - DEBUG: fastoche_core-1.9.0
2024-07-10 06:54:37.554568115 - DEBUG: fastoche_core-1.9.1
2024-07-10 06:54:37.558960946 - DEBUG: fastoche_core-1.9.2
2024-07-10 06:54:37.563407734 - DEBUG: fastoche_core-1.9.3
2024-07-10 06:54:37.567598566 - DEBUG: fastoche_core-1.9.4
2024-07-10 06:54:37.571615892 - DEBUG: fastoche_core-1.10.0
2024-07-10 06:54:37.575669717 - DEBUG: fastoche_core-1.10.1
2024-07-10 06:54:37.579915625 - DEBUG: fastoche_core-1.10.2
2024-07-10 06:54:37.584224694 - DEBUG: fastoche_core-1.11.0
2024-07-10 06:54:37.588332812 - DEBUG: fastoche_core-1.12.0
2024-07-10 06:54:37.592358291 - DEBUG: fastoche_core-1.13.0
2024-07-10 06:54:37.596392604 - DEBUG: fastoche_core-1.13.1
2024-07-10 06:54:37.600426397 - DEBUG: fastoche_core-1.14.0
2024-07-10 06:54:37.604677118 - DEBUG: fastoche_core-1.15.0
2024-07-10 06:54:37.608708074 - DEBUG: fastoche_core-1.16.0
2024-07-10 06:54:37.609229812 - DEBUG: MarkupSafe-1.1.1
2024-07-10 06:54:37.609310166 - DEBUG: MarkupSafe-2.0.1
2024-07-10 06:54:37.613208946 - DEBUG: fastoche_core-1.17.0
2024-07-10 06:54:37.617340590 - DEBUG: fastoche_core-1.17.1
2024-07-10 06:54:37.621419869 - DEBUG: fastoche_core-1.17.2
2024-07-10 06:54:37.625484662 - DEBUG: fastoche_core-1.18.0
2024-07-10 06:54:37.629735291 - DEBUG: fastoche_core-1.19.0
2024-07-10 06:54:37.635565930 - DEBUG: fastoche_guerilla-1.1.0
2024-07-10 06:54:37.640066711 - DEBUG: fastoche_guerilla-1.2.0
2024-07-10 06:54:37.644649249 - DEBUG: fastoche_guerilla-1.3.0
2024-07-10 06:54:37.649102459 - DEBUG: fastoche_guerilla-1.3.1
2024-07-10 06:54:37.653389438 - DEBUG: fastoche_guerilla-1.4.0
2024-07-10 06:54:37.658000672 - DEBUG: fastoche_guerilla-1.5.0
2024-07-10 06:54:37.662534952 - DEBUG: fastoche_guerilla-1.5.1
2024-07-10 06:54:37.666791489 - DEBUG: fastoche_guerilla-1.5.2
2024-07-10 06:54:37.671095901 - DEBUG: fastoche_guerilla-1.6.0
2024-07-10 06:54:37.675382303 - DEBUG: fastoche_guerilla-1.7.0
2024-07-10 06:54:37.679727113 - DEBUG: fastoche_guerilla-1.9.1
2024-07-10 06:54:37.684262568 - DEBUG: fastoche_guerilla-1.10.0
2024-07-10 06:54:37.689134814 - DEBUG: fastoche_guerilla-1.11.0
2024-07-10 06:54:37.693658512 - DEBUG: fastoche_guerilla-1.11.1
2024-07-10 06:54:37.698261737 - DEBUG: fastoche_guerilla-1.11.2
2024-07-10 06:54:37.702810871 - DEBUG: fastoche_guerilla-1.12.0
2024-07-10 06:54:37.707475980 - DEBUG: fastoche_guerilla-1.12.1
2024-07-10 06:54:37.712037360 - DEBUG: fastoche_guerilla-1.13.0
2024-07-10 06:54:37.716662843 - DEBUG: fastoche_guerilla-1.13.1
2024-07-10 06:54:37.721244875 - DEBUG: fastoche_guerilla-1.13.2
2024-07-10 06:54:37.725667108 - DEBUG: fastoche_guerilla-1.14.0
2024-07-10 06:54:37.731532018 - DEBUG: fastoche_guerilla-1.15.0
2024-07-10 06:54:37.737194764 - DEBUG: fastoche_guerilla-1.16.0
2024-07-10 06:54:37.742831982 - DEBUG: fastoche_guerilla-1.16.1
2024-07-10 06:54:37.748558369 - DEBUG: fastoche_guerilla-1.17.0
2024-07-10 06:54:37.754224239 - DEBUG: fastoche_guerilla-1.17.1
2024-07-10 06:54:37.759810010 - DEBUG: fastoche_guerilla-1.18.0
2024-07-10 06:54:37.764242692 - DEBUG: fastoche_guerilla-1.18.1
2024-07-10 06:54:37.768713553 - DEBUG: fastoche_guerilla-1.18.2
2024-07-10 06:54:37.773148259 - DEBUG: fastoche_guerilla-1.18.3
2024-07-10 06:54:37.777528435 - DEBUG: fastoche_guerilla-1.18.4
2024-07-10 06:54:37.782001629 - DEBUG: fastoche_guerilla-1.19.0
2024-07-10 06:54:37.786779600 - DEBUG: fastoche_guerilla-1.20.0
2024-07-10 06:54:37.791181829 - DEBUG: fastoche_guerilla-1.21.0
2024-07-10 06:54:37.795829055 - DEBUG: fastoche_guerilla-1.21.1
2024-07-10 06:54:37.801531609 - DEBUG: appy-1.0.0
2024-07-10 06:54:37.801926125 - DEBUG: templaters-1.0.0
2024-07-10 06:54:37.804202201 - DEBUG: templaters-1.1.0
2024-07-10 06:54:37.806457127 - DEBUG: templaters-1.1.1
2024-07-10 06:54:37.808698815 - DEBUG: templaters-1.2.0
2024-07-10 06:54:37.811403230 - DEBUG: templaters-1.2.1
2024-07-10 06:54:37.816117799 - DEBUG: cryptography-2.2.2
2024-07-10 06:54:37.816226678 - DEBUG: cryptography-2.2.2-pkg.0
2024-07-10 06:54:37.816242031 - DEBUG: cryptography-2.2.2-pkg.1
2024-07-10 06:54:37.816261940 - DEBUG: appy-1.0.1
2024-07-10 06:54:37.818721436 - DEBUG: appy-1.0.2
2024-07-10 06:54:37.821210560 - DEBUG: appy-1.0.3
2024-07-10 06:54:37.823737659 - DEBUG: appy-1.0.4
2024-07-10 06:54:37.826184962 - DEBUG: appy-1.1.0
2024-07-10 06:54:37.828680910 - DEBUG: appy-1.2.0
2024-07-10 06:54:37.829675588 - DEBUG: cryptography-2.9.2
2024-07-10 06:54:37.831427747 - DEBUG: appy-1.2.1
2024-07-10 06:54:37.834063646 - DEBUG: appy-1.3.0
2024-07-10 06:54:37.836798644 - DEBUG: appy-1.3.1
2024-07-10 06:54:37.839534503 - DEBUG: appy-1.3.2
2024-07-10 06:54:37.842375126 - DEBUG: appy-1.4.0
2024-07-10 06:54:37.845229066 - DEBUG: appy-1.5.0
2024-07-10 06:54:37.847931504 - DEBUG: appy-1.5.1
2024-07-10 06:54:37.850778567 - DEBUG: appy-1.5.2
2024-07-10 06:54:37.862032834 - DEBUG: fortiche_core-2.0.0
2024-07-10 06:54:37.862392298 - DEBUG: python_utils-2.0.0
2024-07-10 06:54:37.862448742 - DEBUG: python_utils-2.0.1
2024-07-10 06:54:37.862496145 - DEBUG: python_utils-2.0.2
2024-07-10 06:54:37.862543128 - DEBUG: python_utils-2.0.3
2024-07-10 06:54:37.862590120 - DEBUG: python_utils-2.1.0
2024-07-10 06:54:37.862640547 - DEBUG: python_utils-2.2.0
2024-07-10 06:54:37.862692896 - DEBUG: python_utils-2.2.1
2024-07-10 06:54:37.862777538 - DEBUG: qt_utils-2.0.0
2024-07-10 06:54:37.863838355 - DEBUG: qt_utils-2.0.1
2024-07-10 06:54:37.864442871 - DEBUG: jsmin-3.0.1
2024-07-10 06:54:37.864538658 - DEBUG: templating_utils-2.0.0
2024-07-10 06:54:37.864663885 - DEBUG: os_utils-2.0.0
2024-07-10 06:54:37.865758801 - DEBUG: os_utils-2.0.1
2024-07-10 06:54:37.866353065 - DEBUG: fishbowl-2.0.0
2024-07-10 06:54:37.866837835 - DEBUG: fishbowl-2.1.0
2024-07-10 06:54:37.867213235 - DEBUG: fishbowl-2.1.1
2024-07-10 06:54:37.867575539 - DEBUG: fishbowl-2.1.2
2024-07-10 06:54:37.868066723 - DEBUG: python_dependency_scan-2.0.0
2024-07-10 06:54:37.868400531 - DEBUG: fortiche_core-2.0.1
2024-07-10 06:54:37.869314485 - DEBUG: fortiche_core-2.0.2
2024-07-10 06:54:37.870293896 - DEBUG: fortiche_core-2.0.3
2024-07-10 06:54:37.871306633 - DEBUG: fortiche_core-2.1.0
2024-07-10 06:54:37.872233587 - DEBUG: fortiche_core-2.1.1
2024-07-10 06:54:37.873097503 - DEBUG: fortiche_core-2.2.0
2024-07-10 06:54:37.873959340 - DEBUG: fortiche_core-2.3.0
2024-07-10 06:54:56.281192932 - INFO: Context name: f00049dd-a3a7-4451-8b6e-29e7657389ae
2024-07-10 06:54:56.286944799 - DEBUG: fortiche_shotgun-1.12.4
2024-07-10 06:54:56.287418004 - DEBUG: app_launcher-1.1.0
2024-07-10 06:54:56.287510163 - DEBUG: templating_utils-1.0.0
2024-07-10 06:54:56.287547547 - DEBUG: Jinja2-2.10
2024-07-10 06:54:56.287561786 - DEBUG: templating_utils-1.0.1
2024-07-10 06:54:56.287591405 - DEBUG: templating_utils-1.0.2
2024-07-10 06:54:56.287617388 - DEBUG: Jinja2-2.11.3
2024-07-10 06:54:56.287631525 - DEBUG: templating_utils-1.0.3
2024-07-10 06:54:56.287742265 - DEBUG: os_utils-1.0.1
2024-07-10 06:54:56.287988450 - DEBUG: fastoche_core-1.0.0
2024-07-10 06:54:56.288189284 - DEBUG: shotgun_api3-3.0.41
2024-07-10 06:54:56.288244263 - DEBUG: six-1.11.0
2024-07-10 06:54:56.288286219 - DEBUG: requests-2.13.0
2024-07-10 06:54:56.288348678 - DEBUG: urllib3-1.26.9
2024-07-10 06:54:56.288367523 - DEBUG: pycparser-2.21
2024-07-10 06:54:56.288382863 - DEBUG: et_xmlfile-1.0.1
2024-07-10 06:54:56.288403778 - DEBUG: smmap2-3.0.1
2024-07-10 06:54:56.288442071 - DEBUG: smmap-3.0.5
2024-07-10 06:54:56.288470067 - DEBUG: six-1.16.0
2024-07-10 06:54:56.288506116 - DEBUG: requests-2.27.1
2024-07-10 06:54:56.288560267 - DEBUG: urllib3-1.26.12
2024-07-10 06:54:56.288576752 - DEBUG: urllib3-1.26.15
2024-07-10 06:54:56.288596710 - DEBUG: certifi-2021.10.8
2024-07-10 06:54:56.288640461 - DEBUG: certifi-2022.5.18.1
2024-07-10 06:54:56.288701002 - DEBUG: certifi-2022.12.7
2024-07-10 06:54:56.288744732 - DEBUG: certifi-2023.5.7
2024-07-10 06:54:56.288790976 - DEBUG: certifi-2024.6.2
2024-07-10 06:54:56.288853177 - DEBUG: requests-2.28.2
2024-07-10 06:54:56.288882858 - DEBUG: requests-2.30.0
2024-07-10 06:54:56.288890440 - DEBUG: requests-2.31.0
2024-07-10 06:54:56.288939631 - DEBUG: requests-2.32.3
2024-07-10 06:54:56.288949706 - DEBUG: et_xmlfile-1.1.0
2024-07-10 06:54:56.288974987 - DEBUG: jdcal-1.4.1
2024-07-10 06:54:56.288990961 - DEBUG: timecode-1.3.1
2024-07-10 06:54:56.289115717 - DEBUG: httplib2-0.20.4
2024-07-10 06:54:56.289168030 - DEBUG: text_unidecode-1.2
2024-07-10 06:54:56.289301347 - DEBUG: uritemplate-3.0.1
2024-07-10 06:54:56.289331267 - DEBUG: google_auth_httplib2-0.1.0
2024-07-10 06:54:56.289364077 - DEBUG: google_auth-2.6.2
2024-07-10 06:54:56.289385853 - DEBUG: httplib2-0.11.3
2024-07-10 06:54:56.289436077 - DEBUG: python_dateutil-2.8.2
2024-07-10 06:54:56.289488779 - DEBUG: shotgun_api3-3.3.4
2024-07-10 06:54:56.289522008 - DEBUG: shotgun_api3-3.3.5
2024-07-10 06:54:56.289568801 - DEBUG: scandir-1.7
2024-07-10 06:54:56.289620137 - DEBUG: enum34-1.1.6
2024-07-10 06:54:56.289661848 - DEBUG: fishbowl-1.0.0
2024-07-10 06:54:56.289710384 - DEBUG: fishbowl-1.0.1
2024-07-10 06:54:56.289751617 - DEBUG: fishbowl-1.0.2
2024-07-10 06:54:56.289792317 - DEBUG: fishbowl-1.1.0
2024-07-10 06:54:56.289843201 - DEBUG: fishbowl-1.1.2
2024-07-10 06:54:56.289958791 - DEBUG: configparser-3.5.0
2024-07-10 06:54:56.290069222 - DEBUG: configparser-3.8.1
2024-07-10 06:54:56.290082906 - DEBUG: configparser-4.0.2
2024-07-10 06:54:56.290193453 - DEBUG: python_patch2run3-1.7.0
2024-07-10 06:54:56.290258652 - DEBUG: future-0.16.0
2024-07-10 06:54:56.290372776 - DEBUG: future-0.18.2
2024-07-10 06:54:56.290445805 - DEBUG: future-0.18.3
2024-07-10 06:54:56.290516717 - DEBUG: python_patch2run3-1.7.1
2024-07-10 06:54:56.290540269 - DEBUG: python_patch2run3-1.7.2
2024-07-10 06:54:56.290575133 - DEBUG: python_patch2run3-1.7.3
2024-07-10 06:54:56.290599220 - DEBUG: fishbowl-1.1.3
2024-07-10 06:54:56.290740515 - DEBUG: fishbowl-1.2.0
2024-07-10 06:54:56.290884141 - DEBUG: fishbowl-1.3.0
2024-07-10 06:54:56.291206766 - DEBUG: python_utils-1.0.0
2024-07-10 06:54:56.291315323 - DEBUG: carbon-1.0.0
2024-07-10 06:54:56.291633242 - DEBUG: python_utils-1.0.1
2024-07-10 06:54:56.291671655 - DEBUG: python_utils-1.0.2
2024-07-10 06:54:56.291701505 - DEBUG: python_utils-1.1.0
2024-07-10 06:54:56.291733412 - DEBUG: python_utils-1.2.1
2024-07-10 06:54:56.291759871 - DEBUG: python_utils-1.3.0
2024-07-10 06:54:56.291789334 - DEBUG: python_utils-1.4.0
2024-07-10 06:54:56.291846624 - DEBUG: python_utils-1.4.1
2024-07-10 06:54:56.291890066 - DEBUG: python_utils-1.4.2
2024-07-10 06:54:56.291983813 - DEBUG: python_utils-1.4.3
2024-07-10 06:54:56.292013002 - DEBUG: python_utils-1.5.0
2024-07-10 06:54:56.292048673 - DEBUG: python_utils-1.6.0
2024-07-10 06:54:56.292093161 - DEBUG: python_utils-1.6.1
2024-07-10 06:54:56.292133007 - DEBUG: python_utils-1.7.0
2024-07-10 06:54:56.292174434 - DEBUG: python_utils-1.7.1
2024-07-10 06:54:56.292246587 - DEBUG: python_utils-1.7.2
2024-07-10 06:54:56.292287078 - DEBUG: python_utils-1.8.0
2024-07-10 06:54:56.292325615 - DEBUG: python_utils-1.8.1
2024-07-10 06:54:56.292362869 - DEBUG: python_utils-1.8.2
2024-07-10 06:54:56.292404792 - DEBUG: python_utils-1.8.3
2024-07-10 06:54:56.292444386 - DEBUG: python_utils-1.8.4
2024-07-10 06:54:56.292487047 - DEBUG: python_utils-1.9.0
2024-07-10 06:54:56.292528383 - DEBUG: python_utils-1.10.0
2024-07-10 06:54:56.292573355 - DEBUG: python_utils-1.10.1
2024-07-10 06:54:56.292615977 - DEBUG: python_utils-1.10.2
2024-07-10 06:54:56.292674202 - DEBUG: python_utils-1.10.3
2024-07-10 06:54:56.292717746 - DEBUG: python_utils-1.10.4
2024-07-10 06:54:56.292763836 - DEBUG: python_utils-1.10.5
2024-07-10 06:54:56.292811160 - DEBUG: python_utils-1.10.6
2024-07-10 06:54:56.292855997 - DEBUG: python_utils-1.10.7
2024-07-10 06:54:56.292913025 - DEBUG: python_utils-1.10.8
2024-07-10 06:54:56.293003908 - DEBUG: python_utils-1.11.0
2024-07-10 06:54:56.293056707 - DEBUG: python_utils-1.11.1
2024-07-10 06:54:56.293125203 - DEBUG: python_utils-1.12.0
2024-07-10 06:54:56.293179100 - DEBUG: python_utils-1.12.1
2024-07-10 06:54:56.293231306 - DEBUG: python_utils-1.13.0
2024-07-10 06:54:56.293356889 - DEBUG: carbon-1.0.1
2024-07-10 06:54:56.294221248 - DEBUG: carbon-1.1.0
2024-07-10 06:54:56.295107237 - DEBUG: carbon-1.1.1
2024-07-10 06:54:56.296001032 - DEBUG: carbon-1.1.3
2024-07-10 06:54:56.296824022 - DEBUG: carbon-1.1.4
2024-07-10 06:54:56.297679678 - DEBUG: carbon-1.1.5
2024-07-10 06:54:56.298490659 - DEBUG: carbon-1.1.6
2024-07-10 06:54:56.299327598 - DEBUG: carbon-1.1.7
2024-07-10 06:54:56.300344008 - DEBUG: guerilla_utils-1.0.0
2024-07-10 06:54:56.300432399 - DEBUG: networkx-2.2
2024-07-10 06:54:56.301207621 - DEBUG: guerilla_utils-1.0.1
2024-07-10 06:54:56.301946723 - DEBUG: guerilla_utils-1.1.0
2024-07-10 06:54:56.302744250 - DEBUG: guerilla_utils-1.2.0
2024-07-10 06:54:56.303655581 - DEBUG: networkx-1.11
2024-07-10 06:54:56.303689148 - DEBUG: decorator-4.4.2
2024-07-10 06:54:56.303701017 - DEBUG: decorator-5.1.1
2024-07-10 06:54:56.303713614 - DEBUG: guerilla_utils-1.3.0
2024-07-10 06:54:56.304459175 - DEBUG: guerilla_utils-1.4.0
2024-07-10 06:54:56.305255803 - DEBUG: guerilla_utils-1.5.0
2024-07-10 06:54:56.306014963 - DEBUG: guerilla_utils-1.6.0
2024-07-10 06:54:56.306757715 - DEBUG: guerilla_utils-1.7.0
2024-07-10 06:54:56.307565875 - DEBUG: guerilla_utils-1.8.0
2024-07-10 06:54:56.308405293 - DEBUG: guerilla_utils-1.8.1
2024-07-10 06:54:56.309166697 - DEBUG: guerilla_utils-1.9.0
2024-07-10 06:54:56.309930163 - DEBUG: guerilla_utils-1.9.1
2024-07-10 06:54:56.309977602 - DEBUG: networkx-2.6.3
2024-07-10 06:54:56.309986209 - DEBUG: networkx-2.8.8
2024-07-10 06:54:56.310740987 - DEBUG: guerilla_utils-1.9.2
2024-07-10 06:54:56.311558214 - DEBUG: guerilla_utils-1.9.3
2024-07-10 06:54:56.312369279 - DEBUG: qt_utils-1.0.1
2024-07-10 06:54:56.313220052 - DEBUG: python_patch2run3-1.0.0
2024-07-10 06:54:56.313251130 - DEBUG: python_patch2run3-1.1.0
2024-07-10 06:54:56.313271727 - DEBUG: python_patch2run3-1.2.0
2024-07-10 06:54:56.313290922 - DEBUG: python_patch2run3-1.2.1
2024-07-10 06:54:56.313311232 - DEBUG: python_patch2run3-1.2.2
2024-07-10 06:54:56.313354339 - DEBUG: python_patch2run3-1.3.0
2024-07-10 06:54:56.313374761 - DEBUG: python_patch2run3-1.3.1
2024-07-10 06:54:56.313402383 - DEBUG: python_patch2run3-1.3.2
2024-07-10 06:54:56.313451162 - DEBUG: python_patch2run3-1.4.0
2024-07-10 06:54:56.313477097 - DEBUG: python_patch2run3-1.4.1
2024-07-10 06:54:56.313498995 - DEBUG: python_patch2run3-1.5.0
2024-07-10 06:54:56.313520302 - DEBUG: python_patch2run3-1.6.0
2024-07-10 06:54:56.313544892 - DEBUG: python_patch2run3-1.6.1
2024-07-10 06:54:56.313569002 - DEBUG: python_patch2run3-1.6.2
2024-07-10 06:54:56.313612976 - DEBUG: qt_utils-1.0.2
2024-07-10 06:54:56.314525990 - DEBUG: qt_utils-1.0.3
2024-07-10 06:54:56.315306660 - DEBUG: qt_utils-1.0.4
2024-07-10 06:54:56.316106780 - DEBUG: qt_utils-1.1.0
2024-07-10 06:54:56.317048362 - DEBUG: qt_utils-1.1.1
2024-07-10 06:54:56.317957096 - DEBUG: qt_utils-1.1.2
2024-07-10 06:54:56.318864879 - DEBUG: qt_utils-1.2.0
2024-07-10 06:54:56.319836524 - DEBUG: qt_utils-1.2.1
2024-07-10 06:54:56.320760160 - DEBUG: qt_utils-1.3.0
2024-07-10 06:54:56.321811149 - DEBUG: fastoche_guerilla-1.0.0
2024-07-10 06:54:56.321911717 - DEBUG: click-6.7
2024-07-10 06:54:56.322073982 - DEBUG: os_utils-1.0.2
2024-07-10 06:54:56.322270594 - DEBUG: os_utils-1.0.3
2024-07-10 06:54:56.323037620 - DEBUG: psutil-5.4.0
2024-07-10 06:54:56.323164264 - DEBUG: psutil-5.9.4
2024-07-10 06:54:56.323353175 - DEBUG: os_utils-1.0.4
2024-07-10 06:54:56.323577521 - DEBUG: os_utils-1.1.0
2024-07-10 06:54:56.323768633 - DEBUG: os_utils-1.2.0
2024-07-10 06:54:56.323963959 - DEBUG: os_utils-1.3.0
2024-07-10 06:54:56.324983426 - DEBUG: os_utils-1.4.0
2024-07-10 06:54:56.325179069 - DEBUG: os_utils-1.4.1
2024-07-10 06:54:56.326114688 - DEBUG: os_utils-1.5.0
2024-07-10 06:54:56.327040399 - DEBUG: os_utils-1.5.1
2024-07-10 06:54:56.327296798 - DEBUG: os_utils-1.6.0
2024-07-10 06:54:56.327526595 - DEBUG: os_utils-1.6.1
2024-07-10 06:54:56.327717044 - DEBUG: os_utils-1.6.2
2024-07-10 06:54:56.328637466 - DEBUG: os_utils-1.6.3
2024-07-10 06:54:56.329564151 - DEBUG: os_utils-1.7.0
2024-07-10 06:54:56.330493044 - DEBUG: os_utils-1.7.1
2024-07-10 06:54:56.331493076 - DEBUG: os_utils-1.8.0
2024-07-10 06:54:56.332517020 - DEBUG: os_utils-1.9.0
2024-07-10 06:54:56.333468341 - DEBUG: os_utils-1.9.1
2024-07-10 06:54:56.334431337 - DEBUG: os_utils-1.9.2
2024-07-10 06:54:56.336255811 - DEBUG: os_utils-1.9.3
2024-07-10 06:54:56.337260762 - DEBUG: os_utils-1.9.4
2024-07-10 06:54:56.338514827 - DEBUG: fortiche_core-1.0.0
2024-07-10 06:54:56.339135625 - DEBUG: termcolor-1.1.0
2024-07-10 06:54:56.339250927 - DEBUG: sentry_sdk-0.10.2
2024-07-10 06:54:56.339273206 - DEBUG: numpy-1.16.4
2024-07-10 06:54:56.339391710 - DEBUG: python_dependency_scan-1.0.0
2024-07-10 06:54:56.339529824 - DEBUG: importlib_metadata-1.6.0
2024-07-10 06:54:56.339574033 - DEBUG: zipp-1.2.0
2024-07-10 06:54:56.339585717 - DEBUG: zipp-3.15.0
2024-07-10 06:54:56.339598487 - DEBUG: pyyed-1.4.3
2024-07-10 06:54:56.339623018 - DEBUG: pyasn1-0.4.8
2024-07-10 06:54:56.339703076 - DEBUG: more_itertools-4.1.0
2024-07-10 06:54:56.339740691 - DEBUG: python_dependency_scan-1.0.1
2024-07-10 06:54:56.339869160 - DEBUG: python_dependency_scan-1.0.2
2024-07-10 06:54:56.340014892 - DEBUG: python_dependency_scan-1.0.3
2024-07-10 06:54:56.340143271 - DEBUG: pydeps-1.10.12
2024-07-10 06:54:56.340159788 - DEBUG: stdlib_list-0.8.0
2024-07-10 06:54:56.340194964 - DEBUG: python_dependency_scan-1.0.4
2024-07-10 06:54:56.340282397 - DEBUG: importlib_metadata-1.7.0
2024-07-10 06:54:56.340314876 - DEBUG: pyyed-1.5.0
2024-07-10 06:54:56.340344659 - DEBUG: enum34-1.1.10
2024-07-10 06:54:56.340367238 - DEBUG: python_dependency_scan-1.1.0
2024-07-10 06:54:56.340494201 - DEBUG: python_dependency_scan-1.1.1
2024-07-10 06:54:56.340806283 - DEBUG: python_dependency_scan-1.1.2
2024-07-10 06:54:56.341124162 - DEBUG: python_dependency_scan-1.1.3
2024-07-10 06:54:56.341411497 - DEBUG: python_dependency_scan-1.1.4
2024-07-10 06:54:56.341703305 - DEBUG: python_dependency_scan-1.1.5
2024-07-10 06:54:56.342004272 - DEBUG: python_dependency_scan-1.1.6
2024-07-10 06:54:56.342318760 - DEBUG: jsmin-2.2.2
2024-07-10 06:54:56.343263157 - DEBUG: fortiche_core-1.1.0
2024-07-10 06:54:56.344786475 - DEBUG: fortiche_core-1.1.1
2024-07-10 06:54:56.346434511 - DEBUG: fortiche_core-1.2.0
2024-07-10 06:54:56.348301199 - DEBUG: fortiche_core-1.3.0
2024-07-10 06:54:56.349897780 - DEBUG: fortiche_core-1.3.1
2024-07-10 06:54:56.351583556 - DEBUG: fortiche_core-1.3.2
2024-07-10 06:54:56.353125009 - DEBUG: fortiche_core-1.3.3
2024-07-10 06:54:56.354639226 - DEBUG: fortiche_core-1.3.4
2024-07-10 06:54:56.354883714 - DEBUG: numpy-1.16.6
2024-07-10 06:54:56.354949343 - DEBUG: numpy-1.21.6
2024-07-10 06:54:56.355795623 - DEBUG: scandir-1.10.0
2024-07-10 06:54:56.356422617 - DEBUG: fortiche_core-1.3.5
2024-07-10 06:54:56.357907784 - DEBUG: fortiche_core-1.3.6
2024-07-10 06:54:56.359463075 - DEBUG: fortiche_core-1.4.0
2024-07-10 06:54:56.360825071 - DEBUG: click-8.1.3
2024-07-10 06:54:56.361066880 - DEBUG: fortiche_core-1.4.1
2024-07-10 06:54:56.362580546 - DEBUG: fortiche_core-1.5.0
2024-07-10 06:54:56.364450328 - DEBUG: fortiche_core-1.6.0
2024-07-10 06:54:56.366011263 - DEBUG: fortiche_core-1.6.1
2024-07-10 06:54:56.367674779 - DEBUG: fortiche_core-1.7.0
2024-07-10 06:54:56.369183374 - DEBUG: fortiche_core-1.7.1
2024-07-10 06:54:56.370642304 - DEBUG: fortiche_core-1.8.0
2024-07-10 06:54:56.372223929 - DEBUG: fortiche_core-1.8.1
2024-07-10 06:54:56.373684357 - DEBUG: fortiche_core-1.8.2
2024-07-10 06:54:56.375350836 - DEBUG: fortiche_core-1.8.3
2024-07-10 06:54:56.376927087 - DEBUG: fortiche_core-1.9.0
2024-07-10 06:54:56.378469053 - DEBUG: fortiche_core-1.9.1
2024-07-10 06:54:56.380144635 - DEBUG: fortiche_core-1.10.0
2024-07-10 06:54:56.381648424 - DEBUG: fortiche_core-1.10.1
2024-07-10 06:54:56.383474480 - DEBUG: fortiche_core-1.11.0
2024-07-10 06:54:56.385232844 - DEBUG: fortiche_core-1.11.1
2024-07-10 06:54:56.386765606 - DEBUG: fortiche_core-1.11.2
2024-07-10 06:54:56.388712937 - DEBUG: fortiche_core-1.11.3
2024-07-10 06:54:56.390577633 - DEBUG: fortiche_core-1.11.4
2024-07-10 06:54:56.392393297 - DEBUG: fortiche_core-1.12.0
2024-07-10 06:54:56.394072257 - DEBUG: fortiche_core-1.13.0
2024-07-10 06:54:56.395912204 - DEBUG: fortiche_core-1.14.0
2024-07-10 06:54:56.397514239 - DEBUG: fortiche_core-1.14.1
2024-07-10 06:54:56.399376493 - DEBUG: fortiche_core-1.14.2
2024-07-10 06:54:56.401098589 - DEBUG: fortiche_core-1.15.0
2024-07-10 06:54:56.402724877 - DEBUG: fortiche_core-1.16.0
2024-07-10 06:54:56.404380072 - DEBUG: fortiche_core-1.17.0
2024-07-10 06:54:56.406048298 - DEBUG: fortiche_core-1.18.0
2024-07-10 06:54:56.408210172 - DEBUG: fortiche_core-1.19.0
2024-07-10 06:54:56.410020359 - DEBUG: fortiche_core-1.20.0
2024-07-10 06:54:56.411729891 - DEBUG: fortiche_core-1.20.1
2024-07-10 06:54:56.413331227 - DEBUG: fortiche_core-1.20.2
2024-07-10 06:54:56.414935239 - DEBUG: fortiche_core-1.21.0
2024-07-10 06:54:56.416623923 - DEBUG: fortiche_core-1.21.1
2024-07-10 06:54:56.418234733 - DEBUG: fortiche_core-1.22.0
2024-07-10 06:54:56.419909037 - DEBUG: fortiche_core-1.23.0
2024-07-10 06:54:56.421972923 - DEBUG: fastoche_core-1.1.0
2024-07-10 06:54:56.424786793 - DEBUG: horizon-1.0.0
2024-07-10 06:54:56.426919725 - DEBUG: horizon-1.1.0
2024-07-10 06:54:56.429077130 - DEBUG: horizon-1.1.1
2024-07-10 06:54:56.431473775 - DEBUG: horizon-1.2.0
2024-07-10 06:54:56.433684333 - DEBUG: horizon-1.3.0
2024-07-10 06:54:56.434595190 - DEBUG: fortiche_qt-1.0.0
2024-07-10 06:54:56.435919272 - DEBUG: fortiche_qt-1.0.1
2024-07-10 06:54:56.437411029 - DEBUG: fortiche_qt-1.0.2
2024-07-10 06:54:56.440145620 - DEBUG: horizon-1.3.1
2024-07-10 06:54:56.442364768 - DEBUG: horizon-1.3.2
2024-07-10 06:54:56.444717290 - DEBUG: horizon-1.4.0
2024-07-10 06:54:56.446982086 - DEBUG: horizon-1.4.1
2024-07-10 06:54:56.449230325 - DEBUG: horizon-1.5.0
2024-07-10 06:54:56.451670987 - DEBUG: horizon-1.6.0
2024-07-10 06:54:56.453947231 - DEBUG: horizon-1.7.0
2024-07-10 06:54:56.456130140 - DEBUG: horizon-1.7.1
2024-07-10 06:54:56.458568821 - DEBUG: horizon-1.8.0
2024-07-10 06:54:56.460895028 - DEBUG: horizon-1.9.0
2024-07-10 06:54:56.463273596 - DEBUG: horizon-1.10.0
2024-07-10 06:54:56.465818675 - DEBUG: fortiche_shotgun-1.0.0
2024-07-10 06:54:56.467277608 - DEBUG: ffmpeg_utils-1.1.0
2024-07-10 06:54:56.467778634 - DEBUG: ffmpeg_utils-1.2.0
2024-07-10 06:54:56.468269519 - DEBUG: ffmpeg_utils-1.3.0
2024-07-10 06:54:56.468599208 - DEBUG: ffmpeg_utils-1.3.1
2024-07-10 06:54:56.468971318 - DEBUG: ffmpeg_utils-1.3.2
2024-07-10 06:54:56.469337900 - DEBUG: ffmpeg_utils-1.3.3
2024-07-10 06:54:56.469664976 - DEBUG: ffmpeg_utils-1.4.0
2024-07-10 06:54:56.470025495 - DEBUG: ffmpeg_utils-1.4.1
2024-07-10 06:54:56.470412812 - DEBUG: ffmpeg_utils-1.5.0
2024-07-10 06:54:56.470743418 - DEBUG: ffmpeg_utils-1.5.1
2024-07-10 06:54:56.471260288 - DEBUG: ffmpeg_utils-1.6.0
2024-07-10 06:54:56.471981127 - DEBUG: app_launcher-1.3.0
2024-07-10 06:54:56.473298617 - DEBUG: app_launcher-1.4.0
2024-07-10 06:54:56.474439887 - DEBUG: app_launcher-1.4.1
2024-07-10 06:54:56.475744643 - DEBUG: app_launcher-1.5.0
2024-07-10 06:54:56.476834422 - DEBUG: app_launcher-1.6.0
2024-07-10 06:54:56.478123466 - DEBUG: app_launcher-1.6.1
2024-07-10 06:54:56.479355473 - DEBUG: app_launcher-1.7.0
2024-07-10 06:54:56.480532017 - DEBUG: app_launcher-1.8.0
2024-07-10 06:54:56.481860332 - DEBUG: app_launcher-1.9.0
2024-07-10 06:54:56.482973452 - DEBUG: app_launcher-1.9.1
2024-07-10 06:54:56.484305060 - DEBUG: app_launcher-1.9.2
2024-07-10 06:54:56.485580865 - DEBUG: app_launcher-1.10.0
2024-07-10 06:54:56.486732806 - DEBUG: app_launcher-1.11.0
2024-07-10 06:54:56.488186854 - DEBUG: app_launcher-1.12.0
2024-07-10 06:54:56.489293311 - DEBUG: app_launcher-1.13.0
2024-07-10 06:54:56.490518628 - DEBUG: app_launcher-1.14.0
2024-07-10 06:54:56.491903145 - DEBUG: app_launcher-1.15.0
2024-07-10 06:54:56.493072369 - DEBUG: app_launcher-1.16.0
2024-07-10 06:54:56.494360708 - DEBUG: app_launcher-1.17.0
2024-07-10 06:54:56.495733312 - DEBUG: app_launcher-1.18.0
2024-07-10 06:54:56.496827216 - DEBUG: app_launcher-1.19.0
2024-07-10 06:54:56.498185798 - DEBUG: app_launcher-1.20.0
2024-07-10 06:54:56.499418513 - DEBUG: app_launcher-1.21.0
2024-07-10 06:54:56.500902239 - DEBUG: app_launcher-1.22.0
2024-07-10 06:54:56.502005714 - DEBUG: app_launcher-1.23.0
2024-07-10 06:54:56.503244188 - DEBUG: app_launcher-1.24.0
2024-07-10 06:54:56.504636693 - DEBUG: app_launcher-1.25.0
2024-07-10 06:54:56.505781673 - DEBUG: app_launcher-1.26.0
2024-07-10 06:54:56.506944792 - DEBUG: app_launcher-1.26.1
2024-07-10 06:54:56.508307189 - DEBUG: app_launcher-1.27.0
2024-07-10 06:54:56.509449559 - DEBUG: app_launcher-1.28.0
2024-07-10 06:54:56.510770121 - DEBUG: app_launcher-1.28.1
2024-07-10 06:54:56.512220622 - DEBUG: app_launcher-1.28.2
2024-07-10 06:54:56.513607348 - DEBUG: shotgun_sglink_launcher-1.0.0
2024-07-10 06:54:56.515051683 - DEBUG: shotgun_utils-1.0.0
2024-07-10 06:54:56.515127431 - DEBUG: shotgun_utils-1.1.0
2024-07-10 06:54:56.515149222 - DEBUG: shotgun_utils-1.1.1
2024-07-10 06:54:56.515168405 - DEBUG: shotgun_utils-1.2.0
2024-07-10 06:54:56.515187066 - DEBUG: shotgun_utils-1.3.0
2024-07-10 06:54:56.515206815 - DEBUG: shotgun_utils-1.3.1
2024-07-10 06:54:56.515462509 - DEBUG: shotgun_utils-1.3.2
2024-07-10 06:54:56.515691224 - DEBUG: shotgun_utils-1.3.3
2024-07-10 06:54:56.515931891 - DEBUG: shotgun_sglink_launcher-1.1.0
2024-07-10 06:54:56.517367997 - DEBUG: shotgun_sglink_launcher-1.1.1
2024-07-10 06:54:56.518711102 - DEBUG: shotgun_sglink_launcher-1.2.0
2024-07-10 06:54:56.520388738 - DEBUG: shotgun_sglink_launcher-1.2.1
2024-07-10 06:54:56.521644608 - DEBUG: shotgun_sglink_launcher-1.2.2
2024-07-10 06:54:56.523095846 - DEBUG: shotgun_sglink_launcher-1.2.3
2024-07-10 06:54:56.524696976 - DEBUG: shotgun_sglink_launcher-1.3.0
2024-07-10 06:54:56.527056297 - DEBUG: shotgun_sglink_launcher-1.3.1
2024-07-10 06:54:56.529712974 - DEBUG: shotgun_sglink_launcher-1.3.2
2024-07-10 06:54:56.532854809 - DEBUG: shotgun_sglink_launcher-1.3.3
2024-07-10 06:54:56.535856531 - DEBUG: shotgun_sglink_launcher-1.3.4
2024-07-10 06:54:56.539514898 - DEBUG: nested_dict-1.61
2024-07-10 06:54:56.539580648 - DEBUG: cffi-1.15.0
2024-07-10 06:54:56.539594062 - DEBUG: cffi-1.15.1
2024-07-10 06:54:56.539610282 - DEBUG: idna-2.10
2024-07-10 06:54:56.539620087 - DEBUG: idna-3.3
2024-07-10 06:54:56.539628733 - DEBUG: idna-3.4
2024-07-10 06:54:56.539637531 - DEBUG: idna-3.7
2024-07-10 06:54:56.539656153 - DEBUG: asn1crypto-1.5.1
2024-07-10 06:54:56.539722480 - DEBUG: ntplib-0.3.4
2024-07-10 06:54:56.539740492 - DEBUG: boto3-1.17.112
2024-07-10 06:54:56.539800095 - DEBUG: botocore-1.20.112
2024-07-10 06:54:56.539894442 - DEBUG: jmespath-0.10.0
2024-07-10 06:54:56.539991162 - DEBUG: s3transfer-0.4.2
2024-07-10 06:54:56.540034721 - DEBUG: botocore-1.29.130
2024-07-10 06:54:56.540054899 - DEBUG: boto3-1.26.130
2024-07-10 06:54:56.540130781 - DEBUG: fortiche_shotgun-1.1.0
2024-07-10 06:54:56.543356342 - DEBUG: fortiche_shotgun-1.2.0
2024-07-10 06:54:56.546660491 - DEBUG: fortiche_shotgun-1.3.0
2024-07-10 06:54:56.549903230 - DEBUG: fortiche_shotgun-1.3.1
2024-07-10 06:54:56.553358769 - DEBUG: fortiche_shotgun-1.4.0
2024-07-10 06:54:56.556526055 - DEBUG: fortiche_shotgun-1.4.1
2024-07-10 06:54:56.559753585 - DEBUG: fortiche_shotgun-1.4.2
2024-07-10 06:54:56.563192502 - DEBUG: fortiche_shotgun-1.5.0
2024-07-10 06:54:56.566579166 - DEBUG: fortiche_shotgun-1.6.0
2024-07-10 06:54:56.570012038 - DEBUG: fortiche_shotgun-1.7.0
2024-07-10 06:54:56.573401448 - DEBUG: fortiche_shotgun-1.7.1
2024-07-10 06:54:56.573621355 - DEBUG: ntplib-0.4.0
2024-07-10 06:54:56.576611546 - DEBUG: fortiche_shotgun-1.8.0
2024-07-10 06:54:56.579838930 - DEBUG: fortiche_shotgun-1.9.0
2024-07-10 06:54:56.583286764 - DEBUG: fortiche_shotgun-1.9.1
2024-07-10 06:54:56.586797004 - DEBUG: fortiche_shotgun-1.9.2
2024-07-10 06:54:56.590388592 - DEBUG: fortiche_shotgun-1.10.0
2024-07-10 06:54:56.593954778 - DEBUG: fortiche_shotgun-1.11.0
2024-07-10 06:54:56.597630600 - DEBUG: fortiche_shotgun-1.11.1
2024-07-10 06:54:56.601158559 - DEBUG: fortiche_shotgun-1.12.0
2024-07-10 06:54:56.604704105 - DEBUG: fortiche_shotgun-1.12.1
2024-07-10 06:54:56.608466482 - DEBUG: fortiche_shotgun-1.12.2
2024-07-10 06:54:56.612176751 - DEBUG: fortiche_shotgun-1.12.3
2024-07-10 06:54:56.615665606 - DEBUG: fortiche_shotgun-1.13.0
2024-07-10 06:54:56.619146406 - DEBUG: fortiche_shotgun-1.14.0
2024-07-10 06:54:56.622511456 - DEBUG: fortiche_shotgun-1.15.0
2024-07-10 06:54:56.625950280 - DEBUG: fortiche_shotgun-1.16.0
2024-07-10 06:54:56.630141774 - DEBUG: fortiche_shotgun-1.16.1
2024-07-10 06:54:56.634233397 - DEBUG: fortiche_shotgun-1.17.0
2024-07-10 06:54:56.638433612 - DEBUG: fortiche_shotgun-1.18.0
2024-07-10 06:54:56.642712045 - DEBUG: fortiche_shotgun-1.18.1
2024-07-10 06:54:56.646377959 - DEBUG: fortiche_shotgun-1.19.0
2024-07-10 06:54:56.649965909 - DEBUG: fortiche_shotgun-1.19.1
2024-07-10 06:54:56.653435091 - DEBUG: fortiche_shotgun-1.20.0
2024-07-10 06:54:56.657024851 - DEBUG: fortiche_shotgun-1.21.0
2024-07-10 06:54:56.660863805 - DEBUG: fortiche_shotgun-1.21.1
2024-07-10 06:54:56.664409595 - DEBUG: fortiche_shotgun-1.22.0
2024-07-10 06:54:56.667956096 - DEBUG: fortiche_shotgun-1.23.0
2024-07-10 06:54:56.671582237 - DEBUG: fortiche_shotgun-1.24.0
2024-07-10 06:54:56.674967903 - DEBUG: fortiche_shotgun-1.24.1
2024-07-10 06:54:56.678455056 - DEBUG: fortiche_shotgun-1.24.2
2024-07-10 06:54:56.682007551 - DEBUG: fortiche_shotgun-1.24.3
2024-07-10 06:54:56.685488708 - DEBUG: fortiche_shotgun-1.24.4
2024-07-10 06:54:56.689000336 - DEBUG: fortiche_shotgun-1.24.5
2024-07-10 06:54:56.693207316 - DEBUG: fastoche_core-1.1.1
2024-07-10 06:54:56.697676174 - DEBUG: fastoche_core-1.1.2
2024-07-10 06:54:56.702047437 - DEBUG: fastoche_core-1.1.3
2024-07-10 06:54:56.706146417 - DEBUG: fastoche_core-1.1.4
2024-07-10 06:54:56.710697470 - DEBUG: fastoche_core-1.1.5
2024-07-10 06:54:56.714776374 - DEBUG: fastoche_core-1.2.0
2024-07-10 06:54:56.718875953 - DEBUG: fastoche_core-1.2.1
2024-07-10 06:54:56.723212960 - DEBUG: fastoche_core-1.3.0
2024-07-10 06:54:56.727178810 - DEBUG: fastoche_core-1.3.1
2024-07-10 06:54:56.728599011 - DEBUG: OpenTimelineIO-0.14.0
2024-07-10 06:54:56.728617511 - DEBUG: OpenTimelineIO-0.14.0-inside-nuke-13.2-pkg.0
2024-07-10 06:54:56.728649788 - DEBUG: rez-2.104.7
2024-07-10 06:54:56.728798072 - DEBUG: python-2.7-inside-fbox-pkg.0
2024-07-10 06:54:56.728946598 - DEBUG: PySide2-5.12-inside-mari-5.0-pkg.0
2024-07-10 06:54:56.728999165 - DEBUG: shiboken2-5.12.0
2024-07-10 06:54:56.729089601 - DEBUG: PySide2-5.12.0
2024-07-10 06:54:56.729143553 - DEBUG: PySide2-5.12.6-inside-nuke-13.2-pkg.0
2024-07-10 06:54:56.729182951 - DEBUG: PySide2-5.15-inside-nuke-14.0-pkg.0
2024-07-10 06:54:56.729220850 - DEBUG: PySide2-5.15.2-inside-houdini-19.5-pkg.0
2024-07-10 06:54:56.729285991 - DEBUG: PySide2-5.15.2.1
2024-07-10 06:54:56.729328692 - DEBUG: shiboken2-5.15.2.1
2024-07-10 06:54:56.729413616 - DEBUG: PySide2-5.15.2.1-pkg.1
2024-07-10 06:54:56.729480688 - DEBUG: python-2.7-inside-guerilla-2.3-pkg.0
2024-07-10 06:54:56.729607099 - DEBUG: PySide2-5.15.2-inside-maya-2022-pkg.0
2024-07-10 06:54:56.729673259 - DEBUG: python-2.7-inside-maya-2018-pkg.0
2024-07-10 06:54:56.729813704 - DEBUG: OpenTimelineIO-0.14.1
2024-07-10 06:54:56.729827968 - DEBUG: OpenTimelineIO-0.15-inside-nuke-14.0-pkg.0
2024-07-10 06:54:56.729863910 - DEBUG: OpenTimelineIO-0.15.0
2024-07-10 06:54:56.729976230 - DEBUG: python-2.7-inside-maya-2022-pkg.0
2024-07-10 06:54:56.730208211 - DEBUG: python-2.7-pkg.0
2024-07-10 06:54:56.730355001 - DEBUG: python-2.7-pkg.1
2024-07-10 06:54:56.730534272 - DEBUG: python-3.7-inside-mari-5.0-pkg.0
2024-07-10 06:54:56.730754187 - DEBUG: python-3.7-inside-mari-5.0-pkg.1
2024-07-10 06:54:56.730974242 - DEBUG: python-3.7-inside-mari-5.0-pkg.2
2024-07-10 06:54:56.731141790 - DEBUG: python-3.7-inside-maya-2022-pkg.0
2024-07-10 06:54:56.731415533 - DEBUG: python-3.7-inside-maya-2022-pkg.1
2024-07-10 06:54:56.731567653 - DEBUG: python-3.7-inside-maya-2022-pkg.2
2024-07-10 06:54:56.731719671 - DEBUG: python-3.7-inside-nuke-13.2-pkg.0
2024-07-10 06:54:56.731988198 - DEBUG: python-3.7-inside-nuke-13.2-pkg.1
2024-07-10 06:54:56.732179705 - DEBUG: python-3.7-pkg.0
2024-07-10 06:54:56.732351467 - DEBUG: python-3.7-pkg.1
2024-07-10 06:54:56.732630418 - DEBUG: python-3.9-inside-houdini-19.5-pkg.0
2024-07-10 06:54:56.732822197 - DEBUG: python-3.9-inside-houdini-19.5-pkg.1
2024-07-10 06:54:56.732992654 - DEBUG: python-3.9-inside-nuke-14.0-pkg.0
2024-07-10 06:54:56.733209000 - DEBUG: python-3.9-inside-nuke-14.0-pkg.1
2024-07-10 06:54:56.733356508 - DEBUG: python-3.9-pkg.0
2024-07-10 06:54:56.733509338 - DEBUG: python-3.9-pkg.1
2024-07-10 06:54:56.733680679 - DEBUG: python-3.10-inside-blender-3.6-pkg.0
2024-07-10 06:54:56.736616669 - DEBUG: fastoche_core-1.3.2
2024-07-10 06:54:56.741002814 - DEBUG: fastoche_core-1.4.0
2024-07-10 06:54:56.745700016 - DEBUG: fastoche_core-1.5.0
2024-07-10 06:54:56.749880091 - DEBUG: fastoche_core-1.6.0
2024-07-10 06:54:56.754000970 - DEBUG: fastoche_core-1.6.1
2024-07-10 06:54:56.757920765 - DEBUG: fastoche_core-1.6.2
2024-07-10 06:54:56.762208914 - DEBUG: fastoche_core-1.7.0
2024-07-10 06:54:56.766859736 - DEBUG: fastoche_core-1.7.1
2024-07-10 06:54:56.771481666 - DEBUG: fastoche_core-1.7.2
2024-07-10 06:54:56.775656258 - DEBUG: fastoche_core-1.7.3
2024-07-10 06:54:56.779994596 - DEBUG: fastoche_core-1.7.4
2024-07-10 06:54:56.784251628 - DEBUG: fastoche_core-1.7.5
2024-07-10 06:54:56.788738580 - DEBUG: fastoche_core-1.8.0
2024-07-10 06:54:56.793244038 - DEBUG: fastoche_core-1.9.0
2024-07-10 06:54:56.797516722 - DEBUG: fastoche_core-1.9.1
2024-07-10 06:54:56.801834513 - DEBUG: fastoche_core-1.9.2
2024-07-10 06:54:56.806244279 - DEBUG: fastoche_core-1.9.3
2024-07-10 06:54:56.810377257 - DEBUG: fastoche_core-1.9.4
2024-07-10 06:54:56.814674766 - DEBUG: fastoche_core-1.10.0
2024-07-10 06:54:56.818971901 - DEBUG: fastoche_core-1.10.1
2024-07-10 06:54:56.823227374 - DEBUG: fastoche_core-1.10.2
2024-07-10 06:54:56.827644422 - DEBUG: fastoche_core-1.11.0
2024-07-10 06:54:56.832324217 - DEBUG: fastoche_core-1.12.0
2024-07-10 06:54:56.836436434 - DEBUG: fastoche_core-1.13.0
2024-07-10 06:54:56.840637812 - DEBUG: fastoche_core-1.13.1
2024-07-10 06:54:56.844774757 - DEBUG: fastoche_core-1.14.0
2024-07-10 06:54:56.849028996 - DEBUG: fastoche_core-1.15.0
2024-07-10 06:54:56.853273401 - DEBUG: fastoche_core-1.16.0
2024-07-10 06:54:56.853826900 - DEBUG: MarkupSafe-1.1.1
2024-07-10 06:54:56.853914672 - DEBUG: MarkupSafe-2.0.1
2024-07-10 06:54:56.858102019 - DEBUG: fastoche_core-1.17.0
2024-07-10 06:54:56.862280711 - DEBUG: fastoche_core-1.17.1
2024-07-10 06:54:56.867142880 - DEBUG: fastoche_core-1.17.2
2024-07-10 06:54:56.871355271 - DEBUG: fastoche_core-1.18.0
2024-07-10 06:54:56.875631420 - DEBUG: fastoche_core-1.19.0
2024-07-10 06:54:56.881310537 - DEBUG: fastoche_guerilla-1.1.0
2024-07-10 06:54:56.886420119 - DEBUG: fastoche_guerilla-1.2.0
2024-07-10 06:54:56.891458401 - DEBUG: fastoche_guerilla-1.3.0
2024-07-10 06:54:56.896516905 - DEBUG: fastoche_guerilla-1.3.1
2024-07-10 06:54:56.901233233 - DEBUG: fastoche_guerilla-1.4.0
2024-07-10 06:54:56.905689331 - DEBUG: fastoche_guerilla-1.5.0
2024-07-10 06:54:56.910209733 - DEBUG: fastoche_guerilla-1.5.1
2024-07-10 06:54:56.914976941 - DEBUG: fastoche_guerilla-1.5.2
2024-07-10 06:54:56.919738003 - DEBUG: fastoche_guerilla-1.6.0
2024-07-10 06:54:56.924664401 - DEBUG: fastoche_guerilla-1.7.0
2024-07-10 06:54:56.928947048 - DEBUG: fastoche_guerilla-1.9.1
2024-07-10 06:54:56.933571361 - DEBUG: fastoche_guerilla-1.10.0
2024-07-10 06:54:56.938391454 - DEBUG: fastoche_guerilla-1.11.0
2024-07-10 06:54:56.943175248 - DEBUG: fastoche_guerilla-1.11.1
2024-07-10 06:54:56.947681924 - DEBUG: fastoche_guerilla-1.11.2
2024-07-10 06:54:56.952438420 - DEBUG: fastoche_guerilla-1.12.0
2024-07-10 06:54:56.957394642 - DEBUG: fastoche_guerilla-1.12.1
2024-07-10 06:54:56.961963381 - DEBUG: fastoche_guerilla-1.13.0
2024-07-10 06:54:56.966833441 - DEBUG: fastoche_guerilla-1.13.1
2024-07-10 06:54:56.971638553 - DEBUG: fastoche_guerilla-1.13.2
2024-07-10 06:54:56.976335661 - DEBUG: fastoche_guerilla-1.14.0
2024-07-10 06:54:56.980844204 - DEBUG: fastoche_guerilla-1.15.0
2024-07-10 06:54:56.985338496 - DEBUG: fastoche_guerilla-1.16.0
2024-07-10 06:54:56.990162328 - DEBUG: fastoche_guerilla-1.16.1
2024-07-10 06:54:56.994967709 - DEBUG: fastoche_guerilla-1.17.0
2024-07-10 06:54:56.999762221 - DEBUG: fastoche_guerilla-1.17.1
2024-07-10 06:54:57.004751526 - DEBUG: fastoche_guerilla-1.18.0
2024-07-10 06:54:57.009795666 - DEBUG: fastoche_guerilla-1.18.1
2024-07-10 06:54:57.014595711 - DEBUG: fastoche_guerilla-1.18.2
2024-07-10 06:54:57.019173823 - DEBUG: fastoche_guerilla-1.18.3
2024-07-10 06:54:57.023795636 - DEBUG: fastoche_guerilla-1.18.4
2024-07-10 06:54:57.028315444 - DEBUG: fastoche_guerilla-1.19.0
2024-07-10 06:54:57.032820375 - DEBUG: fastoche_guerilla-1.20.0
2024-07-10 06:54:57.037638327 - DEBUG: fastoche_guerilla-1.21.0
2024-07-10 06:54:57.042287575 - DEBUG: fastoche_guerilla-1.21.1
2024-07-10 06:54:57.048428658 - DEBUG: appy-1.0.0
2024-07-10 06:54:57.048734304 - DEBUG: templaters-1.0.0
2024-07-10 06:54:57.051653740 - DEBUG: templaters-1.1.0
2024-07-10 06:54:57.054443291 - DEBUG: templaters-1.1.1
2024-07-10 06:54:57.057032090 - DEBUG: templaters-1.2.0
2024-07-10 06:54:57.060231546 - DEBUG: templaters-1.2.1
2024-07-10 06:54:57.066436920 - DEBUG: cryptography-2.2.2
2024-07-10 06:54:57.066534958 - DEBUG: cryptography-2.2.2-pkg.0
2024-07-10 06:54:57.066563403 - DEBUG: cryptography-2.2.2-pkg.1
2024-07-10 06:54:57.066583680 - DEBUG: appy-1.0.1
2024-07-10 06:54:57.069416131 - DEBUG: appy-1.0.2
2024-07-10 06:54:57.072303987 - DEBUG: appy-1.0.3
2024-07-10 06:54:57.075107176 - DEBUG: appy-1.0.4
2024-07-10 06:54:57.077698705 - DEBUG: appy-1.1.0
2024-07-10 06:54:57.080743505 - DEBUG: appy-1.2.0
2024-07-10 06:54:57.081998553 - DEBUG: cryptography-2.9.2
2024-07-10 06:54:57.084113128 - DEBUG: appy-1.2.1
2024-07-10 06:54:57.087523141 - DEBUG: appy-1.3.0
2024-07-10 06:54:57.090794507 - DEBUG: appy-1.3.1
2024-07-10 06:54:57.093974420 - DEBUG: appy-1.3.2
2024-07-10 06:54:57.097144332 - DEBUG: appy-1.4.0
2024-07-10 06:54:57.100261265 - DEBUG: appy-1.5.0
2024-07-10 06:54:57.103351100 - DEBUG: appy-1.5.1
2024-07-10 06:54:57.106398876 - DEBUG: appy-1.5.2
2024-07-10 06:56:20.288296542 - INFO: Context name: 4224abdc-a0c2-4a63-b83b-d468735bb698
2024-07-10 06:56:20.304457624 - DEBUG: python-2.7-inside-fbox-pkg.0
2024-07-10 06:56:20.304634410 - DEBUG: PySide2-5.12-inside-mari-5.0-pkg.0
2024-07-10 06:56:20.304703400 - DEBUG: shiboken2-5.12.0
2024-07-10 06:56:20.304778583 - DEBUG: urllib3-1.26.9
2024-07-10 06:56:20.304806336 - DEBUG: pycparser-2.21
2024-07-10 06:56:20.304834418 - DEBUG: et_xmlfile-1.0.1
2024-07-10 06:56:20.304860184 - DEBUG: smmap2-3.0.1
2024-07-10 06:56:20.304886215 - DEBUG: smmap-3.0.5
2024-07-10 06:56:20.304920132 - DEBUG: six-1.11.0
2024-07-10 06:56:20.304968047 - DEBUG: requests-2.13.0
2024-07-10 06:56:20.305030431 - DEBUG: urllib3-1.26.12
2024-07-10 06:56:20.305053945 - DEBUG: urllib3-1.26.15
2024-07-10 06:56:20.305079695 - DEBUG: certifi-2021.10.8
2024-07-10 06:56:20.305132077 - DEBUG: certifi-2022.5.18.1
2024-07-10 06:56:20.305184995 - DEBUG: certifi-2022.12.7
2024-07-10 06:56:20.305254014 - DEBUG: certifi-2023.5.7
2024-07-10 06:56:20.305325682 - DEBUG: certifi-2024.6.2
2024-07-10 06:56:20.305382853 - DEBUG: requests-2.27.1
2024-07-10 06:56:20.305468880 - DEBUG: requests-2.28.2
2024-07-10 06:56:20.305482779 - DEBUG: requests-2.30.0
2024-07-10 06:56:20.305491477 - DEBUG: requests-2.31.0
2024-07-10 06:56:20.305499643 - DEBUG: requests-2.32.3
2024-07-10 06:56:20.305507572 - DEBUG: six-1.16.0
2024-07-10 06:56:20.305563163 - DEBUG: et_xmlfile-1.1.0
2024-07-10 06:56:20.305594258 - DEBUG: jdcal-1.4.1
2024-07-10 06:56:20.305621880 - DEBUG: timecode-1.3.1
2024-07-10 06:56:20.305737482 - DEBUG: PySide2-5.12.0
2024-07-10 06:56:20.305783717 - DEBUG: PySide2-5.12.6-inside-nuke-13.2-pkg.0
2024-07-10 06:56:20.305835798 - DEBUG: PySide2-5.15-inside-nuke-14.0-pkg.0
2024-07-10 06:56:20.305884896 - DEBUG: PySide2-5.15.2-inside-houdini-19.5-pkg.0
2024-07-10 06:56:20.305946418 - DEBUG: PySide2-5.15.2.1
2024-07-10 06:56:20.305992181 - DEBUG: shiboken2-5.15.2.1
2024-07-10 06:56:20.306088692 - DEBUG: PySide2-5.15.2.1-pkg.1
2024-07-10 06:56:20.306148863 - DEBUG: python-2.7-inside-guerilla-2.3-pkg.0
2024-07-10 06:56:20.306308424 - DEBUG: PySide2-5.15.2-inside-maya-2022-pkg.0
2024-07-10 06:56:20.306378329 - DEBUG: python-2.7-inside-maya-2018-pkg.0
2024-07-10 06:56:20.306515824 - DEBUG: OpenTimelineIO-0.14.0
2024-07-10 06:56:20.306532370 - DEBUG: OpenTimelineIO-0.14.1
2024-07-10 06:56:20.306541312 - DEBUG: OpenTimelineIO-0.15-inside-nuke-14.0-pkg.0
2024-07-10 06:56:20.306583324 - DEBUG: rez-2.104.7
2024-07-10 06:56:20.306798905 - DEBUG: python-2.7-inside-maya-2022-pkg.0
2024-07-10 06:56:20.306971175 - DEBUG: OpenTimelineIO-0.15.0
2024-07-10 06:56:20.307122104 - DEBUG: python-2.7-pkg.0
2024-07-10 06:56:20.307287045 - DEBUG: python-2.7-pkg.1
2024-07-10 06:56:20.307452599 - DEBUG: python-3.7-inside-mari-5.0-pkg.0
2024-07-10 06:56:20.307614904 - DEBUG: python-3.7-inside-mari-5.0-pkg.1
2024-07-10 06:56:20.307779463 - DEBUG: python-3.7-inside-mari-5.0-pkg.2
2024-07-10 06:56:20.307956779 - DEBUG: python-3.7-inside-maya-2022-pkg.0
2024-07-10 06:56:20.308223717 - DEBUG: python-3.7-inside-maya-2022-pkg.1
2024-07-10 06:56:20.308396443 - DEBUG: python-3.7-inside-maya-2022-pkg.2
2024-07-10 06:56:20.308568847 - DEBUG: python-3.7-inside-nuke-13.2-pkg.0
2024-07-10 06:56:20.308832344 - DEBUG: python-3.7-inside-nuke-13.2-pkg.1
2024-07-10 06:56:20.309017147 - DEBUG: python-3.7-pkg.0
2024-07-10 06:56:20.309197835 - DEBUG: python-3.7-pkg.1
2024-07-10 06:56:20.309466195 - DEBUG: python-3.9-inside-houdini-19.5-pkg.0
2024-07-10 06:56:20.309652149 - DEBUG: python-3.9-inside-houdini-19.5-pkg.1
2024-07-10 06:56:20.309833102 - DEBUG: python-3.9-inside-nuke-14.0-pkg.0
2024-07-10 06:56:20.309988588 - DEBUG: OpenTimelineIO-0.14.0-inside-nuke-13.2-pkg.0
2024-07-10 06:56:20.310194834 - DEBUG: python-3.9-inside-nuke-14.0-pkg.1
2024-07-10 06:56:20.310377471 - DEBUG: python-3.9-pkg.0
2024-07-10 06:56:20.310571613 - DEBUG: python-3.9-pkg.1
2024-07-10 06:56:20.310773549 - DEBUG: python-3.10-inside-blender-3.6-pkg.0
2024-07-10 06:56:20.311388196 - DEBUG: fortiche_shotgun-1.12.4
2024-07-10 06:56:20.311731638 - DEBUG: app_launcher-1.1.0
2024-07-10 06:56:20.311847539 - DEBUG: templating_utils-1.0.0
2024-07-10 06:56:20.311890426 - DEBUG: Jinja2-2.10
2024-07-10 06:56:20.311932986 - DEBUG: templating_utils-1.0.1
2024-07-10 06:56:20.311973126 - DEBUG: templating_utils-1.0.2
2024-07-10 06:56:20.312005972 - DEBUG: Jinja2-2.11.3
2024-07-10 06:56:20.312020865 - DEBUG: templating_utils-1.0.3
2024-07-10 06:56:20.312166913 - DEBUG: os_utils-1.0.1
2024-07-10 06:56:20.312423889 - DEBUG: fastoche_core-1.0.0
2024-07-10 06:56:20.312593340 - DEBUG: shotgun_api3-3.0.41
2024-07-10 06:56:20.312638502 - DEBUG: httplib2-0.20.4
2024-07-10 06:56:20.312693601 - DEBUG: text_unidecode-1.2
2024-07-10 06:56:20.312784424 - DEBUG: uritemplate-3.0.1
2024-07-10 06:56:20.312816682 - DEBUG: google_auth_httplib2-0.1.0
2024-07-10 06:56:20.312856372 - DEBUG: google_auth-2.6.2
2024-07-10 06:56:20.312879348 - DEBUG: httplib2-0.11.3
2024-07-10 06:56:20.312978969 - DEBUG: python_dateutil-2.8.2
2024-07-10 06:56:20.313042438 - DEBUG: shotgun_api3-3.3.4
2024-07-10 06:56:20.313088961 - DEBUG: shotgun_api3-3.3.5
2024-07-10 06:56:20.313132682 - DEBUG: scandir-1.7
2024-07-10 06:56:20.313194810 - DEBUG: enum34-1.1.6
2024-07-10 06:56:20.313253383 - DEBUG: fishbowl-1.0.0
2024-07-10 06:56:20.313326509 - DEBUG: fishbowl-1.0.1
2024-07-10 06:56:20.313375469 - DEBUG: fishbowl-1.0.2
2024-07-10 06:56:20.313417672 - DEBUG: fishbowl-1.1.0
2024-07-10 06:56:20.313473557 - DEBUG: fishbowl-1.1.2
2024-07-10 06:56:20.313550699 - DEBUG: configparser-3.5.0
2024-07-10 06:56:20.313660837 - DEBUG: configparser-3.8.1
2024-07-10 06:56:20.313680843 - DEBUG: configparser-4.0.2
2024-07-10 06:56:20.313794384 - DEBUG: python_patch2run3-1.7.0
2024-07-10 06:56:20.313819725 - DEBUG: future-0.16.0
2024-07-10 06:56:20.313937258 - DEBUG: future-0.18.2
2024-07-10 06:56:20.314039164 - DEBUG: future-0.18.3
2024-07-10 06:56:20.314127625 - DEBUG: python_patch2run3-1.7.1
2024-07-10 06:56:20.314168038 - DEBUG: python_patch2run3-1.7.2
2024-07-10 06:56:20.314189328 - DEBUG: python_patch2run3-1.7.3
2024-07-10 06:56:20.314217695 - DEBUG: fishbowl-1.1.3
2024-07-10 06:56:20.314390759 - DEBUG: fishbowl-1.2.0
2024-07-10 06:56:20.314566524 - DEBUG: fishbowl-1.3.0
2024-07-10 06:56:20.314823245 - DEBUG: python_utils-1.0.0
2024-07-10 06:56:20.314945795 - DEBUG: carbon-1.0.0
2024-07-10 06:56:20.315284161 - DEBUG: python_utils-1.0.1
2024-07-10 06:56:20.315332490 - DEBUG: python_utils-1.0.2
2024-07-10 06:56:20.315370545 - DEBUG: python_utils-1.1.0
2024-07-10 06:56:20.315418261 - DEBUG: python_utils-1.2.1
2024-07-10 06:56:20.315451855 - DEBUG: python_utils-1.3.0
2024-07-10 06:56:20.315517681 - DEBUG: python_utils-1.4.0
2024-07-10 06:56:20.315567873 - DEBUG: python_utils-1.4.1
2024-07-10 06:56:20.315615095 - DEBUG: python_utils-1.4.2
2024-07-10 06:56:20.315664854 - DEBUG: python_utils-1.4.3
2024-07-10 06:56:20.315690190 - DEBUG: python_utils-1.5.0
2024-07-10 06:56:20.315732492 - DEBUG: python_utils-1.6.0
2024-07-10 06:56:20.315776132 - DEBUG: python_utils-1.6.1
2024-07-10 06:56:20.315816430 - DEBUG: python_utils-1.7.0
2024-07-10 06:56:20.315859618 - DEBUG: python_utils-1.7.1
2024-07-10 06:56:20.315910833 - DEBUG: python_utils-1.7.2
2024-07-10 06:56:20.315971594 - DEBUG: python_utils-1.8.0
2024-07-10 06:56:20.316009155 - DEBUG: python_utils-1.8.1
2024-07-10 06:56:20.316054135 - DEBUG: python_utils-1.8.2
2024-07-10 06:56:20.316097556 - DEBUG: python_utils-1.8.3
2024-07-10 06:56:20.316161590 - DEBUG: python_utils-1.8.4
2024-07-10 06:56:20.316206262 - DEBUG: python_utils-1.9.0
2024-07-10 06:56:20.316259163 - DEBUG: python_utils-1.10.0
2024-07-10 06:56:20.316307065 - DEBUG: python_utils-1.10.1
2024-07-10 06:56:20.316358573 - DEBUG: python_utils-1.10.2
2024-07-10 06:56:20.316423830 - DEBUG: python_utils-1.10.3
2024-07-10 06:56:20.316492387 - DEBUG: python_utils-1.10.4
2024-07-10 06:56:20.316547552 - DEBUG: python_utils-1.10.5
2024-07-10 06:56:20.316602613 - DEBUG: python_utils-1.10.6
2024-07-10 06:56:20.316658003 - DEBUG: python_utils-1.10.7
2024-07-10 06:56:20.316711283 - DEBUG: python_utils-1.10.8
2024-07-10 06:56:20.316767420 - DEBUG: python_utils-1.11.0
2024-07-10 06:56:20.316821419 - DEBUG: python_utils-1.11.1
2024-07-10 06:56:20.316878449 - DEBUG: python_utils-1.12.0
2024-07-10 06:56:20.316944606 - DEBUG: python_utils-1.12.1
2024-07-10 06:56:20.317009079 - DEBUG: python_utils-1.13.0
2024-07-10 06:56:20.317086998 - DEBUG: carbon-1.0.1
2024-07-10 06:56:20.318119552 - DEBUG: carbon-1.1.0
2024-07-10 06:56:20.319114501 - DEBUG: carbon-1.1.1
2024-07-10 06:56:20.320116361 - DEBUG: carbon-1.1.3
2024-07-10 06:56:20.321109390 - DEBUG: carbon-1.1.4
2024-07-10 06:56:20.322162091 - DEBUG: carbon-1.1.5
2024-07-10 06:56:20.323167053 - DEBUG: carbon-1.1.6
2024-07-10 06:56:20.324233535 - DEBUG: carbon-1.1.7
2024-07-10 06:56:20.325303142 - DEBUG: guerilla_utils-1.0.0
2024-07-10 06:56:20.325356671 - DEBUG: networkx-2.2
2024-07-10 06:56:20.326207848 - DEBUG: guerilla_utils-1.0.1
2024-07-10 06:56:20.327132715 - DEBUG: guerilla_utils-1.1.0
2024-07-10 06:56:20.328015765 - DEBUG: guerilla_utils-1.2.0
2024-07-10 06:56:20.328837951 - DEBUG: networkx-1.11
2024-07-10 06:56:20.328869112 - DEBUG: decorator-4.4.2
2024-07-10 06:56:20.328881706 - DEBUG: decorator-5.1.1
2024-07-10 06:56:20.328903429 - DEBUG: guerilla_utils-1.3.0
2024-07-10 06:56:20.329735991 - DEBUG: guerilla_utils-1.4.0
2024-07-10 06:56:20.330545706 - DEBUG: guerilla_utils-1.5.0
2024-07-10 06:56:20.331471503 - DEBUG: guerilla_utils-1.6.0
2024-07-10 06:56:20.332226452 - DEBUG: guerilla_utils-1.7.0
2024-07-10 06:56:20.333019633 - DEBUG: guerilla_utils-1.8.0
2024-07-10 06:56:20.333983304 - DEBUG: guerilla_utils-1.8.1
2024-07-10 06:56:20.334737252 - DEBUG: guerilla_utils-1.9.0
2024-07-10 06:56:20.335563903 - DEBUG: guerilla_utils-1.9.1
2024-07-10 06:56:20.335614562 - DEBUG: networkx-2.6.3
2024-07-10 06:56:20.335624126 - DEBUG: networkx-2.8.8
2024-07-10 06:56:20.336560951 - DEBUG: guerilla_utils-1.9.2
2024-07-10 06:56:20.337318892 - DEBUG: guerilla_utils-1.9.3
2024-07-10 06:56:20.338116868 - DEBUG: qt_utils-1.0.1
2024-07-10 06:56:20.338936289 - DEBUG: python_patch2run3-1.0.0
2024-07-10 06:56:20.338967570 - DEBUG: python_patch2run3-1.1.0
2024-07-10 06:56:20.338987722 - DEBUG: python_patch2run3-1.2.0
2024-07-10 06:56:20.339006809 - DEBUG: python_patch2run3-1.2.1
2024-07-10 06:56:20.339026267 - DEBUG: python_patch2run3-1.2.2
2024-07-10 06:56:20.339046872 - DEBUG: python_patch2run3-1.3.0
2024-07-10 06:56:20.339073769 - DEBUG: python_patch2run3-1.3.1
2024-07-10 06:56:20.339116158 - DEBUG: python_patch2run3-1.3.2
2024-07-10 06:56:20.339140625 - DEBUG: python_patch2run3-1.4.0
2024-07-10 06:56:20.339164513 - DEBUG: python_patch2run3-1.4.1
2024-07-10 06:56:20.339194934 - DEBUG: python_patch2run3-1.5.0
2024-07-10 06:56:20.339233542 - DEBUG: python_patch2run3-1.6.0
2024-07-10 06:56:20.339258704 - DEBUG: python_patch2run3-1.6.1
2024-07-10 06:56:20.339284371 - DEBUG: python_patch2run3-1.6.2
2024-07-10 06:56:20.339349886 - DEBUG: qt_utils-1.0.2
2024-07-10 06:56:20.340254015 - DEBUG: qt_utils-1.0.3
2024-07-10 06:56:20.341086448 - DEBUG: qt_utils-1.0.4
2024-07-10 06:56:20.341940312 - DEBUG: qt_utils-1.1.0
2024-07-10 06:56:20.343019056 - DEBUG: qt_utils-1.1.1
2024-07-10 06:56:20.344062740 - DEBUG: qt_utils-1.1.2
2024-07-10 06:56:20.345103171 - DEBUG: qt_utils-1.2.0
2024-07-10 06:56:20.346103593 - DEBUG: qt_utils-1.2.1
2024-07-10 06:56:20.347058022 - DEBUG: qt_utils-1.3.0
2024-07-10 06:56:20.348183371 - DEBUG: fastoche_guerilla-1.0.0
2024-07-10 06:56:20.348273564 - DEBUG: click-6.7
2024-07-10 06:56:20.348425142 - DEBUG: os_utils-1.0.2
2024-07-10 06:56:20.348640367 - DEBUG: os_utils-1.0.3
2024-07-10 06:56:20.349424820 - DEBUG: psutil-5.4.0
2024-07-10 06:56:20.349505541 - DEBUG: psutil-5.9.4
2024-07-10 06:56:20.349674672 - DEBUG: os_utils-1.0.4
2024-07-10 06:56:20.349857104 - DEBUG: os_utils-1.1.0
2024-07-10 06:56:20.350079797 - DEBUG: os_utils-1.2.0
2024-07-10 06:56:20.350274454 - DEBUG: os_utils-1.3.0
2024-07-10 06:56:20.351255996 - DEBUG: os_utils-1.4.0
2024-07-10 06:56:20.351491193 - DEBUG: os_utils-1.4.1
2024-07-10 06:56:20.352415804 - DEBUG: os_utils-1.5.0
2024-07-10 06:56:20.353333389 - DEBUG: os_utils-1.5.1
2024-07-10 06:56:20.353526164 - DEBUG: os_utils-1.6.0
2024-07-10 06:56:20.353712109 - DEBUG: os_utils-1.6.1
2024-07-10 06:56:20.353924143 - DEBUG: os_utils-1.6.2
2024-07-10 06:56:20.354855004 - DEBUG: os_utils-1.6.3
2024-07-10 06:56:20.355933294 - DEBUG: os_utils-1.7.0
2024-07-10 06:56:20.356976726 - DEBUG: os_utils-1.7.1
2024-07-10 06:56:20.357961687 - DEBUG: os_utils-1.8.0
2024-07-10 06:56:20.358902413 - DEBUG: os_utils-1.9.0
2024-07-10 06:56:20.359912938 - DEBUG: os_utils-1.9.1
2024-07-10 06:56:20.360868844 - DEBUG: os_utils-1.9.2
2024-07-10 06:56:20.361871404 - DEBUG: os_utils-1.9.3
2024-07-10 06:56:20.362831328 - DEBUG: os_utils-1.9.4
2024-07-10 06:56:20.364102382 - DEBUG: fortiche_core-1.0.0
2024-07-10 06:56:20.364807292 - DEBUG: termcolor-1.1.0
2024-07-10 06:56:20.364954722 - DEBUG: sentry_sdk-0.10.2
2024-07-10 06:56:20.364979402 - DEBUG: numpy-1.16.4
2024-07-10 06:56:20.365085299 - DEBUG: python_dependency_scan-1.0.0
2024-07-10 06:56:20.365203998 - DEBUG: importlib_metadata-1.6.0
2024-07-10 06:56:20.365231389 - DEBUG: zipp-1.2.0
2024-07-10 06:56:20.365242832 - DEBUG: zipp-3.15.0
2024-07-10 06:56:20.365255893 - DEBUG: pyyed-1.4.3
2024-07-10 06:56:20.365275739 - DEBUG: pyasn1-0.4.8
2024-07-10 06:56:20.365362574 - DEBUG: more_itertools-4.1.0
2024-07-10 06:56:20.365403230 - DEBUG: python_dependency_scan-1.0.1
2024-07-10 06:56:20.365533612 - DEBUG: python_dependency_scan-1.0.2
2024-07-10 06:56:20.365705548 - DEBUG: python_dependency_scan-1.0.3
2024-07-10 06:56:20.365852847 - DEBUG: pydeps-1.10.12
2024-07-10 06:56:20.365885292 - DEBUG: stdlib_list-0.8.0
2024-07-10 06:56:20.365932364 - DEBUG: python_dependency_scan-1.0.4
2024-07-10 06:56:20.366051543 - DEBUG: importlib_metadata-1.7.0
2024-07-10 06:56:20.366086497 - DEBUG: pyyed-1.5.0
2024-07-10 06:56:20.366135238 - DEBUG: enum34-1.1.10
2024-07-10 06:56:20.366158771 - DEBUG: python_dependency_scan-1.1.0
2024-07-10 06:56:20.366327091 - DEBUG: python_dependency_scan-1.1.1
2024-07-10 06:56:20.366650279 - DEBUG: python_dependency_scan-1.1.2
2024-07-10 06:56:20.366961791 - DEBUG: python_dependency_scan-1.1.3
2024-07-10 06:56:20.367278932 - DEBUG: python_dependency_scan-1.1.4
2024-07-10 06:56:20.367587360 - DEBUG: python_dependency_scan-1.1.5
2024-07-10 06:56:20.367874847 - DEBUG: python_dependency_scan-1.1.6
2024-07-10 06:56:20.368257065 - DEBUG: jsmin-2.2.2
2024-07-10 06:56:20.369103224 - DEBUG: fortiche_core-1.1.0
2024-07-10 06:56:20.370572889 - DEBUG: fortiche_core-1.1.1
2024-07-10 06:56:20.372190714 - DEBUG: fortiche_core-1.2.0
2024-07-10 06:56:20.373696822 - DEBUG: fortiche_core-1.3.0
2024-07-10 06:56:20.375312586 - DEBUG: fortiche_core-1.3.1
2024-07-10 06:56:20.376941672 - DEBUG: fortiche_core-1.3.2
2024-07-10 06:56:20.378584618 - DEBUG: fortiche_core-1.3.3
2024-07-10 06:56:20.380381902 - DEBUG: fortiche_core-1.3.4
2024-07-10 06:56:20.380600121 - DEBUG: numpy-1.16.6
2024-07-10 06:56:20.380639179 - DEBUG: numpy-1.21.6
2024-07-10 06:56:20.381463021 - DEBUG: scandir-1.10.0
2024-07-10 06:56:20.382045899 - DEBUG: fortiche_core-1.3.5
2024-07-10 06:56:20.383688542 - DEBUG: fortiche_core-1.3.6
2024-07-10 06:56:20.385297053 - DEBUG: fortiche_core-1.4.0
2024-07-10 06:56:20.386834082 - DEBUG: click-8.1.3
2024-07-10 06:56:20.387101159 - DEBUG: fortiche_core-1.4.1
2024-07-10 06:56:20.388827452 - DEBUG: fortiche_core-1.5.0
2024-07-10 06:56:20.390299397 - DEBUG: fortiche_core-1.6.0
2024-07-10 06:56:20.391818867 - DEBUG: fortiche_core-1.6.1
2024-07-10 06:56:20.393284981 - DEBUG: fortiche_core-1.7.0
2024-07-10 06:56:20.394769872 - DEBUG: fortiche_core-1.7.1
2024-07-10 06:56:20.396279527 - DEBUG: fortiche_core-1.8.0
2024-07-10 06:56:20.397817935 - DEBUG: fortiche_core-1.8.1
2024-07-10 06:56:20.399276186 - DEBUG: fortiche_core-1.8.2
2024-07-10 06:56:20.400770005 - DEBUG: fortiche_core-1.8.3
2024-07-10 06:56:20.402366453 - DEBUG: fortiche_core-1.9.0
2024-07-10 06:56:20.403915872 - DEBUG: fortiche_core-1.9.1
2024-07-10 06:56:20.405360529 - DEBUG: fortiche_core-1.10.0
2024-07-10 06:56:20.406799062 - DEBUG: fortiche_core-1.10.1
2024-07-10 06:56:20.408300318 - DEBUG: fortiche_core-1.11.0
2024-07-10 06:56:20.409736993 - DEBUG: fortiche_core-1.11.1
2024-07-10 06:56:20.411664737 - DEBUG: fortiche_core-1.11.2
2024-07-10 06:56:20.413134381 - DEBUG: fortiche_core-1.11.3
2024-07-10 06:56:20.414775249 - DEBUG: fortiche_core-1.11.4
2024-07-10 06:56:20.416524412 - DEBUG: fortiche_core-1.12.0
2024-07-10 06:56:20.418245917 - DEBUG: fortiche_core-1.13.0
2024-07-10 06:56:20.419864111 - DEBUG: fortiche_core-1.14.0
2024-07-10 06:56:20.421445873 - DEBUG: fortiche_core-1.14.1
2024-07-10 06:56:20.423107746 - DEBUG: fortiche_core-1.14.2
2024-07-10 06:56:20.424659710 - DEBUG: fortiche_core-1.15.0
2024-07-10 06:56:20.426242684 - DEBUG: fortiche_core-1.16.0
2024-07-10 06:56:20.427932311 - DEBUG: fortiche_core-1.17.0
2024-07-10 06:56:20.429434004 - DEBUG: fortiche_core-1.18.0
2024-07-10 06:56:20.430899850 - DEBUG: fortiche_core-1.19.0
2024-07-10 06:56:20.432418717 - DEBUG: fortiche_core-1.20.0
2024-07-10 06:56:20.434080901 - DEBUG: fortiche_core-1.20.1
2024-07-10 06:56:20.435542004 - DEBUG: fortiche_core-1.20.2
2024-07-10 06:56:20.437052302 - DEBUG: fortiche_core-1.21.0
2024-07-10 06:56:20.438583629 - DEBUG: fortiche_core-1.21.1
2024-07-10 06:56:20.440093986 - DEBUG: fortiche_core-1.22.0
2024-07-10 06:56:20.441546101 - DEBUG: fortiche_core-1.23.0
2024-07-10 06:56:20.443283267 - DEBUG: fastoche_core-1.1.0
2024-07-10 06:56:20.445919583 - DEBUG: horizon-1.0.0
2024-07-10 06:56:20.447968643 - DEBUG: horizon-1.1.0
2024-07-10 06:56:20.450073219 - DEBUG: horizon-1.1.1
2024-07-10 06:56:20.452250162 - DEBUG: horizon-1.2.0
2024-07-10 06:56:20.454260621 - DEBUG: horizon-1.3.0
2024-07-10 06:56:20.455141567 - DEBUG: fortiche_qt-1.0.0
2024-07-10 06:56:20.456486566 - DEBUG: fortiche_qt-1.0.1
2024-07-10 06:56:20.457921527 - DEBUG: fortiche_qt-1.0.2
2024-07-10 06:56:20.460463520 - DEBUG: horizon-1.3.1
2024-07-10 06:56:20.462552625 - DEBUG: horizon-1.3.2
2024-07-10 06:56:20.464723771 - DEBUG: horizon-1.4.0
2024-07-10 06:56:20.466876507 - DEBUG: horizon-1.4.1
2024-07-10 06:56:20.468976437 - DEBUG: horizon-1.5.0
2024-07-10 06:56:20.471055047 - DEBUG: horizon-1.6.0
2024-07-10 06:56:20.473154532 - DEBUG: horizon-1.7.0
2024-07-10 06:56:20.475257435 - DEBUG: horizon-1.7.1
2024-07-10 06:56:20.477373334 - DEBUG: horizon-1.8.0
2024-07-10 06:56:20.479509951 - DEBUG: horizon-1.9.0
2024-07-10 06:56:20.481690109 - DEBUG: horizon-1.10.0
2024-07-10 06:56:20.484021444 - DEBUG: fortiche_shotgun-1.0.0
2024-07-10 06:56:20.485568124 - DEBUG: ffmpeg_utils-1.1.0
2024-07-10 06:56:20.485985341 - DEBUG: ffmpeg_utils-1.2.0
2024-07-10 06:56:20.486310877 - DEBUG: ffmpeg_utils-1.3.0
2024-07-10 06:56:20.486632267 - DEBUG: ffmpeg_utils-1.3.1
2024-07-10 06:56:20.486962331 - DEBUG: ffmpeg_utils-1.3.2
2024-07-10 06:56:20.487342599 - DEBUG: ffmpeg_utils-1.3.3
2024-07-10 06:56:20.487699826 - DEBUG: ffmpeg_utils-1.4.0
2024-07-10 06:56:20.488031330 - DEBUG: ffmpeg_utils-1.4.1
2024-07-10 06:56:20.488357169 - DEBUG: ffmpeg_utils-1.5.0
2024-07-10 06:56:20.488685244 - DEBUG: ffmpeg_utils-1.5.1
2024-07-10 06:56:20.489051903 - DEBUG: ffmpeg_utils-1.6.0
2024-07-10 06:56:20.489784187 - DEBUG: app_launcher-1.3.0
2024-07-10 06:56:20.491088562 - DEBUG: app_launcher-1.4.0
2024-07-10 06:56:20.492316251 - DEBUG: app_launcher-1.4.1
2024-07-10 06:56:20.493500470 - DEBUG: app_launcher-1.5.0
2024-07-10 06:56:20.494618990 - DEBUG: app_launcher-1.6.0
2024-07-10 06:56:20.495790647 - DEBUG: app_launcher-1.6.1
2024-07-10 06:56:20.497111435 - DEBUG: app_launcher-1.7.0
2024-07-10 06:56:20.498244521 - DEBUG: app_launcher-1.8.0
2024-07-10 06:56:20.499473174 - DEBUG: app_launcher-1.9.0
2024-07-10 06:56:20.500669636 - DEBUG: app_launcher-1.9.1
2024-07-10 06:56:20.501878690 - DEBUG: app_launcher-1.9.2
2024-07-10 06:56:20.503117439 - DEBUG: app_launcher-1.10.0
2024-07-10 06:56:20.504317561 - DEBUG: app_launcher-1.11.0
2024-07-10 06:56:20.505457321 - DEBUG: app_launcher-1.12.0
2024-07-10 06:56:20.506586916 - DEBUG: app_launcher-1.13.0
2024-07-10 06:56:20.507937132 - DEBUG: app_launcher-1.14.0
2024-07-10 06:56:20.509071108 - DEBUG: app_launcher-1.15.0
2024-07-10 06:56:20.510168821 - DEBUG: app_launcher-1.16.0
2024-07-10 06:56:20.511449562 - DEBUG: app_launcher-1.17.0
2024-07-10 06:56:20.512617756 - DEBUG: app_launcher-1.18.0
2024-07-10 06:56:20.513803174 - DEBUG: app_launcher-1.19.0
2024-07-10 06:56:20.514961319 - DEBUG: app_launcher-1.20.0
2024-07-10 06:56:20.516102979 - DEBUG: app_launcher-1.21.0
2024-07-10 06:56:20.517600764 - DEBUG: app_launcher-1.22.0
2024-07-10 06:56:20.518782861 - DEBUG: app_launcher-1.23.0
2024-07-10 06:56:20.519971087 - DEBUG: app_launcher-1.24.0
2024-07-10 06:56:20.521065767 - DEBUG: app_launcher-1.25.0
2024-07-10 06:56:20.522154321 - DEBUG: app_launcher-1.26.0
2024-07-10 06:56:20.523285062 - DEBUG: app_launcher-1.26.1
2024-07-10 06:56:20.524443671 - DEBUG: app_launcher-1.27.0
2024-07-10 06:56:20.525580061 - DEBUG: app_launcher-1.28.0
2024-07-10 06:56:20.526668222 - DEBUG: app_launcher-1.28.1
2024-07-10 06:56:20.527893901 - DEBUG: app_launcher-1.28.2
2024-07-10 06:56:20.529061168 - DEBUG: shotgun_sglink_launcher-1.0.0
2024-07-10 06:56:20.530355166 - DEBUG: shotgun_utils-1.0.0
2024-07-10 06:56:20.530405525 - DEBUG: shotgun_utils-1.1.0
2024-07-10 06:56:20.530440679 - DEBUG: shotgun_utils-1.1.1
2024-07-10 06:56:20.530457401 - DEBUG: shotgun_utils-1.2.0
2024-07-10 06:56:20.530475053 - DEBUG: shotgun_utils-1.3.0
2024-07-10 06:56:20.530492248 - DEBUG: shotgun_utils-1.3.1
2024-07-10 06:56:20.530685243 - DEBUG: shotgun_utils-1.3.2
2024-07-10 06:56:20.530870730 - DEBUG: shotgun_utils-1.3.3
2024-07-10 06:56:20.531097076 - DEBUG: shotgun_sglink_launcher-1.1.0
2024-07-10 06:56:20.532447847 - DEBUG: shotgun_sglink_launcher-1.1.1
2024-07-10 06:56:20.533759498 - DEBUG: shotgun_sglink_launcher-1.2.0
2024-07-10 06:56:20.534976737 - DEBUG: shotgun_sglink_launcher-1.2.1
2024-07-10 06:56:20.536269374 - DEBUG: shotgun_sglink_launcher-1.2.2
2024-07-10 06:56:20.537702369 - DEBUG: shotgun_sglink_launcher-1.2.3
2024-07-10 06:56:20.539257086 - DEBUG: shotgun_sglink_launcher-1.3.0
2024-07-10 06:56:20.541558318 - DEBUG: shotgun_sglink_launcher-1.3.1
2024-07-10 06:56:20.544636123 - DEBUG: shotgun_sglink_launcher-1.3.2
2024-07-10 06:56:20.547549889 - DEBUG: shotgun_sglink_launcher-1.3.3
2024-07-10 06:56:20.550093034 - DEBUG: shotgun_sglink_launcher-1.3.4
2024-07-10 06:56:20.553440813 - DEBUG: nested_dict-1.61
2024-07-10 06:56:20.553504717 - DEBUG: cffi-1.15.0
2024-07-10 06:56:20.553517145 - DEBUG: cffi-1.15.1
2024-07-10 06:56:20.553532825 - DEBUG: idna-2.10
2024-07-10 06:56:20.553542687 - DEBUG: idna-3.3
2024-07-10 06:56:20.553551477 - DEBUG: idna-3.4
2024-07-10 06:56:20.553560393 - DEBUG: idna-3.7
2024-07-10 06:56:20.553573725 - DEBUG: asn1crypto-1.5.1
2024-07-10 06:56:20.553636768 - DEBUG: ntplib-0.3.4
2024-07-10 06:56:20.553653702 - DEBUG: boto3-1.17.112
2024-07-10 06:56:20.553709314 - DEBUG: botocore-1.20.112
2024-07-10 06:56:20.553762399 - DEBUG: jmespath-0.10.0
2024-07-10 06:56:20.553824622 - DEBUG: s3transfer-0.4.2
2024-07-10 06:56:20.553857895 - DEBUG: botocore-1.29.130
2024-07-10 06:56:20.553873673 - DEBUG: boto3-1.26.130
2024-07-10 06:56:20.553920311 - DEBUG: fortiche_shotgun-1.1.0
2024-07-10 06:56:20.557029151 - DEBUG: fortiche_shotgun-1.2.0
2024-07-10 06:56:20.560122308 - DEBUG: fortiche_shotgun-1.3.0
2024-07-10 06:56:20.563188575 - DEBUG: fortiche_shotgun-1.3.1
2024-07-10 06:56:20.566423439 - DEBUG: fortiche_shotgun-1.4.0
2024-07-10 06:56:20.569665020 - DEBUG: fortiche_shotgun-1.4.1
2024-07-10 06:56:20.572789971 - DEBUG: fortiche_shotgun-1.4.2
2024-07-10 06:56:20.575861488 - DEBUG: fortiche_shotgun-1.5.0
2024-07-10 06:56:20.578848011 - DEBUG: fortiche_shotgun-1.6.0
2024-07-10 06:56:20.581876664 - DEBUG: fortiche_shotgun-1.7.0
2024-07-10 06:56:20.585120324 - DEBUG: fortiche_shotgun-1.7.1
2024-07-10 06:56:20.585368029 - DEBUG: ntplib-0.4.0
2024-07-10 06:56:20.588425758 - DEBUG: fortiche_shotgun-1.8.0
2024-07-10 06:56:20.591530986 - DEBUG: fortiche_shotgun-1.9.0
2024-07-10 06:56:20.594698242 - DEBUG: fortiche_shotgun-1.9.1
2024-07-10 06:56:20.597952009 - DEBUG: fortiche_shotgun-1.9.2
2024-07-10 06:56:20.601152161 - DEBUG: fortiche_shotgun-1.10.0
2024-07-10 06:56:20.604411330 - DEBUG: fortiche_shotgun-1.11.0
2024-07-10 06:56:20.607984019 - DEBUG: fortiche_shotgun-1.11.1
2024-07-10 06:56:20.611446854 - DEBUG: fortiche_shotgun-1.12.0
2024-07-10 06:56:20.614894824 - DEBUG: fortiche_shotgun-1.12.1
2024-07-10 06:56:20.618404307 - DEBUG: fortiche_shotgun-1.12.2
2024-07-10 06:56:20.621906586 - DEBUG: fortiche_shotgun-1.12.3
2024-07-10 06:56:20.625436030 - DEBUG: fortiche_shotgun-1.13.0
2024-07-10 06:56:20.628959932 - DEBUG: fortiche_shotgun-1.14.0
2024-07-10 06:56:20.632365970 - DEBUG: fortiche_shotgun-1.15.0
2024-07-10 06:56:20.635902579 - DEBUG: fortiche_shotgun-1.16.0
2024-07-10 06:56:20.639560265 - DEBUG: fortiche_shotgun-1.16.1
2024-07-10 06:56:20.643043312 - DEBUG: fortiche_shotgun-1.17.0
2024-07-10 06:56:20.646437519 - DEBUG: fortiche_shotgun-1.18.0
2024-07-10 06:56:20.649883912 - DEBUG: fortiche_shotgun-1.18.1
2024-07-10 06:56:20.653438010 - DEBUG: fortiche_shotgun-1.19.0
2024-07-10 06:56:20.656911684 - DEBUG: fortiche_shotgun-1.19.1
2024-07-10 06:56:20.660484714 - DEBUG: fortiche_shotgun-1.20.0
2024-07-10 06:56:20.664047970 - DEBUG: fortiche_shotgun-1.21.0
2024-07-10 06:56:20.667652800 - DEBUG: fortiche_shotgun-1.21.1
2024-07-10 06:56:20.671226957 - DEBUG: fortiche_shotgun-1.22.0
2024-07-10 06:56:20.674635872 - DEBUG: fortiche_shotgun-1.23.0
2024-07-10 06:56:20.678182210 - DEBUG: fortiche_shotgun-1.24.0
2024-07-10 06:56:20.681730830 - DEBUG: fortiche_shotgun-1.24.1
2024-07-10 06:56:20.685170224 - DEBUG: fortiche_shotgun-1.24.2
2024-07-10 06:56:20.688562876 - DEBUG: fortiche_shotgun-1.24.3
2024-07-10 06:56:20.692031417 - DEBUG: fortiche_shotgun-1.24.4
2024-07-10 06:56:20.695475909 - DEBUG: fortiche_shotgun-1.24.5
2024-07-10 06:56:20.699243178 - DEBUG: fastoche_core-1.1.1
2024-07-10 06:56:20.703521842 - DEBUG: fastoche_core-1.1.2
2024-07-10 06:56:20.707707783 - DEBUG: fastoche_core-1.1.3
2024-07-10 06:56:20.712070983 - DEBUG: fastoche_core-1.1.4
2024-07-10 06:56:20.716392642 - DEBUG: fastoche_core-1.1.5
2024-07-10 06:56:20.720556702 - DEBUG: fastoche_core-1.2.0
2024-07-10 06:56:20.724601040 - DEBUG: fastoche_core-1.2.1
2024-07-10 06:56:20.728616944 - DEBUG: fastoche_core-1.3.0
2024-07-10 06:56:20.732737424 - DEBUG: fastoche_core-1.3.1
2024-07-10 06:56:20.736810694 - DEBUG: fastoche_core-1.3.2
2024-07-10 06:56:20.740870058 - DEBUG: fastoche_core-1.4.0
2024-07-10 06:56:20.744897474 - DEBUG: fastoche_core-1.5.0
2024-07-10 06:56:20.749039125 - DEBUG: fastoche_core-1.6.0
2024-07-10 06:56:20.752956414 - DEBUG: fastoche_core-1.6.1
2024-07-10 06:56:20.756882934 - DEBUG: fastoche_core-1.6.2
2024-07-10 06:56:20.760693970 - DEBUG: fastoche_core-1.7.0
2024-07-10 06:56:20.765060749 - DEBUG: fastoche_core-1.7.1
2024-07-10 06:56:20.769314856 - DEBUG: fastoche_core-1.7.2
2024-07-10 06:56:20.773545545 - DEBUG: fastoche_core-1.7.3
2024-07-10 06:56:20.778061562 - DEBUG: fastoche_core-1.7.4
2024-07-10 06:56:20.782100662 - DEBUG: fastoche_core-1.7.5
2024-07-10 06:56:20.786277929 - DEBUG: fastoche_core-1.8.0
2024-07-10 06:56:20.790314704 - DEBUG: fastoche_core-1.9.0
2024-07-10 06:56:20.794437162 - DEBUG: fastoche_core-1.9.1
2024-07-10 06:56:20.798792718 - DEBUG: fastoche_core-1.9.2
2024-07-10 06:56:20.804204410 - DEBUG: fastoche_core-1.9.3
2024-07-10 06:56:20.809361512 - DEBUG: fastoche_core-1.9.4
2024-07-10 06:56:20.814376778 - DEBUG: fastoche_core-1.10.0
2024-07-10 06:56:20.819404046 - DEBUG: fastoche_core-1.10.1
2024-07-10 06:56:20.823946049 - DEBUG: fastoche_core-1.10.2
2024-07-10 06:56:20.828183009 - DEBUG: fastoche_core-1.11.0
2024-07-10 06:56:20.832267298 - DEBUG: fastoche_core-1.12.0
2024-07-10 06:56:20.836276689 - DEBUG: fastoche_core-1.13.0
2024-07-10 06:56:20.840488120 - DEBUG: fastoche_core-1.13.1
2024-07-10 06:56:20.844628026 - DEBUG: fastoche_core-1.14.0
2024-07-10 06:56:20.848780703 - DEBUG: fastoche_core-1.15.0
2024-07-10 06:56:20.852909218 - DEBUG: fastoche_core-1.16.0
2024-07-10 06:56:20.853420757 - DEBUG: MarkupSafe-1.1.1
2024-07-10 06:56:20.853497726 - DEBUG: MarkupSafe-2.0.1
2024-07-10 06:56:20.857255479 - DEBUG: fastoche_core-1.17.0
2024-07-10 06:56:20.861336134 - DEBUG: fastoche_core-1.17.1
2024-07-10 06:56:20.865551896 - DEBUG: fastoche_core-1.17.2
2024-07-10 06:56:20.869900039 - DEBUG: fastoche_core-1.18.0
2024-07-10 06:56:20.874064169 - DEBUG: fastoche_core-1.19.0
2024-07-10 06:56:20.879622980 - DEBUG: fastoche_guerilla-1.1.0
2024-07-10 06:56:20.884085206 - DEBUG: fastoche_guerilla-1.2.0
2024-07-10 06:56:20.888710369 - DEBUG: fastoche_guerilla-1.3.0
2024-07-10 06:56:20.893336550 - DEBUG: fastoche_guerilla-1.3.1
2024-07-10 06:56:20.897723740 - DEBUG: fastoche_guerilla-1.4.0
2024-07-10 06:56:20.902301102 - DEBUG: fastoche_guerilla-1.5.0
2024-07-10 06:56:20.907374214 - DEBUG: fastoche_guerilla-1.5.1
2024-07-10 06:56:20.911917902 - DEBUG: fastoche_guerilla-1.5.2
2024-07-10 06:56:20.916288162 - DEBUG: fastoche_guerilla-1.6.0
2024-07-10 06:56:20.920643307 - DEBUG: fastoche_guerilla-1.7.0
2024-07-10 06:56:20.924839910 - DEBUG: fastoche_guerilla-1.9.1
2024-07-10 06:56:20.929199000 - DEBUG: fastoche_guerilla-1.10.0
2024-07-10 06:56:20.933858715 - DEBUG: fastoche_guerilla-1.11.0
2024-07-10 06:56:20.938271634 - DEBUG: fastoche_guerilla-1.11.1
2024-07-10 06:56:20.942619306 - DEBUG: fastoche_guerilla-1.11.2
2024-07-10 06:56:20.947096621 - DEBUG: fastoche_guerilla-1.12.0
2024-07-10 06:56:20.951597706 - DEBUG: fastoche_guerilla-1.12.1
2024-07-10 06:56:20.955997990 - DEBUG: fastoche_guerilla-1.13.0
2024-07-10 06:56:20.960397512 - DEBUG: fastoche_guerilla-1.13.1
2024-07-10 06:56:20.964898976 - DEBUG: fastoche_guerilla-1.13.2
2024-07-10 06:56:20.969580720 - DEBUG: fastoche_guerilla-1.14.0
2024-07-10 06:56:20.974001392 - DEBUG: fastoche_guerilla-1.15.0
2024-07-10 06:56:20.978505687 - DEBUG: fastoche_guerilla-1.16.0
2024-07-10 06:56:20.983012487 - DEBUG: fastoche_guerilla-1.16.1
2024-07-10 06:56:20.987498277 - DEBUG: fastoche_guerilla-1.17.0
2024-07-10 06:56:20.992064433 - DEBUG: fastoche_guerilla-1.17.1
2024-07-10 06:56:20.996783177 - DEBUG: fastoche_guerilla-1.18.0
2024-07-10 06:56:21.001502746 - DEBUG: fastoche_guerilla-1.18.1
2024-07-10 06:56:21.006155358 - DEBUG: fastoche_guerilla-1.18.2
2024-07-10 06:56:21.010647787 - DEBUG: fastoche_guerilla-1.18.3
2024-07-10 06:56:21.015469769 - DEBUG: fastoche_guerilla-1.18.4
2024-07-10 06:56:21.020108899 - DEBUG: fastoche_guerilla-1.19.0
2024-07-10 06:56:21.024482440 - DEBUG: fastoche_guerilla-1.20.0
2024-07-10 06:56:21.029384365 - DEBUG: fastoche_guerilla-1.21.0
2024-07-10 06:56:21.033724798 - DEBUG: fastoche_guerilla-1.21.1
2024-07-10 06:56:21.039495220 - DEBUG: appy-1.0.0
2024-07-10 06:56:21.039734838 - DEBUG: templaters-1.0.0
2024-07-10 06:56:21.042013519 - DEBUG: templaters-1.1.0
2024-07-10 06:56:21.044406823 - DEBUG: templaters-1.1.1
2024-07-10 06:56:21.046704567 - DEBUG: templaters-1.2.0
2024-07-10 06:56:21.049000761 - DEBUG: templaters-1.2.1
2024-07-10 06:56:21.053510403 - DEBUG: cryptography-2.2.2
2024-07-10 06:56:21.053602965 - DEBUG: cryptography-2.2.2-pkg.0
2024-07-10 06:56:21.053613205 - DEBUG: cryptography-2.2.2-pkg.1
2024-07-10 06:56:21.053631945 - DEBUG: appy-1.0.1
2024-07-10 06:56:21.056060239 - DEBUG: appy-1.0.2
2024-07-10 06:56:21.058626331 - DEBUG: appy-1.0.3
2024-07-10 06:56:21.061221395 - DEBUG: appy-1.0.4
2024-07-10 06:56:21.063806260 - DEBUG: appy-1.1.0
2024-07-10 06:56:21.066326628 - DEBUG: appy-1.2.0
2024-07-10 06:56:21.067352741 - DEBUG: cryptography-2.9.2
2024-07-10 06:56:21.069175252 - DEBUG: appy-1.2.1
2024-07-10 06:56:21.072007788 - DEBUG: appy-1.3.0
2024-07-10 06:56:21.074927413 - DEBUG: appy-1.3.1
2024-07-10 06:56:21.077653944 - DEBUG: appy-1.3.2
2024-07-10 06:56:21.080378181 - DEBUG: appy-1.4.0
2024-07-10 06:56:21.083083916 - DEBUG: appy-1.5.0
2024-07-10 06:56:21.085747625 - DEBUG: appy-1.5.1
2024-07-10 06:56:21.088459162 - DEBUG: appy-1.5.2
2024-07-10 11:01:34.316121477 - INFO: Context name: b6c9ca98-e9af-4400-bd40-80e8d75e3b0a
2024-07-10 11:01:34.320377311 - DEBUG: python-2.7-inside-fbox-pkg.0
2024-07-10 11:01:34.320577286 - DEBUG: PySide2-5.12-inside-mari-5.0-pkg.0
2024-07-10 11:01:34.320637960 - DEBUG: shiboken2-5.12.0
2024-07-10 11:01:34.320722467 - DEBUG: urllib3-1.26.9
2024-07-10 11:01:34.320740747 - DEBUG: pycparser-2.21
2024-07-10 11:01:34.320777796 - DEBUG: et_xmlfile-1.0.1
2024-07-10 11:01:34.320798865 - DEBUG: smmap2-3.0.1
2024-07-10 11:01:34.320820350 - DEBUG: smmap-3.0.5
2024-07-10 11:01:34.320834338 - DEBUG: six-1.11.0
2024-07-10 11:01:34.320869919 - DEBUG: requests-2.13.0
2024-07-10 11:01:34.320976705 - DEBUG: urllib3-1.26.12
2024-07-10 11:01:34.321011422 - DEBUG: urllib3-1.26.15
2024-07-10 11:01:34.321035383 - DEBUG: certifi-2021.10.8
2024-07-10 11:01:34.321099641 - DEBUG: certifi-2022.5.18.1
2024-07-10 11:01:34.321147575 - DEBUG: certifi-2022.12.7
2024-07-10 11:01:34.321194854 - DEBUG: certifi-2023.5.7
2024-07-10 11:01:34.321273471 - DEBUG: certifi-2024.6.2
2024-07-10 11:01:34.321318861 - DEBUG: requests-2.27.1
2024-07-10 11:01:34.321392894 - DEBUG: requests-2.28.2
2024-07-10 11:01:34.321403968 - DEBUG: requests-2.30.0
2024-07-10 11:01:34.321411245 - DEBUG: requests-2.31.0
2024-07-10 11:01:34.321417509 - DEBUG: requests-2.32.3
2024-07-10 11:01:34.321423921 - DEBUG: six-1.16.0
2024-07-10 11:01:34.321471224 - DEBUG: et_xmlfile-1.1.0
2024-07-10 11:01:34.321497292 - DEBUG: jdcal-1.4.1
2024-07-10 11:01:34.321510019 - DEBUG: timecode-1.3.1
2024-07-10 11:01:34.321607089 - DEBUG: PySide2-5.12.0
2024-07-10 11:01:34.321646266 - DEBUG: PySide2-5.12.6-inside-nuke-13.2-pkg.0
2024-07-10 11:01:34.321689571 - DEBUG: PySide2-5.15-inside-nuke-14.0-pkg.0
2024-07-10 11:01:34.321729899 - DEBUG: PySide2-5.15.2-inside-houdini-19.5-pkg.0
2024-07-10 11:01:34.321770238 - DEBUG: PySide2-5.15.2.1
2024-07-10 11:01:34.321826337 - DEBUG: shiboken2-5.15.2.1
2024-07-10 11:01:34.321936189 - DEBUG: PySide2-5.15.2.1-pkg.1
2024-07-10 11:01:34.321998699 - DEBUG: python-2.7-inside-guerilla-2.3-pkg.0
2024-07-10 11:01:34.322159962 - DEBUG: PySide2-5.15.2-inside-maya-2022-pkg.0
2024-07-10 11:01:34.322259759 - DEBUG: python-2.7-inside-maya-2018-pkg.0
2024-07-10 11:01:34.322374396 - DEBUG: OpenTimelineIO-0.14.0
2024-07-10 11:01:34.322387846 - DEBUG: OpenTimelineIO-0.14.1
2024-07-10 11:01:34.322395000 - DEBUG: OpenTimelineIO-0.15-inside-nuke-14.0-pkg.0
2024-07-10 11:01:34.322429915 - DEBUG: rez-2.104.7
2024-07-10 11:01:34.322603875 - DEBUG: python-2.7-inside-maya-2022-pkg.0
2024-07-10 11:01:34.322733940 - DEBUG: OpenTimelineIO-0.15.0
2024-07-10 11:01:34.322843002 - DEBUG: python-2.7-pkg.0
2024-07-10 11:01:34.323012654 - DEBUG: python-2.7-pkg.1
2024-07-10 11:01:34.323183386 - DEBUG: python-3.7-inside-mari-5.0-pkg.0
2024-07-10 11:01:34.323346073 - DEBUG: python-3.7-inside-mari-5.0-pkg.1
2024-07-10 11:01:34.323545156 - DEBUG: python-3.7-inside-mari-5.0-pkg.2
2024-07-10 11:01:34.323708480 - DEBUG: python-3.7-inside-maya-2022-pkg.0
2024-07-10 11:01:34.324015339 - DEBUG: python-3.7-inside-maya-2022-pkg.1
2024-07-10 11:01:34.324231208 - DEBUG: python-3.7-inside-maya-2022-pkg.2
2024-07-10 11:01:34.324376980 - DEBUG: python-3.7-inside-nuke-13.2-pkg.0
2024-07-10 11:01:34.324599166 - DEBUG: python-3.7-inside-nuke-13.2-pkg.1
2024-07-10 11:01:34.324743524 - DEBUG: python-3.7-pkg.0
2024-07-10 11:01:34.324926951 - DEBUG: python-3.7-pkg.1
2024-07-10 11:01:34.325211777 - DEBUG: python-3.9-inside-houdini-19.5-pkg.0
2024-07-10 11:01:34.325447771 - DEBUG: python-3.9-inside-houdini-19.5-pkg.1
2024-07-10 11:01:34.325618791 - DEBUG: python-3.9-inside-nuke-14.0-pkg.0
2024-07-10 11:01:34.325727224 - DEBUG: OpenTimelineIO-0.14.0-inside-nuke-13.2-pkg.0
2024-07-10 11:01:34.325882746 - DEBUG: python-3.9-inside-nuke-14.0-pkg.1
2024-07-10 11:01:34.326070152 - DEBUG: python-3.9-pkg.0
2024-07-10 11:01:34.326299049 - DEBUG: python-3.9-pkg.1
2024-07-10 11:01:34.326474612 - DEBUG: python-3.10-inside-blender-3.6-pkg.0
2024-07-10 11:01:34.327006694 - DEBUG: fortiche_shotgun-1.12.4
2024-07-10 11:01:34.327421583 - DEBUG: app_launcher-1.1.0
2024-07-10 11:01:34.327573703 - DEBUG: templating_utils-1.0.0
2024-07-10 11:01:34.327616852 - DEBUG: Jinja2-2.10
2024-07-10 11:01:34.327627538 - DEBUG: templating_utils-1.0.1
2024-07-10 11:01:34.327660081 - DEBUG: templating_utils-1.0.2
2024-07-10 11:01:34.327689321 - DEBUG: Jinja2-2.11.3
2024-07-10 11:01:34.327699468 - DEBUG: templating_utils-1.0.3
2024-07-10 11:01:34.327890710 - DEBUG: os_utils-1.0.1
2024-07-10 11:01:34.328129168 - DEBUG: fastoche_core-1.0.0
2024-07-10 11:01:34.328302726 - DEBUG: shotgun_api3-3.0.41
2024-07-10 11:01:34.328341836 - DEBUG: httplib2-0.20.4
2024-07-10 11:01:34.328393991 - DEBUG: text_unidecode-1.2
2024-07-10 11:01:34.328478732 - DEBUG: uritemplate-3.0.1
2024-07-10 11:01:34.328505751 - DEBUG: google_auth_httplib2-0.1.0
2024-07-10 11:01:34.328542431 - DEBUG: google_auth-2.6.2
2024-07-10 11:01:34.328566172 - DEBUG: httplib2-0.11.3
2024-07-10 11:01:34.328618352 - DEBUG: python_dateutil-2.8.2
2024-07-10 11:01:34.328670243 - DEBUG: shotgun_api3-3.3.4
2024-07-10 11:01:34.328708907 - DEBUG: shotgun_api3-3.3.5
2024-07-10 11:01:34.328749464 - DEBUG: scandir-1.7
2024-07-10 11:01:34.328797792 - DEBUG: enum34-1.1.6
2024-07-10 11:01:34.328848001 - DEBUG: fishbowl-1.0.0
2024-07-10 11:01:34.328901080 - DEBUG: fishbowl-1.0.1
2024-07-10 11:01:34.328968668 - DEBUG: fishbowl-1.0.2
2024-07-10 11:01:34.329015826 - DEBUG: fishbowl-1.1.0
2024-07-10 11:01:34.329071725 - DEBUG: fishbowl-1.1.2
2024-07-10 11:01:34.329137279 - DEBUG: configparser-3.5.0
2024-07-10 11:01:34.329276383 - DEBUG: configparser-3.8.1
2024-07-10 11:01:34.329288359 - DEBUG: configparser-4.0.2
2024-07-10 11:01:34.329395347 - DEBUG: python_patch2run3-1.7.0
2024-07-10 11:01:34.329432627 - DEBUG: future-0.16.0
2024-07-10 11:01:34.329531588 - DEBUG: future-0.18.2
2024-07-10 11:01:34.329609826 - DEBUG: future-0.18.3
2024-07-10 11:01:34.329690549 - DEBUG: python_patch2run3-1.7.1
2024-07-10 11:01:34.329715921 - DEBUG: python_patch2run3-1.7.2
2024-07-10 11:01:34.329735105 - DEBUG: python_patch2run3-1.7.3
2024-07-10 11:01:34.329763479 - DEBUG: fishbowl-1.1.3
2024-07-10 11:01:34.330011996 - DEBUG: fishbowl-1.2.0
2024-07-10 11:01:34.330178600 - DEBUG: fishbowl-1.3.0
2024-07-10 11:01:34.330460244 - DEBUG: python_utils-1.0.0
2024-07-10 11:01:34.330589994 - DEBUG: carbon-1.0.0
2024-07-10 11:01:34.330972368 - DEBUG: python_utils-1.0.1
2024-07-10 11:01:34.331059438 - DEBUG: python_utils-1.0.2
2024-07-10 11:01:34.331097620 - DEBUG: python_utils-1.1.0
2024-07-10 11:01:34.331129228 - DEBUG: python_utils-1.2.1
2024-07-10 11:01:34.331162179 - DEBUG: python_utils-1.3.0
2024-07-10 11:01:34.331191272 - DEBUG: python_utils-1.4.0
2024-07-10 11:01:34.331255166 - DEBUG: python_utils-1.4.1
2024-07-10 11:01:34.331307270 - DEBUG: python_utils-1.4.2
2024-07-10 11:01:34.331370410 - DEBUG: python_utils-1.4.3
2024-07-10 11:01:34.331396164 - DEBUG: python_utils-1.5.0
2024-07-10 11:01:34.331426762 - DEBUG: python_utils-1.6.0
2024-07-10 11:01:34.331464757 - DEBUG: python_utils-1.6.1
2024-07-10 11:01:34.331531548 - DEBUG: python_utils-1.7.0
2024-07-10 11:01:34.331570408 - DEBUG: python_utils-1.7.1
2024-07-10 11:01:34.331608208 - DEBUG: python_utils-1.7.2
2024-07-10 11:01:34.331647652 - DEBUG: python_utils-1.8.0
2024-07-10 11:01:34.331687252 - DEBUG: python_utils-1.8.1
2024-07-10 11:01:34.331727098 - DEBUG: python_utils-1.8.2
2024-07-10 11:01:34.331783084 - DEBUG: python_utils-1.8.3
2024-07-10 11:01:34.331839017 - DEBUG: python_utils-1.8.4
2024-07-10 11:01:34.331881222 - DEBUG: python_utils-1.9.0
2024-07-10 11:01:34.331956083 - DEBUG: python_utils-1.10.0
2024-07-10 11:01:34.332005437 - DEBUG: python_utils-1.10.1
2024-07-10 11:01:34.332054097 - DEBUG: python_utils-1.10.2
2024-07-10 11:01:34.332099517 - DEBUG: python_utils-1.10.3
2024-07-10 11:01:34.332148556 - DEBUG: python_utils-1.10.4
2024-07-10 11:01:34.332195846 - DEBUG: python_utils-1.10.5
2024-07-10 11:01:34.332263437 - DEBUG: python_utils-1.10.6
2024-07-10 11:01:34.332310789 - DEBUG: python_utils-1.10.7
2024-07-10 11:01:34.332360092 - DEBUG: python_utils-1.10.8
2024-07-10 11:01:34.332408108 - DEBUG: python_utils-1.11.0
2024-07-10 11:01:34.332458594 - DEBUG: python_utils-1.11.1
2024-07-10 11:01:34.332507853 - DEBUG: python_utils-1.12.0
2024-07-10 11:01:34.332558601 - DEBUG: python_utils-1.12.1
2024-07-10 11:01:34.332610676 - DEBUG: python_utils-1.13.0
2024-07-10 11:01:34.332669000 - DEBUG: carbon-1.0.1
2024-07-10 11:01:34.333578050 - DEBUG: carbon-1.1.0
2024-07-10 11:01:34.334564821 - DEBUG: carbon-1.1.1
2024-07-10 11:01:34.335580779 - DEBUG: carbon-1.1.3
2024-07-10 11:01:34.336692481 - DEBUG: carbon-1.1.4
2024-07-10 11:01:34.337621194 - DEBUG: carbon-1.1.5
2024-07-10 11:01:34.338539835 - DEBUG: carbon-1.1.6
2024-07-10 11:01:34.339401785 - DEBUG: carbon-1.1.7
2024-07-10 11:01:34.340455501 - DEBUG: guerilla_utils-1.0.0
2024-07-10 11:01:34.340539584 - DEBUG: networkx-2.2
2024-07-10 11:01:34.341474119 - DEBUG: guerilla_utils-1.0.1
2024-07-10 11:01:34.342311918 - DEBUG: guerilla_utils-1.1.0
2024-07-10 11:01:34.343166829 - DEBUG: guerilla_utils-1.2.0
2024-07-10 11:01:34.344122257 - DEBUG: networkx-1.11
2024-07-10 11:01:34.344154630 - DEBUG: decorator-4.4.2
2024-07-10 11:01:34.344167098 - DEBUG: decorator-5.1.1
2024-07-10 11:01:34.344184078 - DEBUG: guerilla_utils-1.3.0
2024-07-10 11:01:34.345051585 - DEBUG: guerilla_utils-1.4.0
2024-07-10 11:01:34.345927649 - DEBUG: guerilla_utils-1.5.0
2024-07-10 11:01:34.346848540 - DEBUG: guerilla_utils-1.6.0
2024-07-10 11:01:34.347904207 - DEBUG: guerilla_utils-1.7.0
2024-07-10 11:01:34.348765683 - DEBUG: guerilla_utils-1.8.0
2024-07-10 11:01:34.349582145 - DEBUG: guerilla_utils-1.8.1
2024-07-10 11:01:34.350440629 - DEBUG: guerilla_utils-1.9.0
2024-07-10 11:01:34.351460551 - DEBUG: guerilla_utils-1.9.1
2024-07-10 11:01:34.351553258 - DEBUG: networkx-2.6.3
2024-07-10 11:01:34.351563091 - DEBUG: networkx-2.8.8
2024-07-10 11:01:34.352393184 - DEBUG: guerilla_utils-1.9.2
2024-07-10 11:01:34.353216746 - DEBUG: guerilla_utils-1.9.3
2024-07-10 11:01:34.354078536 - DEBUG: qt_utils-1.0.1
2024-07-10 11:01:34.354947448 - DEBUG: python_patch2run3-1.0.0
2024-07-10 11:01:34.354976662 - DEBUG: python_patch2run3-1.1.0
2024-07-10 11:01:34.354996726 - DEBUG: python_patch2run3-1.2.0
2024-07-10 11:01:34.355015691 - DEBUG: python_patch2run3-1.2.1
2024-07-10 11:01:34.355034788 - DEBUG: python_patch2run3-1.2.2
2024-07-10 11:01:34.355057777 - DEBUG: python_patch2run3-1.3.0
2024-07-10 11:01:34.355096212 - DEBUG: python_patch2run3-1.3.1
2024-07-10 11:01:34.355117324 - DEBUG: python_patch2run3-1.3.2
2024-07-10 11:01:34.355142610 - DEBUG: python_patch2run3-1.4.0
2024-07-10 11:01:34.355165719 - DEBUG: python_patch2run3-1.4.1
2024-07-10 11:01:34.355187770 - DEBUG: python_patch2run3-1.5.0
2024-07-10 11:01:34.355213400 - DEBUG: python_patch2run3-1.6.0
2024-07-10 11:01:34.355240843 - DEBUG: python_patch2run3-1.6.1
2024-07-10 11:01:34.355268403 - DEBUG: python_patch2run3-1.6.2
2024-07-10 11:01:34.355315783 - DEBUG: qt_utils-1.0.2
2024-07-10 11:01:34.356104017 - DEBUG: qt_utils-1.0.3
2024-07-10 11:01:34.356894218 - DEBUG: qt_utils-1.0.4
2024-07-10 11:01:34.357680679 - DEBUG: qt_utils-1.1.0
2024-07-10 11:01:34.358823124 - DEBUG: qt_utils-1.1.1
2024-07-10 11:01:34.360005500 - DEBUG: qt_utils-1.1.2
2024-07-10 11:01:34.360997424 - DEBUG: qt_utils-1.2.0
2024-07-10 11:01:34.362068471 - DEBUG: qt_utils-1.2.1
2024-07-10 11:01:34.363038024 - DEBUG: qt_utils-1.3.0
2024-07-10 11:01:34.364136775 - DEBUG: fastoche_guerilla-1.0.0
2024-07-10 11:01:34.364247929 - DEBUG: click-6.7
2024-07-10 11:01:34.364452604 - DEBUG: os_utils-1.0.2
2024-07-10 11:01:34.364656423 - DEBUG: os_utils-1.0.3
2024-07-10 11:01:34.365701398 - DEBUG: psutil-5.4.0
2024-07-10 11:01:34.365806971 - DEBUG: psutil-5.9.4
2024-07-10 11:01:34.366059265 - DEBUG: os_utils-1.0.4
2024-07-10 11:01:34.366328765 - DEBUG: os_utils-1.1.0
2024-07-10 11:01:34.366605479 - DEBUG: os_utils-1.2.0
2024-07-10 11:01:34.366878955 - DEBUG: os_utils-1.3.0
2024-07-10 11:01:34.368148842 - DEBUG: os_utils-1.4.0
2024-07-10 11:01:34.368454020 - DEBUG: os_utils-1.4.1
2024-07-10 11:01:34.369551608 - DEBUG: os_utils-1.5.0
2024-07-10 11:01:34.370530886 - DEBUG: os_utils-1.5.1
2024-07-10 11:01:34.370751422 - DEBUG: os_utils-1.6.0
2024-07-10 11:01:34.370959258 - DEBUG: os_utils-1.6.1
2024-07-10 11:01:34.371192371 - DEBUG: os_utils-1.6.2
2024-07-10 11:01:34.372250057 - DEBUG: os_utils-1.6.3
2024-07-10 11:01:34.373227076 - DEBUG: os_utils-1.7.0
2024-07-10 11:01:34.374204833 - DEBUG: os_utils-1.7.1
2024-07-10 11:01:34.375187532 - DEBUG: os_utils-1.8.0
2024-07-10 11:01:34.376259033 - DEBUG: os_utils-1.9.0
2024-07-10 11:01:34.377358763 - DEBUG: os_utils-1.9.1
2024-07-10 11:01:34.378426539 - DEBUG: os_utils-1.9.2
2024-07-10 11:01:34.379550625 - DEBUG: os_utils-1.9.3
2024-07-10 11:01:34.380833191 - DEBUG: os_utils-1.9.4
2024-07-10 11:01:34.382479376 - DEBUG: fortiche_core-1.0.0
2024-07-10 11:01:34.383235372 - DEBUG: termcolor-1.1.0
2024-07-10 11:01:34.383392111 - DEBUG: sentry_sdk-0.10.2
2024-07-10 11:01:34.383413358 - DEBUG: numpy-1.16.4
2024-07-10 11:01:34.383556784 - DEBUG: python_dependency_scan-1.0.0
2024-07-10 11:01:34.383701792 - DEBUG: importlib_metadata-1.6.0
2024-07-10 11:01:34.383730385 - DEBUG: zipp-1.2.0
2024-07-10 11:01:34.383758984 - DEBUG: zipp-3.15.0
2024-07-10 11:01:34.383789774 - DEBUG: pyyed-1.4.3
2024-07-10 11:01:34.383814308 - DEBUG: pyasn1-0.4.8
2024-07-10 11:01:34.383900508 - DEBUG: more_itertools-4.1.0
2024-07-10 11:01:34.383946284 - DEBUG: python_dependency_scan-1.0.1
2024-07-10 11:01:34.384105981 - DEBUG: python_dependency_scan-1.0.2
2024-07-10 11:01:34.384238780 - DEBUG: python_dependency_scan-1.0.3
2024-07-10 11:01:34.384387840 - DEBUG: pydeps-1.10.12
2024-07-10 11:01:34.384421221 - DEBUG: stdlib_list-0.8.0
2024-07-10 11:01:34.384455695 - DEBUG: python_dependency_scan-1.0.4
2024-07-10 11:01:34.384552410 - DEBUG: importlib_metadata-1.7.0
2024-07-10 11:01:34.384585999 - DEBUG: pyyed-1.5.0
2024-07-10 11:01:34.384617725 - DEBUG: enum34-1.1.10
2024-07-10 11:01:34.384636383 - DEBUG: python_dependency_scan-1.1.0
2024-07-10 11:01:34.384789486 - DEBUG: python_dependency_scan-1.1.1
2024-07-10 11:01:34.385224245 - DEBUG: python_dependency_scan-1.1.2
2024-07-10 11:01:34.385624414 - DEBUG: python_dependency_scan-1.1.3
2024-07-10 11:01:34.386000730 - DEBUG: python_dependency_scan-1.1.4
2024-07-10 11:01:34.386365627 - DEBUG: python_dependency_scan-1.1.5
2024-07-10 11:01:34.386670017 - DEBUG: python_dependency_scan-1.1.6
2024-07-10 11:01:34.387064705 - DEBUG: jsmin-2.2.2
2024-07-10 11:01:34.387982536 - DEBUG: fortiche_core-1.1.0
2024-07-10 11:01:34.389520339 - DEBUG: fortiche_core-1.1.1
2024-07-10 11:01:34.391206996 - DEBUG: fortiche_core-1.2.0
2024-07-10 11:01:34.393322765 - DEBUG: fortiche_core-1.3.0
2024-07-10 11:01:34.395322988 - DEBUG: fortiche_core-1.3.1
2024-07-10 11:01:34.397232716 - DEBUG: fortiche_core-1.3.2
2024-07-10 11:01:34.399205483 - DEBUG: fortiche_core-1.3.3
2024-07-10 11:01:34.400900926 - DEBUG: fortiche_core-1.3.4
2024-07-10 11:01:34.401198073 - DEBUG: numpy-1.16.6
2024-07-10 11:01:34.401260308 - DEBUG: numpy-1.21.6
2024-07-10 11:01:34.402196431 - DEBUG: scandir-1.10.0
2024-07-10 11:01:34.402818368 - DEBUG: fortiche_core-1.3.5
2024-07-10 11:01:34.404431481 - DEBUG: fortiche_core-1.3.6
2024-07-10 11:01:34.406094832 - DEBUG: fortiche_core-1.4.0
2024-07-10 11:01:34.407552035 - DEBUG: click-8.1.3
2024-07-10 11:01:34.407872946 - DEBUG: fortiche_core-1.4.1
2024-07-10 11:01:34.409645717 - DEBUG: fortiche_core-1.5.0
2024-07-10 11:01:34.411262522 - DEBUG: fortiche_core-1.6.0
2024-07-10 11:01:34.412930759 - DEBUG: fortiche_core-1.6.1
2024-07-10 11:01:34.414603660 - DEBUG: fortiche_core-1.7.0
2024-07-10 11:01:34.416267776 - DEBUG: fortiche_core-1.7.1
2024-07-10 11:01:34.417780984 - DEBUG: fortiche_core-1.8.0
2024-07-10 11:01:34.419401076 - DEBUG: fortiche_core-1.8.1
2024-07-10 11:01:34.421009317 - DEBUG: fortiche_core-1.8.2
2024-07-10 11:01:34.422657884 - DEBUG: fortiche_core-1.8.3
2024-07-10 11:01:34.424488008 - DEBUG: fortiche_core-1.9.0
2024-07-10 11:01:34.426039090 - DEBUG: fortiche_core-1.9.1
2024-07-10 11:01:34.427944862 - DEBUG: fortiche_core-1.10.0
2024-07-10 11:01:34.429657902 - DEBUG: fortiche_core-1.10.1
2024-07-10 11:01:34.431264340 - DEBUG: fortiche_core-1.11.0
2024-07-10 11:01:34.433142283 - DEBUG: fortiche_core-1.11.1
2024-07-10 11:01:34.434884440 - DEBUG: fortiche_core-1.11.2
2024-07-10 11:01:34.436629039 - DEBUG: fortiche_core-1.11.3
2024-07-10 11:01:34.438292032 - DEBUG: fortiche_core-1.11.4
2024-07-10 11:01:34.440036542 - DEBUG: fortiche_core-1.12.0
2024-07-10 11:01:34.441665699 - DEBUG: fortiche_core-1.13.0
2024-07-10 11:01:34.443219024 - DEBUG: fortiche_core-1.14.0
2024-07-10 11:01:34.444862591 - DEBUG: fortiche_core-1.14.1
2024-07-10 11:01:34.446471635 - DEBUG: fortiche_core-1.14.2
2024-07-10 11:01:34.448172931 - DEBUG: fortiche_core-1.15.0
2024-07-10 11:01:34.450191768 - DEBUG: fortiche_core-1.16.0
2024-07-10 11:01:34.451915210 - DEBUG: fortiche_core-1.17.0
2024-07-10 11:01:34.453478437 - DEBUG: fortiche_core-1.18.0
2024-07-10 11:01:34.455171419 - DEBUG: fortiche_core-1.19.0
2024-07-10 11:01:34.456786264 - DEBUG: fortiche_core-1.20.0
2024-07-10 11:01:34.458609465 - DEBUG: fortiche_core-1.20.1
2024-07-10 11:01:34.460456875 - DEBUG: fortiche_core-1.20.2
2024-07-10 11:01:34.462297090 - DEBUG: fortiche_core-1.21.0
2024-07-10 11:01:34.463968012 - DEBUG: fortiche_core-1.21.1
2024-07-10 11:01:34.465569831 - DEBUG: fortiche_core-1.22.0
2024-07-10 11:01:34.467094016 - DEBUG: fortiche_core-1.23.0
2024-07-10 11:01:34.469076869 - DEBUG: fastoche_core-1.1.0
2024-07-10 11:01:34.471864460 - DEBUG: horizon-1.0.0
2024-07-10 11:01:34.474219639 - DEBUG: horizon-1.1.0
2024-07-10 11:01:34.476588719 - DEBUG: horizon-1.1.1
2024-07-10 11:01:34.478799329 - DEBUG: horizon-1.2.0
2024-07-10 11:01:34.481080969 - DEBUG: horizon-1.3.0
2024-07-10 11:01:34.482049328 - DEBUG: fortiche_qt-1.0.0
2024-07-10 11:01:34.483708835 - DEBUG: fortiche_qt-1.0.1
2024-07-10 11:01:34.485130049 - DEBUG: fortiche_qt-1.0.2
2024-07-10 11:01:34.488111685 - DEBUG: horizon-1.3.1
2024-07-10 11:01:34.491345386 - DEBUG: horizon-1.3.2
2024-07-10 11:01:34.493768115 - DEBUG: horizon-1.4.0
2024-07-10 11:01:34.496379381 - DEBUG: horizon-1.4.1
2024-07-10 11:01:34.498866483 - DEBUG: horizon-1.5.0
2024-07-10 11:01:34.501727416 - DEBUG: horizon-1.6.0
2024-07-10 11:01:34.504160902 - DEBUG: horizon-1.7.0
2024-07-10 11:01:34.506725980 - DEBUG: horizon-1.7.1
2024-07-10 11:01:34.509588724 - DEBUG: horizon-1.8.0
2024-07-10 11:01:34.511949094 - DEBUG: horizon-1.9.0
2024-07-10 11:01:34.514295214 - DEBUG: horizon-1.10.0
2024-07-10 11:01:34.516774452 - DEBUG: fortiche_shotgun-1.0.0
2024-07-10 11:01:34.518243943 - DEBUG: ffmpeg_utils-1.1.0
2024-07-10 11:01:34.518615498 - DEBUG: ffmpeg_utils-1.2.0
2024-07-10 11:01:34.519019412 - DEBUG: ffmpeg_utils-1.3.0
2024-07-10 11:01:34.519381553 - DEBUG: ffmpeg_utils-1.3.1
2024-07-10 11:01:34.519753438 - DEBUG: ffmpeg_utils-1.3.2
2024-07-10 11:01:34.520259767 - DEBUG: ffmpeg_utils-1.3.3
2024-07-10 11:01:34.520660645 - DEBUG: ffmpeg_utils-1.4.0
2024-07-10 11:01:34.521139069 - DEBUG: ffmpeg_utils-1.4.1
2024-07-10 11:01:34.521541796 - DEBUG: ffmpeg_utils-1.5.0
2024-07-10 11:01:34.521970160 - DEBUG: ffmpeg_utils-1.5.1
2024-07-10 11:01:34.522467194 - DEBUG: ffmpeg_utils-1.6.0
2024-07-10 11:01:34.523219911 - DEBUG: app_launcher-1.3.0
2024-07-10 11:01:34.524612914 - DEBUG: app_launcher-1.4.0
2024-07-10 11:01:34.525789125 - DEBUG: app_launcher-1.4.1
2024-07-10 11:01:34.526950497 - DEBUG: app_launcher-1.5.0
2024-07-10 11:01:34.528588847 - DEBUG: app_launcher-1.6.0
2024-07-10 11:01:34.529751321 - DEBUG: app_launcher-1.6.1
2024-07-10 11:01:34.531042716 - DEBUG: app_launcher-1.7.0
2024-07-10 11:01:34.532327720 - DEBUG: app_launcher-1.8.0
2024-07-10 11:01:34.533485090 - DEBUG: app_launcher-1.9.0
2024-07-10 11:01:34.534736763 - DEBUG: app_launcher-1.9.1
2024-07-10 11:01:34.536026024 - DEBUG: app_launcher-1.9.2
2024-07-10 11:01:34.537468611 - DEBUG: app_launcher-1.10.0
2024-07-10 11:01:34.538893994 - DEBUG: app_launcher-1.11.0
2024-07-10 11:01:34.540272499 - DEBUG: app_launcher-1.12.0
2024-07-10 11:01:34.541479774 - DEBUG: app_launcher-1.13.0
2024-07-10 11:01:34.542718658 - DEBUG: app_launcher-1.14.0
2024-07-10 11:01:34.544016276 - DEBUG: app_launcher-1.15.0
2024-07-10 11:01:34.545251226 - DEBUG: app_launcher-1.16.0
2024-07-10 11:01:34.546474701 - DEBUG: app_launcher-1.17.0
2024-07-10 11:01:34.547678945 - DEBUG: app_launcher-1.18.0
2024-07-10 11:01:34.548830163 - DEBUG: app_launcher-1.19.0
2024-07-10 11:01:34.550179738 - DEBUG: app_launcher-1.20.0
2024-07-10 11:01:34.551435703 - DEBUG: app_launcher-1.21.0
2024-07-10 11:01:34.552631421 - DEBUG: app_launcher-1.22.0
2024-07-10 11:01:34.554120240 - DEBUG: app_launcher-1.23.0
2024-07-10 11:01:34.555961374 - DEBUG: app_launcher-1.24.0
2024-07-10 11:01:34.557413164 - DEBUG: app_launcher-1.25.0
2024-07-10 11:01:34.558586286 - DEBUG: app_launcher-1.26.0
2024-07-10 11:01:34.559837177 - DEBUG: app_launcher-1.26.1
2024-07-10 11:01:34.561141222 - DEBUG: app_launcher-1.27.0
2024-07-10 11:01:34.562429638 - DEBUG: app_launcher-1.28.0
2024-07-10 11:01:34.563908328 - DEBUG: app_launcher-1.28.1
2024-07-10 11:01:34.565197252 - DEBUG: app_launcher-1.28.2
2024-07-10 11:01:34.566497894 - DEBUG: shotgun_sglink_launcher-1.0.0
2024-07-10 11:01:34.567859184 - DEBUG: shotgun_utils-1.0.0
2024-07-10 11:01:34.567891425 - DEBUG: shotgun_utils-1.1.0
2024-07-10 11:01:34.567921369 - DEBUG: shotgun_utils-1.1.1
2024-07-10 11:01:34.567956646 - DEBUG: shotgun_utils-1.2.0
2024-07-10 11:01:34.567975319 - DEBUG: shotgun_utils-1.3.0
2024-07-10 11:01:34.567993491 - DEBUG: shotgun_utils-1.3.1
2024-07-10 11:01:34.568220737 - DEBUG: shotgun_utils-1.3.2
2024-07-10 11:01:34.568458067 - DEBUG: shotgun_utils-1.3.3
2024-07-10 11:01:34.568745948 - DEBUG: shotgun_sglink_launcher-1.1.0
2024-07-10 11:01:34.570332314 - DEBUG: shotgun_sglink_launcher-1.1.1
2024-07-10 11:01:34.571712294 - DEBUG: shotgun_sglink_launcher-1.2.0
2024-07-10 11:01:34.573167682 - DEBUG: shotgun_sglink_launcher-1.2.1
2024-07-10 11:01:34.574561483 - DEBUG: shotgun_sglink_launcher-1.2.2
2024-07-10 11:01:34.576175364 - DEBUG: shotgun_sglink_launcher-1.2.3
2024-07-10 11:01:34.577898352 - DEBUG: shotgun_sglink_launcher-1.3.0
2024-07-10 11:01:34.580604729 - DEBUG: shotgun_sglink_launcher-1.3.1
2024-07-10 11:01:34.583376496 - DEBUG: shotgun_sglink_launcher-1.3.2
2024-07-10 11:01:34.586466041 - DEBUG: shotgun_sglink_launcher-1.3.3
2024-07-10 11:01:34.589353248 - DEBUG: shotgun_sglink_launcher-1.3.4
2024-07-10 11:01:34.593105645 - DEBUG: nested_dict-1.61
2024-07-10 11:01:34.593169864 - DEBUG: cffi-1.15.0
2024-07-10 11:01:34.593200696 - DEBUG: cffi-1.15.1
2024-07-10 11:01:34.593217586 - DEBUG: idna-2.10
2024-07-10 11:01:34.593227921 - DEBUG: idna-3.3
2024-07-10 11:01:34.593237354 - DEBUG: idna-3.4
2024-07-10 11:01:34.593246608 - DEBUG: idna-3.7
2024-07-10 11:01:34.593258066 - DEBUG: asn1crypto-1.5.1
2024-07-10 11:01:34.593343002 - DEBUG: ntplib-0.3.4
2024-07-10 11:01:34.593360922 - DEBUG: boto3-1.17.112
2024-07-10 11:01:34.593458149 - DEBUG: botocore-1.20.112
2024-07-10 11:01:34.593538515 - DEBUG: jmespath-0.10.0
2024-07-10 11:01:34.593629584 - DEBUG: s3transfer-0.4.2
2024-07-10 11:01:34.593670692 - DEBUG: botocore-1.29.130
2024-07-10 11:01:34.593690757 - DEBUG: boto3-1.26.130
2024-07-10 11:01:34.593738344 - DEBUG: fortiche_shotgun-1.1.0
2024-07-10 11:01:34.597927780 - DEBUG: fortiche_shotgun-1.2.0
2024-07-10 11:01:34.601802329 - DEBUG: fortiche_shotgun-1.3.0
2024-07-10 11:01:34.605229375 - DEBUG: fortiche_shotgun-1.3.1
2024-07-10 11:01:34.608599610 - DEBUG: fortiche_shotgun-1.4.0
2024-07-10 11:01:34.612224896 - DEBUG: fortiche_shotgun-1.4.1
2024-07-10 11:01:34.615381109 - DEBUG: fortiche_shotgun-1.4.2
2024-07-10 11:01:34.618764874 - DEBUG: fortiche_shotgun-1.5.0
2024-07-10 11:01:34.621966884 - DEBUG: fortiche_shotgun-1.6.0
2024-07-10 11:01:34.625399480 - DEBUG: fortiche_shotgun-1.7.0
2024-07-10 11:01:34.628912539 - DEBUG: fortiche_shotgun-1.7.1
2024-07-10 11:01:34.629197101 - DEBUG: ntplib-0.4.0
2024-07-10 11:01:34.632359424 - DEBUG: fortiche_shotgun-1.8.0
2024-07-10 11:01:34.635617826 - DEBUG: fortiche_shotgun-1.9.0
2024-07-10 11:01:34.638954100 - DEBUG: fortiche_shotgun-1.9.1
2024-07-10 11:01:34.642776344 - DEBUG: fortiche_shotgun-1.9.2
2024-07-10 11:01:34.646699808 - DEBUG: fortiche_shotgun-1.10.0
2024-07-10 11:01:34.650280009 - DEBUG: fortiche_shotgun-1.11.0
2024-07-10 11:01:34.653557817 - DEBUG: fortiche_shotgun-1.11.1
2024-07-10 11:01:34.657171386 - DEBUG: fortiche_shotgun-1.12.0
2024-07-10 11:01:34.661306757 - DEBUG: fortiche_shotgun-1.12.1
2024-07-10 11:01:34.665268245 - DEBUG: fortiche_shotgun-1.12.2
2024-07-10 11:01:34.669295285 - DEBUG: fortiche_shotgun-1.12.3
2024-07-10 11:01:34.673568952 - DEBUG: fortiche_shotgun-1.13.0
2024-07-10 11:01:34.677581659 - DEBUG: fortiche_shotgun-1.14.0
2024-07-10 11:01:34.681740950 - DEBUG: fortiche_shotgun-1.15.0
2024-07-10 11:01:34.686234492 - DEBUG: fortiche_shotgun-1.16.0
2024-07-10 11:01:34.690546867 - DEBUG: fortiche_shotgun-1.16.1
2024-07-10 11:01:34.694806358 - DEBUG: fortiche_shotgun-1.17.0
2024-07-10 11:01:34.698988424 - DEBUG: fortiche_shotgun-1.18.0
2024-07-10 11:01:34.703484942 - DEBUG: fortiche_shotgun-1.18.1
2024-07-10 11:01:34.707456754 - DEBUG: fortiche_shotgun-1.19.0
2024-07-10 11:01:34.711708820 - DEBUG: fortiche_shotgun-1.19.1
2024-07-10 11:01:34.715598512 - DEBUG: fortiche_shotgun-1.20.0
2024-07-10 11:01:34.719535334 - DEBUG: fortiche_shotgun-1.21.0
2024-07-10 11:01:34.723477621 - DEBUG: fortiche_shotgun-1.21.1
2024-07-10 11:01:34.727516072 - DEBUG: fortiche_shotgun-1.22.0
2024-07-10 11:01:34.731695978 - DEBUG: fortiche_shotgun-1.23.0
2024-07-10 11:01:34.735613164 - DEBUG: fortiche_shotgun-1.24.0
2024-07-10 11:01:34.739363626 - DEBUG: fortiche_shotgun-1.24.1
2024-07-10 11:01:34.743720872 - DEBUG: fortiche_shotgun-1.24.2
2024-07-10 11:01:34.748093782 - DEBUG: fortiche_shotgun-1.24.3
2024-07-10 11:01:34.752120396 - DEBUG: fortiche_shotgun-1.24.4
2024-07-10 11:01:34.756123234 - DEBUG: fortiche_shotgun-1.24.5
2024-07-10 11:01:34.760152670 - DEBUG: fastoche_core-1.1.1
2024-07-10 11:01:34.764892208 - DEBUG: fastoche_core-1.1.2
2024-07-10 11:01:34.769391672 - DEBUG: fastoche_core-1.1.3
2024-07-10 11:01:34.774633425 - DEBUG: fastoche_core-1.1.4
2024-07-10 11:01:34.779316036 - DEBUG: fastoche_core-1.1.5
2024-07-10 11:01:34.784375605 - DEBUG: fastoche_core-1.2.0
2024-07-10 11:01:34.789360367 - DEBUG: fastoche_core-1.2.1
2024-07-10 11:01:34.793650841 - DEBUG: fastoche_core-1.3.0
2024-07-10 11:01:34.797863008 - DEBUG: fastoche_core-1.3.1
2024-07-10 11:01:34.801853579 - DEBUG: fastoche_core-1.3.2
2024-07-10 11:01:34.806093237 - DEBUG: fastoche_core-1.4.0
2024-07-10 11:01:34.810644329 - DEBUG: fastoche_core-1.5.0
2024-07-10 11:01:34.814461329 - DEBUG: fastoche_core-1.6.0
2024-07-10 11:01:34.818296122 - DEBUG: fastoche_core-1.6.1
2024-07-10 11:01:34.822340071 - DEBUG: fastoche_core-1.6.2
2024-07-10 11:01:34.826572156 - DEBUG: fastoche_core-1.7.0
2024-07-10 11:01:34.830782261 - DEBUG: fastoche_core-1.7.1
2024-07-10 11:01:34.834859237 - DEBUG: fastoche_core-1.7.2
2024-07-10 11:01:34.839803200 - DEBUG: fastoche_core-1.7.3
2024-07-10 11:01:34.844402104 - DEBUG: fastoche_core-1.7.4
2024-07-10 11:01:34.848632477 - DEBUG: fastoche_core-1.7.5
2024-07-10 11:01:34.853018851 - DEBUG: fastoche_core-1.8.0
2024-07-10 11:01:34.857561659 - DEBUG: fastoche_core-1.9.0
2024-07-10 11:01:34.862002872 - DEBUG: fastoche_core-1.9.1
2024-07-10 11:01:34.866207217 - DEBUG: fastoche_core-1.9.2
2024-07-10 11:01:34.870737333 - DEBUG: fastoche_core-1.9.3
2024-07-10 11:01:34.875204413 - DEBUG: fastoche_core-1.9.4
2024-07-10 11:01:34.879558809 - DEBUG: fastoche_core-1.10.0
2024-07-10 11:01:34.884080970 - DEBUG: fastoche_core-1.10.1
2024-07-10 11:01:34.888412444 - DEBUG: fastoche_core-1.10.2
2024-07-10 11:01:34.892714885 - DEBUG: fastoche_core-1.11.0
2024-07-10 11:01:34.897694646 - DEBUG: fastoche_core-1.12.0
2024-07-10 11:01:34.902132993 - DEBUG: fastoche_core-1.13.0
2024-07-10 11:01:34.906754952 - DEBUG: fastoche_core-1.13.1
2024-07-10 11:01:34.911088782 - DEBUG: fastoche_core-1.14.0
2024-07-10 11:01:34.915360361 - DEBUG: fastoche_core-1.15.0
2024-07-10 11:01:34.920262458 - DEBUG: fastoche_core-1.16.0
2024-07-10 11:01:34.920876024 - DEBUG: MarkupSafe-1.1.1
2024-07-10 11:01:34.920984332 - DEBUG: MarkupSafe-2.0.1
2024-07-10 11:01:34.925140671 - DEBUG: fastoche_core-1.17.0
2024-07-10 11:01:34.930106111 - DEBUG: fastoche_core-1.17.1
2024-07-10 11:01:34.934614388 - DEBUG: fastoche_core-1.17.2
2024-07-10 11:01:34.939601137 - DEBUG: fastoche_core-1.18.0
2024-07-10 11:01:34.943910245 - DEBUG: fastoche_core-1.19.0
2024-07-10 11:01:34.949745083 - DEBUG: fastoche_guerilla-1.1.0
2024-07-10 11:01:34.954329731 - DEBUG: fastoche_guerilla-1.2.0
2024-07-10 11:01:34.958917410 - DEBUG: fastoche_guerilla-1.3.0
2024-07-10 11:01:34.964744654 - DEBUG: fastoche_guerilla-1.3.1
2024-07-10 11:01:34.969793982 - DEBUG: fastoche_guerilla-1.4.0
2024-07-10 11:01:34.974413897 - DEBUG: fastoche_guerilla-1.5.0
2024-07-10 11:01:34.979100088 - DEBUG: fastoche_guerilla-1.5.1
2024-07-10 11:01:34.984131346 - DEBUG: fastoche_guerilla-1.5.2
2024-07-10 11:01:34.989344404 - DEBUG: fastoche_guerilla-1.6.0
2024-07-10 11:01:34.994735759 - DEBUG: fastoche_guerilla-1.7.0
2024-07-10 11:01:35.000206419 - DEBUG: fastoche_guerilla-1.9.1
2024-07-10 11:01:35.005559356 - DEBUG: fastoche_guerilla-1.10.0
2024-07-10 11:01:35.010725538 - DEBUG: fastoche_guerilla-1.11.0
2024-07-10 11:01:35.015785863 - DEBUG: fastoche_guerilla-1.11.1
2024-07-10 11:01:35.020535738 - DEBUG: fastoche_guerilla-1.11.2
2024-07-10 11:01:35.025209938 - DEBUG: fastoche_guerilla-1.12.0
2024-07-10 11:01:35.029986235 - DEBUG: fastoche_guerilla-1.12.1
2024-07-10 11:01:35.035187870 - DEBUG: fastoche_guerilla-1.13.0
2024-07-10 11:01:35.040204978 - DEBUG: fastoche_guerilla-1.13.1
2024-07-10 11:01:35.044960199 - DEBUG: fastoche_guerilla-1.13.2
2024-07-10 11:01:35.050272183 - DEBUG: fastoche_guerilla-1.14.0
2024-07-10 11:01:35.055230762 - DEBUG: fastoche_guerilla-1.15.0
2024-07-10 11:01:35.060259928 - DEBUG: fastoche_guerilla-1.16.0
2024-07-10 11:01:35.065005944 - DEBUG: fastoche_guerilla-1.16.1
2024-07-10 11:01:35.071057524 - DEBUG: fastoche_guerilla-1.17.0
2024-07-10 11:01:35.076298615 - DEBUG: fastoche_guerilla-1.17.1
2024-07-10 11:01:35.082362755 - DEBUG: fastoche_guerilla-1.18.0
2024-07-10 11:01:35.087764378 - DEBUG: fastoche_guerilla-1.18.1
2024-07-10 11:01:35.093705432 - DEBUG: fastoche_guerilla-1.18.2
2024-07-10 11:01:35.099475441 - DEBUG: fastoche_guerilla-1.18.3
2024-07-10 11:01:35.105392773 - DEBUG: fastoche_guerilla-1.18.4
2024-07-10 11:01:35.110739286 - DEBUG: fastoche_guerilla-1.19.0
2024-07-10 11:01:35.116740382 - DEBUG: fastoche_guerilla-1.20.0
2024-07-10 11:01:35.122829778 - DEBUG: fastoche_guerilla-1.21.0
2024-07-10 11:01:35.128189224 - DEBUG: fastoche_guerilla-1.21.1
2024-07-10 11:01:35.134994247 - DEBUG: appy-1.0.0
2024-07-10 11:01:35.135341983 - DEBUG: templaters-1.0.0
2024-07-10 11:01:35.138028861 - DEBUG: templaters-1.1.0
2024-07-10 11:01:35.140716941 - DEBUG: templaters-1.1.1
2024-07-10 11:01:35.143463650 - DEBUG: templaters-1.2.0
2024-07-10 11:01:35.146198158 - DEBUG: templaters-1.2.1
2024-07-10 11:01:35.151337083 - DEBUG: cryptography-2.2.2
2024-07-10 11:01:35.151453096 - DEBUG: cryptography-2.2.2-pkg.0
2024-07-10 11:01:35.151518742 - DEBUG: cryptography-2.2.2-pkg.1
2024-07-10 11:01:35.151541383 - DEBUG: appy-1.0.1
2024-07-10 11:01:35.154088145 - DEBUG: appy-1.0.2
2024-07-10 11:01:35.156764510 - DEBUG: appy-1.0.3
2024-07-10 11:01:35.159377898 - DEBUG: appy-1.0.4
2024-07-10 11:01:35.162694931 - DEBUG: appy-1.1.0
2024-07-10 11:01:35.165623836 - DEBUG: appy-1.2.0
2024-07-10 11:01:35.166722021 - DEBUG: cryptography-2.9.2
2024-07-10 11:01:35.168715736 - DEBUG: appy-1.2.1
2024-07-10 11:01:35.171717146 - DEBUG: appy-1.3.0
2024-07-10 11:01:35.174576382 - DEBUG: appy-1.3.1
2024-07-10 11:01:35.177470521 - DEBUG: appy-1.3.2
2024-07-10 11:01:35.180499427 - DEBUG: appy-1.4.0
2024-07-10 11:01:35.183314573 - DEBUG: appy-1.5.0
2024-07-10 11:01:35.186286873 - DEBUG: appy-1.5.1
2024-07-10 11:01:35.189219503 - DEBUG: appy-1.5.2
2024-07-10 11:44:35.777630776 - INFO: Context name: d0ee69c8-f887-4055-a73d-766adf0f2ad1
2024-07-10 11:44:35.784113467 - DEBUG: python-2.7-inside-fbox-pkg.0
2024-07-10 11:44:35.784441355 - DEBUG: PySide2-5.12-inside-mari-5.0-pkg.0
2024-07-10 11:44:35.784558564 - DEBUG: shiboken2-5.12.0
2024-07-10 11:44:35.784680259 - DEBUG: urllib3-1.26.9
2024-07-10 11:44:35.784708838 - DEBUG: pycparser-2.21
2024-07-10 11:44:35.784756383 - DEBUG: et_xmlfile-1.0.1
2024-07-10 11:44:35.784793713 - DEBUG: smmap2-3.0.1
2024-07-10 11:44:35.784832068 - DEBUG: smmap-3.0.5
2024-07-10 11:44:35.784856081 - DEBUG: six-1.11.0
2024-07-10 11:44:35.785000163 - DEBUG: requests-2.13.0
2024-07-10 11:44:35.785141324 - DEBUG: urllib3-1.26.12
2024-07-10 11:44:35.785176747 - DEBUG: urllib3-1.26.15
2024-07-10 11:44:35.785236872 - DEBUG: certifi-2021.10.8
2024-07-10 11:44:35.785425200 - DEBUG: certifi-2022.5.18.1
2024-07-10 11:44:35.785559878 - DEBUG: certifi-2022.12.7
2024-07-10 11:44:35.785651731 - DEBUG: certifi-2023.5.7
2024-07-10 11:44:35.785738058 - DEBUG: certifi-2024.6.2
2024-07-10 11:44:35.785870435 - DEBUG: requests-2.27.1
2024-07-10 11:44:35.785993261 - DEBUG: requests-2.28.2
2024-07-10 11:44:35.786016322 - DEBUG: requests-2.30.0
2024-07-10 11:44:35.786030104 - DEBUG: requests-2.31.0
2024-07-10 11:44:35.786042108 - DEBUG: requests-2.32.3
2024-07-10 11:44:35.786065226 - DEBUG: six-1.16.0
2024-07-10 11:44:35.786148423 - DEBUG: et_xmlfile-1.1.0
2024-07-10 11:44:35.786196573 - DEBUG: jdcal-1.4.1
2024-07-10 11:44:35.786221680 - DEBUG: timecode-1.3.1
2024-07-10 11:44:35.786353424 - DEBUG: PySide2-5.12.0
2024-07-10 11:44:35.786423057 - DEBUG: PySide2-5.12.6-inside-nuke-13.2-pkg.0
2024-07-10 11:44:35.786503698 - DEBUG: PySide2-5.15-inside-nuke-14.0-pkg.0
2024-07-10 11:44:35.786597054 - DEBUG: PySide2-5.15.2-inside-houdini-19.5-pkg.0
2024-07-10 11:44:35.786690559 - DEBUG: PySide2-5.15.2.1
2024-07-10 11:44:35.786760004 - DEBUG: shiboken2-5.15.2.1
2024-07-10 11:44:35.786877678 - DEBUG: PySide2-5.15.2.1-pkg.1
2024-07-10 11:44:35.786973441 - DEBUG: python-2.7-inside-guerilla-2.3-pkg.0
2024-07-10 11:44:35.787149825 - DEBUG: PySide2-5.15.2-inside-maya-2022-pkg.0
2024-07-10 11:44:35.787259846 - DEBUG: python-2.7-inside-maya-2018-pkg.0
2024-07-10 11:44:35.787408740 - DEBUG: OpenTimelineIO-0.14.0
2024-07-10 11:44:35.787429444 - DEBUG: OpenTimelineIO-0.14.1
2024-07-10 11:44:35.787443115 - DEBUG: OpenTimelineIO-0.15-inside-nuke-14.0-pkg.0
2024-07-10 11:44:35.787500939 - DEBUG: rez-2.104.7
2024-07-10 11:44:35.787721307 - DEBUG: python-2.7-inside-maya-2022-pkg.0
2024-07-10 11:44:35.787944728 - DEBUG: OpenTimelineIO-0.15.0
2024-07-10 11:44:35.788175764 - DEBUG: python-2.7-pkg.0
2024-07-10 11:44:35.788347955 - DEBUG: python-2.7-pkg.1
2024-07-10 11:44:35.788540884 - DEBUG: python-3.7-inside-mari-5.0-pkg.0
2024-07-10 11:44:35.788783826 - DEBUG: python-3.7-inside-mari-5.0-pkg.1
2024-07-10 11:44:35.789039631 - DEBUG: python-3.7-inside-mari-5.0-pkg.2
2024-07-10 11:44:35.789224161 - DEBUG: python-3.7-inside-maya-2022-pkg.0
2024-07-10 11:44:35.789483679 - DEBUG: python-3.7-inside-maya-2022-pkg.1
2024-07-10 11:44:35.789689974 - DEBUG: python-3.7-inside-maya-2022-pkg.2
2024-07-10 11:44:35.789877983 - DEBUG: python-3.7-inside-nuke-13.2-pkg.0
2024-07-10 11:44:35.790271794 - DEBUG: python-3.7-inside-nuke-13.2-pkg.1
2024-07-10 11:44:35.790548908 - DEBUG: python-3.7-pkg.0
2024-07-10 11:44:35.790855593 - DEBUG: python-3.7-pkg.1
2024-07-10 11:44:35.791275128 - DEBUG: python-3.9-inside-houdini-19.5-pkg.0
2024-07-10 11:44:35.791528624 - DEBUG: python-3.9-inside-houdini-19.5-pkg.1
2024-07-10 11:44:35.791712416 - DEBUG: python-3.9-inside-nuke-14.0-pkg.0
2024-07-10 11:44:35.791929656 - DEBUG: OpenTimelineIO-0.14.0-inside-nuke-13.2-pkg.0
2024-07-10 11:44:35.792201588 - DEBUG: python-3.9-inside-nuke-14.0-pkg.1
2024-07-10 11:44:35.792504152 - DEBUG: python-3.9-pkg.0
2024-07-10 11:44:35.792699849 - DEBUG: python-3.9-pkg.1
2024-07-10 11:44:35.792922522 - DEBUG: python-3.10-inside-blender-3.6-pkg.0
2024-07-10 11:44:35.793448564 - DEBUG: fortiche_shotgun-1.12.4
2024-07-10 11:44:35.793759428 - DEBUG: app_launcher-1.1.0
2024-07-10 11:44:35.793900679 - DEBUG: templating_utils-1.0.0
2024-07-10 11:44:35.793970505 - DEBUG: Jinja2-2.10
2024-07-10 11:44:35.794002019 - DEBUG: templating_utils-1.0.1
2024-07-10 11:44:35.794056660 - DEBUG: templating_utils-1.0.2
2024-07-10 11:44:35.794098636 - DEBUG: Jinja2-2.11.3
2024-07-10 11:44:35.794114180 - DEBUG: templating_utils-1.0.3
2024-07-10 11:44:35.794283746 - DEBUG: os_utils-1.0.1
2024-07-10 11:44:35.794526814 - DEBUG: fastoche_core-1.0.0
2024-07-10 11:44:35.794744019 - DEBUG: shotgun_api3-3.0.41
2024-07-10 11:44:35.794813790 - DEBUG: httplib2-0.20.4
2024-07-10 11:44:35.794890920 - DEBUG: text_unidecode-1.2
2024-07-10 11:44:35.795061446 - DEBUG: uritemplate-3.0.1
2024-07-10 11:44:35.795111906 - DEBUG: google_auth_httplib2-0.1.0
2024-07-10 11:44:35.795178553 - DEBUG: google_auth-2.6.2
2024-07-10 11:44:35.795214646 - DEBUG: httplib2-0.11.3
2024-07-10 11:44:35.795313884 - DEBUG: python_dateutil-2.8.2
2024-07-10 11:44:35.795395292 - DEBUG: shotgun_api3-3.3.4
2024-07-10 11:44:35.795477721 - DEBUG: shotgun_api3-3.3.5
2024-07-10 11:44:35.795588462 - DEBUG: scandir-1.7
2024-07-10 11:44:35.795681094 - DEBUG: enum34-1.1.6
2024-07-10 11:44:35.795768791 - DEBUG: fishbowl-1.0.0
2024-07-10 11:44:35.795910789 - DEBUG: fishbowl-1.0.1
2024-07-10 11:44:35.796031272 - DEBUG: fishbowl-1.0.2
2024-07-10 11:44:35.796146668 - DEBUG: fishbowl-1.1.0
2024-07-10 11:44:35.796303381 - DEBUG: fishbowl-1.1.2
2024-07-10 11:44:35.796385671 - DEBUG: configparser-3.5.0
2024-07-10 11:44:35.796501920 - DEBUG: configparser-3.8.1
2024-07-10 11:44:35.796519440 - DEBUG: configparser-4.0.2
2024-07-10 11:44:35.796635060 - DEBUG: python_patch2run3-1.7.0
2024-07-10 11:44:35.796670950 - DEBUG: future-0.16.0
2024-07-10 11:44:35.796815451 - DEBUG: future-0.18.2
2024-07-10 11:44:35.797006206 - DEBUG: future-0.18.3
2024-07-10 11:44:35.797143398 - DEBUG: python_patch2run3-1.7.1
2024-07-10 11:44:35.797198248 - DEBUG: python_patch2run3-1.7.2
2024-07-10 11:44:35.797238872 - DEBUG: python_patch2run3-1.7.3
2024-07-10 11:44:35.797289600 - DEBUG: fishbowl-1.1.3
2024-07-10 11:44:35.797528400 - DEBUG: fishbowl-1.2.0
2024-07-10 11:44:35.797711406 - DEBUG: fishbowl-1.3.0
2024-07-10 11:44:35.798025244 - DEBUG: python_utils-1.0.0
2024-07-10 11:44:35.798254426 - DEBUG: carbon-1.0.0
2024-07-10 11:44:35.798687696 - DEBUG: python_utils-1.0.1
2024-07-10 11:44:35.798756024 - DEBUG: python_utils-1.0.2
2024-07-10 11:44:35.798819979 - DEBUG: python_utils-1.1.0
2024-07-10 11:44:35.798899237 - DEBUG: python_utils-1.2.1
2024-07-10 11:44:35.798984152 - DEBUG: python_utils-1.3.0
2024-07-10 11:44:35.799058840 - DEBUG: python_utils-1.4.0
2024-07-10 11:44:35.799166303 - DEBUG: python_utils-1.4.1
2024-07-10 11:44:35.799278313 - DEBUG: python_utils-1.4.2
2024-07-10 11:44:35.799362519 - DEBUG: python_utils-1.4.3
2024-07-10 11:44:35.799409257 - DEBUG: python_utils-1.5.0
2024-07-10 11:44:35.799487350 - DEBUG: python_utils-1.6.0
2024-07-10 11:44:35.799577993 - DEBUG: python_utils-1.6.1
2024-07-10 11:44:35.799690778 - DEBUG: python_utils-1.7.0
2024-07-10 11:44:35.799762278 - DEBUG: python_utils-1.7.1
2024-07-10 11:44:35.799840711 - DEBUG: python_utils-1.7.2
2024-07-10 11:44:35.799966843 - DEBUG: python_utils-1.8.0
2024-07-10 11:44:35.800059124 - DEBUG: python_utils-1.8.1
2024-07-10 11:44:35.800155251 - DEBUG: python_utils-1.8.2
2024-07-10 11:44:35.800284874 - DEBUG: python_utils-1.8.3
2024-07-10 11:44:35.800395499 - DEBUG: python_utils-1.8.4
2024-07-10 11:44:35.800469882 - DEBUG: python_utils-1.9.0
2024-07-10 11:44:35.800571631 - DEBUG: python_utils-1.10.0
2024-07-10 11:44:35.800684331 - DEBUG: python_utils-1.10.1
2024-07-10 11:44:35.800788574 - DEBUG: python_utils-1.10.2
2024-07-10 11:44:35.800872059 - DEBUG: python_utils-1.10.3
2024-07-10 11:44:35.800990934 - DEBUG: python_utils-1.10.4
2024-07-10 11:44:35.801131257 - DEBUG: python_utils-1.10.5
2024-07-10 11:44:35.801220140 - DEBUG: python_utils-1.10.6
2024-07-10 11:44:35.801358703 - DEBUG: python_utils-1.10.7
2024-07-10 11:44:35.801443704 - DEBUG: python_utils-1.10.8
2024-07-10 11:44:35.801533455 - DEBUG: python_utils-1.11.0
2024-07-10 11:44:35.801649685 - DEBUG: python_utils-1.11.1
2024-07-10 11:44:35.801735781 - DEBUG: python_utils-1.12.0
2024-07-10 11:44:35.801836968 - DEBUG: python_utils-1.12.1
2024-07-10 11:44:35.801975441 - DEBUG: python_utils-1.13.0
2024-07-10 11:44:35.802106530 - DEBUG: carbon-1.0.1
2024-07-10 11:44:35.803208792 - DEBUG: carbon-1.1.0
2024-07-10 11:44:35.804401476 - DEBUG: carbon-1.1.1
2024-07-10 11:44:35.805444500 - DEBUG: carbon-1.1.3
2024-07-10 11:44:35.806494285 - DEBUG: carbon-1.1.4
2024-07-10 11:44:35.807633396 - DEBUG: carbon-1.1.5
2024-07-10 11:44:35.808653177 - DEBUG: carbon-1.1.6
2024-07-10 11:44:35.809715592 - DEBUG: carbon-1.1.7
2024-07-10 11:44:35.810747813 - DEBUG: guerilla_utils-1.0.0
2024-07-10 11:44:35.810867896 - DEBUG: networkx-2.2
2024-07-10 11:44:35.811764154 - DEBUG: guerilla_utils-1.0.1
2024-07-10 11:44:35.812719801 - DEBUG: guerilla_utils-1.1.0
2024-07-10 11:44:35.813603100 - DEBUG: guerilla_utils-1.2.0
2024-07-10 11:44:35.814479626 - DEBUG: networkx-1.11
2024-07-10 11:44:35.814534547 - DEBUG: decorator-4.4.2
2024-07-10 11:44:35.814557629 - DEBUG: decorator-5.1.1
2024-07-10 11:44:35.814581456 - DEBUG: guerilla_utils-1.3.0
2024-07-10 11:44:35.815440274 - DEBUG: guerilla_utils-1.4.0
2024-07-10 11:44:35.816327945 - DEBUG: guerilla_utils-1.5.0
2024-07-10 11:44:35.817171822 - DEBUG: guerilla_utils-1.6.0
2024-07-10 11:44:35.818116443 - DEBUG: guerilla_utils-1.7.0
2024-07-10 11:44:35.819088349 - DEBUG: guerilla_utils-1.8.0
2024-07-10 11:44:35.819999940 - DEBUG: guerilla_utils-1.8.1
2024-07-10 11:44:35.820878792 - DEBUG: guerilla_utils-1.9.0
2024-07-10 11:44:35.822002268 - DEBUG: guerilla_utils-1.9.1
2024-07-10 11:44:35.822089449 - DEBUG: networkx-2.6.3
2024-07-10 11:44:35.822112954 - DEBUG: networkx-2.8.8
2024-07-10 11:44:35.822942301 - DEBUG: guerilla_utils-1.9.2
2024-07-10 11:44:35.823800671 - DEBUG: guerilla_utils-1.9.3
2024-07-10 11:44:35.824824503 - DEBUG: qt_utils-1.0.1
2024-07-10 11:44:35.825977010 - DEBUG: python_patch2run3-1.0.0
2024-07-10 11:44:35.826034439 - DEBUG: python_patch2run3-1.1.0
2024-07-10 11:44:35.826077817 - DEBUG: python_patch2run3-1.2.0
2024-07-10 11:44:35.826114162 - DEBUG: python_patch2run3-1.2.1
2024-07-10 11:44:35.826151605 - DEBUG: python_patch2run3-1.2.2
2024-07-10 11:44:35.826188601 - DEBUG: python_patch2run3-1.3.0
2024-07-10 11:44:35.826232309 - DEBUG: python_patch2run3-1.3.1
2024-07-10 11:44:35.826273633 - DEBUG: python_patch2run3-1.3.2
2024-07-10 11:44:35.826314123 - DEBUG: python_patch2run3-1.4.0
2024-07-10 11:44:35.826359974 - DEBUG: python_patch2run3-1.4.1
2024-07-10 11:44:35.826422867 - DEBUG: python_patch2run3-1.5.0
2024-07-10 11:44:35.826465367 - DEBUG: python_patch2run3-1.6.0
2024-07-10 11:44:35.826510709 - DEBUG: python_patch2run3-1.6.1
2024-07-10 11:44:35.826560967 - DEBUG: python_patch2run3-1.6.2
2024-07-10 11:44:35.826646492 - DEBUG: qt_utils-1.0.2
2024-07-10 11:44:35.827466664 - DEBUG: qt_utils-1.0.3
2024-07-10 11:44:35.828540580 - DEBUG: qt_utils-1.0.4
2024-07-10 11:44:35.829562128 - DEBUG: qt_utils-1.1.0
2024-07-10 11:44:35.830824876 - DEBUG: qt_utils-1.1.1
2024-07-10 11:44:35.832093745 - DEBUG: qt_utils-1.1.2
2024-07-10 11:44:35.833433208 - DEBUG: qt_utils-1.2.0
2024-07-10 11:44:35.834600897 - DEBUG: qt_utils-1.2.1
2024-07-10 11:44:35.835634953 - DEBUG: qt_utils-1.3.0
2024-07-10 11:44:35.836977266 - DEBUG: fastoche_guerilla-1.0.0
2024-07-10 11:44:35.837134537 - DEBUG: click-6.7
2024-07-10 11:44:35.837361183 - DEBUG: os_utils-1.0.2
2024-07-10 11:44:35.837595320 - DEBUG: os_utils-1.0.3
2024-07-10 11:44:35.838407543 - DEBUG: psutil-5.4.0
2024-07-10 11:44:35.838535996 - DEBUG: psutil-5.9.4
2024-07-10 11:44:35.838744751 - DEBUG: os_utils-1.0.4
2024-07-10 11:44:35.838974786 - DEBUG: os_utils-1.1.0
2024-07-10 11:44:35.839224534 - DEBUG: os_utils-1.2.0
2024-07-10 11:44:35.839464226 - DEBUG: os_utils-1.3.0
2024-07-10 11:44:35.840695644 - DEBUG: os_utils-1.4.0
2024-07-10 11:44:35.840936829 - DEBUG: os_utils-1.4.1
2024-07-10 11:44:35.841983262 - DEBUG: os_utils-1.5.0
2024-07-10 11:44:35.843081572 - DEBUG: os_utils-1.5.1
2024-07-10 11:44:35.843377477 - DEBUG: os_utils-1.6.0
2024-07-10 11:44:35.843710697 - DEBUG: os_utils-1.6.1
2024-07-10 11:44:35.844057090 - DEBUG: os_utils-1.6.2
2024-07-10 11:44:35.845111507 - DEBUG: os_utils-1.6.3
2024-07-10 11:44:35.846165419 - DEBUG: os_utils-1.7.0
2024-07-10 11:44:35.847245378 - DEBUG: os_utils-1.7.1
2024-07-10 11:44:35.848482349 - DEBUG: os_utils-1.8.0
2024-07-10 11:44:35.849510888 - DEBUG: os_utils-1.9.0
2024-07-10 11:44:35.850689349 - DEBUG: os_utils-1.9.1
2024-07-10 11:44:35.851813402 - DEBUG: os_utils-1.9.2
2024-07-10 11:44:35.852981312 - DEBUG: os_utils-1.9.3
2024-07-10 11:44:35.854386777 - DEBUG: os_utils-1.9.4
2024-07-10 11:44:35.855876309 - DEBUG: fortiche_core-1.0.0
2024-07-10 11:44:35.856668305 - DEBUG: termcolor-1.1.0
2024-07-10 11:44:35.856850030 - DEBUG: sentry_sdk-0.10.2
2024-07-10 11:44:35.856887795 - DEBUG: numpy-1.16.4
2024-07-10 11:44:35.857089981 - DEBUG: python_dependency_scan-1.0.0
2024-07-10 11:44:35.857338112 - DEBUG: importlib_metadata-1.6.0
2024-07-10 11:44:35.857398813 - DEBUG: zipp-1.2.0
2024-07-10 11:44:35.857427624 - DEBUG: zipp-3.15.0
2024-07-10 11:44:35.857468929 - DEBUG: pyyed-1.4.3
2024-07-10 11:44:35.857528580 - DEBUG: pyasn1-0.4.8
2024-07-10 11:44:35.857681204 - DEBUG: more_itertools-4.1.0
2024-07-10 11:44:35.857747361 - DEBUG: python_dependency_scan-1.0.1
2024-07-10 11:44:35.857969855 - DEBUG: python_dependency_scan-1.0.2
2024-07-10 11:44:35.858161208 - DEBUG: python_dependency_scan-1.0.3
2024-07-10 11:44:35.858370873 - DEBUG: pydeps-1.10.12
2024-07-10 11:44:35.858395063 - DEBUG: stdlib_list-0.8.0
2024-07-10 11:44:35.858457499 - DEBUG: python_dependency_scan-1.0.4
2024-07-10 11:44:35.858587254 - DEBUG: importlib_metadata-1.7.0
2024-07-10 11:44:35.858644955 - DEBUG: pyyed-1.5.0
2024-07-10 11:44:35.858704642 - DEBUG: enum34-1.1.10
2024-07-10 11:44:35.858740457 - DEBUG: python_dependency_scan-1.1.0
2024-07-10 11:44:35.858961452 - DEBUG: python_dependency_scan-1.1.1
2024-07-10 11:44:35.859449936 - DEBUG: python_dependency_scan-1.1.2
2024-07-10 11:44:35.860002966 - DEBUG: python_dependency_scan-1.1.3
2024-07-10 11:44:35.860466159 - DEBUG: python_dependency_scan-1.1.4
2024-07-10 11:44:35.860944098 - DEBUG: python_dependency_scan-1.1.5
2024-07-10 11:44:35.861476420 - DEBUG: python_dependency_scan-1.1.6
2024-07-10 11:44:35.861927666 - DEBUG: jsmin-2.2.2
2024-07-10 11:44:35.863055004 - DEBUG: fortiche_core-1.1.0
2024-07-10 11:44:35.864991041 - DEBUG: fortiche_core-1.1.1
2024-07-10 11:44:35.867008891 - DEBUG: fortiche_core-1.2.0
2024-07-10 11:44:35.868904170 - DEBUG: fortiche_core-1.3.0
2024-07-10 11:44:35.870614592 - DEBUG: fortiche_core-1.3.1
2024-07-10 11:44:35.872550663 - DEBUG: fortiche_core-1.3.2
2024-07-10 11:44:35.874192611 - DEBUG: fortiche_core-1.3.3
2024-07-10 11:44:35.876002980 - DEBUG: fortiche_core-1.3.4
2024-07-10 11:44:35.876333332 - DEBUG: numpy-1.16.6
2024-07-10 11:44:35.876401098 - DEBUG: numpy-1.21.6
2024-07-10 11:44:35.877300837 - DEBUG: scandir-1.10.0
2024-07-10 11:44:35.878114276 - DEBUG: fortiche_core-1.3.5
2024-07-10 11:44:35.879905343 - DEBUG: fortiche_core-1.3.6
2024-07-10 11:44:35.881736821 - DEBUG: fortiche_core-1.4.0
2024-07-10 11:44:35.883397440 - DEBUG: click-8.1.3
2024-07-10 11:44:35.883812603 - DEBUG: fortiche_core-1.4.1
2024-07-10 11:44:35.885659976 - DEBUG: fortiche_core-1.5.0
2024-07-10 11:44:35.887260337 - DEBUG: fortiche_core-1.6.0
2024-07-10 11:44:35.889116188 - DEBUG: fortiche_core-1.6.1
2024-07-10 11:44:35.890941766 - DEBUG: fortiche_core-1.7.0
2024-07-10 11:44:35.892890559 - DEBUG: fortiche_core-1.7.1
2024-07-10 11:44:35.894420277 - DEBUG: fortiche_core-1.8.0
2024-07-10 11:44:35.896369217 - DEBUG: fortiche_core-1.8.1
2024-07-10 11:44:35.897941531 - DEBUG: fortiche_core-1.8.2
2024-07-10 11:44:35.899855597 - DEBUG: fortiche_core-1.8.3
2024-07-10 11:44:35.901477552 - DEBUG: fortiche_core-1.9.0
2024-07-10 11:44:35.903179316 - DEBUG: fortiche_core-1.9.1
2024-07-10 11:44:35.904717397 - DEBUG: fortiche_core-1.10.0
2024-07-10 11:44:35.906712368 - DEBUG: fortiche_core-1.10.1
2024-07-10 11:44:35.908262727 - DEBUG: fortiche_core-1.11.0
2024-07-10 11:44:35.909987707 - DEBUG: fortiche_core-1.11.1
2024-07-10 11:44:35.911642457 - DEBUG: fortiche_core-1.11.2
2024-07-10 11:44:35.913393831 - DEBUG: fortiche_core-1.11.3
2024-07-10 11:44:35.915000871 - DEBUG: fortiche_core-1.11.4
2024-07-10 11:44:35.916643789 - DEBUG: fortiche_core-1.12.0
2024-07-10 11:44:35.918510865 - DEBUG: fortiche_core-1.13.0
2024-07-10 11:44:35.920095947 - DEBUG: fortiche_core-1.14.0
2024-07-10 11:44:35.921752183 - DEBUG: fortiche_core-1.14.1
2024-07-10 11:44:35.923428233 - DEBUG: fortiche_core-1.14.2
2024-07-10 11:44:35.925130335 - DEBUG: fortiche_core-1.15.0
2024-07-10 11:44:35.926714337 - DEBUG: fortiche_core-1.16.0
2024-07-10 11:44:35.928602422 - DEBUG: fortiche_core-1.17.0
2024-07-10 11:44:35.930131452 - DEBUG: fortiche_core-1.18.0
2024-07-10 11:44:35.932044602 - DEBUG: fortiche_core-1.19.0
2024-07-10 11:44:35.933921130 - DEBUG: fortiche_core-1.20.0
2024-07-10 11:44:35.935598488 - DEBUG: fortiche_core-1.20.1
2024-07-10 11:44:35.937451812 - DEBUG: fortiche_core-1.20.2
2024-07-10 11:44:35.939227159 - DEBUG: fortiche_core-1.21.0
2024-07-10 11:44:35.940855926 - DEBUG: fortiche_core-1.21.1
2024-07-10 11:44:35.942563708 - DEBUG: fortiche_core-1.22.0
2024-07-10 11:44:35.944240533 - DEBUG: fortiche_core-1.23.0
2024-07-10 11:44:35.946071404 - DEBUG: fastoche_core-1.1.0
2024-07-10 11:44:35.948784364 - DEBUG: horizon-1.0.0
2024-07-10 11:44:35.950975947 - DEBUG: horizon-1.1.0
2024-07-10 11:44:35.953093153 - DEBUG: horizon-1.1.1
2024-07-10 11:44:35.955453186 - DEBUG: horizon-1.2.0
2024-07-10 11:44:35.957552917 - DEBUG: horizon-1.3.0
2024-07-10 11:44:35.958480643 - DEBUG: fortiche_qt-1.0.0
2024-07-10 11:44:35.960046043 - DEBUG: fortiche_qt-1.0.1
2024-07-10 11:44:35.961672604 - DEBUG: fortiche_qt-1.0.2
2024-07-10 11:44:35.964898423 - DEBUG: horizon-1.3.1
2024-07-10 11:44:35.967305018 - DEBUG: horizon-1.3.2
2024-07-10 11:44:35.969898345 - DEBUG: horizon-1.4.0
2024-07-10 11:44:35.972562786 - DEBUG: horizon-1.4.1
2024-07-10 11:44:35.974808377 - DEBUG: horizon-1.5.0
2024-07-10 11:44:35.977214365 - DEBUG: horizon-1.6.0
2024-07-10 11:44:35.979879236 - DEBUG: horizon-1.7.0
2024-07-10 11:44:35.982227951 - DEBUG: horizon-1.7.1
2024-07-10 11:44:35.984605036 - DEBUG: horizon-1.8.0
2024-07-10 11:44:35.987241259 - DEBUG: horizon-1.9.0
2024-07-10 11:44:35.989922401 - DEBUG: horizon-1.10.0
2024-07-10 11:44:35.992659243 - DEBUG: fortiche_shotgun-1.0.0
2024-07-10 11:44:35.994282068 - DEBUG: ffmpeg_utils-1.1.0
2024-07-10 11:44:35.994660676 - DEBUG: ffmpeg_utils-1.2.0
2024-07-10 11:44:35.995073873 - DEBUG: ffmpeg_utils-1.3.0
2024-07-10 11:44:35.995502258 - DEBUG: ffmpeg_utils-1.3.1
2024-07-10 11:44:35.995896064 - DEBUG: ffmpeg_utils-1.3.2
2024-07-10 11:44:35.996297708 - DEBUG: ffmpeg_utils-1.3.3
2024-07-10 11:44:35.996775406 - DEBUG: ffmpeg_utils-1.4.0
2024-07-10 11:44:35.997166405 - DEBUG: ffmpeg_utils-1.4.1
2024-07-10 11:44:35.997562429 - DEBUG: ffmpeg_utils-1.5.0
2024-07-10 11:44:35.997977917 - DEBUG: ffmpeg_utils-1.5.1
2024-07-10 11:44:35.998351844 - DEBUG: ffmpeg_utils-1.6.0
2024-07-10 11:44:35.999103639 - DEBUG: app_launcher-1.3.0
2024-07-10 11:44:36.000617051 - DEBUG: app_launcher-1.4.0
2024-07-10 11:44:36.002081877 - DEBUG: app_launcher-1.4.1
2024-07-10 11:44:36.003458547 - DEBUG: app_launcher-1.5.0
2024-07-10 11:44:36.004798423 - DEBUG: app_launcher-1.6.0
2024-07-10 11:44:36.006336791 - DEBUG: app_launcher-1.6.1
2024-07-10 11:44:36.007717215 - DEBUG: app_launcher-1.7.0
2024-07-10 11:44:36.009050757 - DEBUG: app_launcher-1.8.0
2024-07-10 11:44:36.010320485 - DEBUG: app_launcher-1.9.0
2024-07-10 11:44:36.011573858 - DEBUG: app_launcher-1.9.1
2024-07-10 11:44:36.012771173 - DEBUG: app_launcher-1.9.2
2024-07-10 11:44:36.014102826 - DEBUG: app_launcher-1.10.0
2024-07-10 11:44:36.015496426 - DEBUG: app_launcher-1.11.0
2024-07-10 11:44:36.016989109 - DEBUG: app_launcher-1.12.0
2024-07-10 11:44:36.018312873 - DEBUG: app_launcher-1.13.0
2024-07-10 11:44:36.019493693 - DEBUG: app_launcher-1.14.0
2024-07-10 11:44:36.020784586 - DEBUG: app_launcher-1.15.0
2024-07-10 11:44:36.021934498 - DEBUG: app_launcher-1.16.0
2024-07-10 11:44:36.023130183 - DEBUG: app_launcher-1.17.0
2024-07-10 11:44:36.024516237 - DEBUG: app_launcher-1.18.0
2024-07-10 11:44:36.025764237 - DEBUG: app_launcher-1.19.0
2024-07-10 11:44:36.027093040 - DEBUG: app_launcher-1.20.0
2024-07-10 11:44:36.028382744 - DEBUG: app_launcher-1.21.0
2024-07-10 11:44:36.029536832 - DEBUG: app_launcher-1.22.0
2024-07-10 11:44:36.030682724 - DEBUG: app_launcher-1.23.0
2024-07-10 11:44:36.032009963 - DEBUG: app_launcher-1.24.0
2024-07-10 11:44:36.033322965 - DEBUG: app_launcher-1.25.0
2024-07-10 11:44:36.034616591 - DEBUG: app_launcher-1.26.0
2024-07-10 11:44:36.035836347 - DEBUG: app_launcher-1.26.1
2024-07-10 11:44:36.037149551 - DEBUG: app_launcher-1.27.0
2024-07-10 11:44:36.038373747 - DEBUG: app_launcher-1.28.0
2024-07-10 11:44:36.039664407 - DEBUG: app_launcher-1.28.1
2024-07-10 11:44:36.041003761 - DEBUG: app_launcher-1.28.2
2024-07-10 11:44:36.042318104 - DEBUG: shotgun_sglink_launcher-1.0.0
2024-07-10 11:44:36.043746957 - DEBUG: shotgun_utils-1.0.0
2024-07-10 11:44:36.043780234 - DEBUG: shotgun_utils-1.1.0
2024-07-10 11:44:36.043799365 - DEBUG: shotgun_utils-1.1.1
2024-07-10 11:44:36.043815966 - DEBUG: shotgun_utils-1.2.0
2024-07-10 11:44:36.043833080 - DEBUG: shotgun_utils-1.3.0
2024-07-10 11:44:36.043856919 - DEBUG: shotgun_utils-1.3.1
2024-07-10 11:44:36.044135760 - DEBUG: shotgun_utils-1.3.2
2024-07-10 11:44:36.044401917 - DEBUG: shotgun_utils-1.3.3
2024-07-10 11:44:36.044650866 - DEBUG: shotgun_sglink_launcher-1.1.0
2024-07-10 11:44:36.046104045 - DEBUG: shotgun_sglink_launcher-1.1.1
2024-07-10 11:44:36.047510427 - DEBUG: shotgun_sglink_launcher-1.2.0
2024-07-10 11:44:36.048840454 - DEBUG: shotgun_sglink_launcher-1.2.1
2024-07-10 11:44:36.050211133 - DEBUG: shotgun_sglink_launcher-1.2.2
2024-07-10 11:44:36.051729485 - DEBUG: shotgun_sglink_launcher-1.2.3
2024-07-10 11:44:36.053345457 - DEBUG: shotgun_sglink_launcher-1.3.0
2024-07-10 11:44:36.055902454 - DEBUG: shotgun_sglink_launcher-1.3.1
2024-07-10 11:44:36.058724977 - DEBUG: shotgun_sglink_launcher-1.3.2
2024-07-10 11:44:36.061506188 - DEBUG: shotgun_sglink_launcher-1.3.3
2024-07-10 11:44:36.064528152 - DEBUG: shotgun_sglink_launcher-1.3.4
2024-07-10 11:44:36.068461463 - DEBUG: nested_dict-1.61
2024-07-10 11:44:36.068526873 - DEBUG: cffi-1.15.0
2024-07-10 11:44:36.068540258 - DEBUG: cffi-1.15.1
2024-07-10 11:44:36.068556679 - DEBUG: idna-2.10
2024-07-10 11:44:36.068566593 - DEBUG: idna-3.3
2024-07-10 11:44:36.068574803 - DEBUG: idna-3.4
2024-07-10 11:44:36.068583466 - DEBUG: idna-3.7
2024-07-10 11:44:36.068593857 - DEBUG: asn1crypto-1.5.1
2024-07-10 11:44:36.068656228 - DEBUG: ntplib-0.3.4
2024-07-10 11:44:36.068674598 - DEBUG: boto3-1.17.112
2024-07-10 11:44:36.068730788 - DEBUG: botocore-1.20.112
2024-07-10 11:44:36.068786246 - DEBUG: jmespath-0.10.0
2024-07-10 11:44:36.068848931 - DEBUG: s3transfer-0.4.2
2024-07-10 11:44:36.068884825 - DEBUG: botocore-1.29.130
2024-07-10 11:44:36.068910315 - DEBUG: boto3-1.26.130
2024-07-10 11:44:36.068953735 - DEBUG: fortiche_shotgun-1.1.0
2024-07-10 11:44:36.072277934 - DEBUG: fortiche_shotgun-1.2.0
2024-07-10 11:44:36.075710910 - DEBUG: fortiche_shotgun-1.3.0
2024-07-10 11:44:36.079465935 - DEBUG: fortiche_shotgun-1.3.1
2024-07-10 11:44:36.082769734 - DEBUG: fortiche_shotgun-1.4.0
2024-07-10 11:44:36.086199517 - DEBUG: fortiche_shotgun-1.4.1
2024-07-10 11:44:36.089560418 - DEBUG: fortiche_shotgun-1.4.2
2024-07-10 11:44:36.093227346 - DEBUG: fortiche_shotgun-1.5.0
2024-07-10 11:44:36.096418561 - DEBUG: fortiche_shotgun-1.6.0
2024-07-10 11:44:36.099577421 - DEBUG: fortiche_shotgun-1.7.0
2024-07-10 11:44:36.102747085 - DEBUG: fortiche_shotgun-1.7.1
2024-07-10 11:44:36.103079655 - DEBUG: ntplib-0.4.0
2024-07-10 11:44:36.106610567 - DEBUG: fortiche_shotgun-1.8.0
2024-07-10 11:44:36.109888442 - DEBUG: fortiche_shotgun-1.9.0
2024-07-10 11:44:36.113358274 - DEBUG: fortiche_shotgun-1.9.1
2024-07-10 11:44:36.117035135 - DEBUG: fortiche_shotgun-1.9.2
2024-07-10 11:44:36.120368430 - DEBUG: fortiche_shotgun-1.10.0
2024-07-10 11:44:36.123908938 - DEBUG: fortiche_shotgun-1.11.0
2024-07-10 11:44:36.127355906 - DEBUG: fortiche_shotgun-1.11.1
2024-07-10 11:44:36.130773901 - DEBUG: fortiche_shotgun-1.12.0
2024-07-10 11:44:36.134365255 - DEBUG: fortiche_shotgun-1.12.1
2024-07-10 11:44:36.137769522 - DEBUG: fortiche_shotgun-1.12.2
2024-07-10 11:44:36.141333826 - DEBUG: fortiche_shotgun-1.12.3
2024-07-10 11:44:36.144746972 - DEBUG: fortiche_shotgun-1.13.0
2024-07-10 11:44:36.148536221 - DEBUG: fortiche_shotgun-1.14.0
2024-07-10 11:44:36.151833518 - DEBUG: fortiche_shotgun-1.15.0
2024-07-10 11:44:36.155461143 - DEBUG: fortiche_shotgun-1.16.0
2024-07-10 11:44:36.158920878 - DEBUG: fortiche_shotgun-1.16.1
2024-07-10 11:44:36.162263984 - DEBUG: fortiche_shotgun-1.17.0
2024-07-10 11:44:36.166066394 - DEBUG: fortiche_shotgun-1.18.0
2024-07-10 11:44:36.169798154 - DEBUG: fortiche_shotgun-1.18.1
2024-07-10 11:44:36.173404577 - DEBUG: fortiche_shotgun-1.19.0
2024-07-10 11:44:36.176875106 - DEBUG: fortiche_shotgun-1.19.1
2024-07-10 11:44:36.180457636 - DEBUG: fortiche_shotgun-1.20.0
2024-07-10 11:44:36.184168955 - DEBUG: fortiche_shotgun-1.21.0
2024-07-10 11:44:36.187526475 - DEBUG: fortiche_shotgun-1.21.1
2024-07-10 11:44:36.191600294 - DEBUG: fortiche_shotgun-1.22.0
2024-07-10 11:44:36.195079425 - DEBUG: fortiche_shotgun-1.23.0
2024-07-10 11:44:36.198589922 - DEBUG: fortiche_shotgun-1.24.0
2024-07-10 11:44:36.202163665 - DEBUG: fortiche_shotgun-1.24.1
2024-07-10 11:44:36.205769641 - DEBUG: fortiche_shotgun-1.24.2
2024-07-10 11:44:36.209540898 - DEBUG: fortiche_shotgun-1.24.3
2024-07-10 11:44:36.213107577 - DEBUG: fortiche_shotgun-1.24.4
2024-07-10 11:44:36.216613124 - DEBUG: fortiche_shotgun-1.24.5
2024-07-10 11:44:36.220214005 - DEBUG: fastoche_core-1.1.1
2024-07-10 11:44:36.224372537 - DEBUG: fastoche_core-1.1.2
2024-07-10 11:44:36.228426426 - DEBUG: fastoche_core-1.1.3
2024-07-10 11:44:36.232612869 - DEBUG: fastoche_core-1.1.4
2024-07-10 11:44:36.236623687 - DEBUG: fastoche_core-1.1.5
2024-07-10 11:44:36.240908358 - DEBUG: fastoche_core-1.2.0
2024-07-10 11:44:36.244816211 - DEBUG: fastoche_core-1.2.1
2024-07-10 11:44:36.249491594 - DEBUG: fastoche_core-1.3.0
2024-07-10 11:44:36.253613977 - DEBUG: fastoche_core-1.3.1
2024-07-10 11:44:36.257778063 - DEBUG: fastoche_core-1.3.2
2024-07-10 11:44:36.262165983 - DEBUG: fastoche_core-1.4.0
2024-07-10 11:44:36.266666531 - DEBUG: fastoche_core-1.5.0
2024-07-10 11:44:36.270735758 - DEBUG: fastoche_core-1.6.0
2024-07-10 11:44:36.274733026 - DEBUG: fastoche_core-1.6.1
2024-07-10 11:44:36.278667799 - DEBUG: fastoche_core-1.6.2
2024-07-10 11:44:36.282805933 - DEBUG: fastoche_core-1.7.0
2024-07-10 11:44:36.287026079 - DEBUG: fastoche_core-1.7.1
2024-07-10 11:44:36.291717709 - DEBUG: fastoche_core-1.7.2
2024-07-10 11:44:36.296190001 - DEBUG: fastoche_core-1.7.3
2024-07-10 11:44:36.300937037 - DEBUG: fastoche_core-1.7.4
2024-07-10 11:44:36.305406888 - DEBUG: fastoche_core-1.7.5
2024-07-10 11:44:36.309753839 - DEBUG: fastoche_core-1.8.0
2024-07-10 11:44:36.314988318 - DEBUG: fastoche_core-1.9.0
2024-07-10 11:44:36.319724338 - DEBUG: fastoche_core-1.9.1
2024-07-10 11:44:36.324121820 - DEBUG: fastoche_core-1.9.2
2024-07-10 11:44:36.328694648 - DEBUG: fastoche_core-1.9.3
2024-07-10 11:44:36.333101756 - DEBUG: fastoche_core-1.9.4
2024-07-10 11:44:36.337478832 - DEBUG: fastoche_core-1.10.0
2024-07-10 11:44:36.341745015 - DEBUG: fastoche_core-1.10.1
2024-07-10 11:44:36.345965292 - DEBUG: fastoche_core-1.10.2
2024-07-10 11:44:36.350267209 - DEBUG: fastoche_core-1.11.0
2024-07-10 11:44:36.354575333 - DEBUG: fastoche_core-1.12.0
2024-07-10 11:44:36.358911724 - DEBUG: fastoche_core-1.13.0
2024-07-10 11:44:36.363365496 - DEBUG: fastoche_core-1.13.1
2024-07-10 11:44:36.368380832 - DEBUG: fastoche_core-1.14.0
2024-07-10 11:44:36.372979754 - DEBUG: fastoche_core-1.15.0
2024-07-10 11:44:36.377522432 - DEBUG: fastoche_core-1.16.0
2024-07-10 11:44:36.378047765 - DEBUG: MarkupSafe-1.1.1
2024-07-10 11:44:36.378151897 - DEBUG: MarkupSafe-2.0.1
2024-07-10 11:44:36.382223971 - DEBUG: fastoche_core-1.17.0
2024-07-10 11:44:36.386850577 - DEBUG: fastoche_core-1.17.1
2024-07-10 11:44:36.391856515 - DEBUG: fastoche_core-1.17.2
2024-07-10 11:44:36.396693917 - DEBUG: fastoche_core-1.18.0
2024-07-10 11:44:36.401347541 - DEBUG: fastoche_core-1.19.0
2024-07-10 11:44:36.408185982 - DEBUG: fastoche_guerilla-1.1.0
2024-07-10 11:44:36.413648551 - DEBUG: fastoche_guerilla-1.2.0
2024-07-10 11:44:36.418741305 - DEBUG: fastoche_guerilla-1.3.0
2024-07-10 11:44:36.423720117 - DEBUG: fastoche_guerilla-1.3.1
2024-07-10 11:44:36.429177385 - DEBUG: fastoche_guerilla-1.4.0
2024-07-10 11:44:36.435346794 - DEBUG: fastoche_guerilla-1.5.0
2024-07-10 11:44:36.441238326 - DEBUG: fastoche_guerilla-1.5.1
2024-07-10 11:44:36.446968978 - DEBUG: fastoche_guerilla-1.5.2
2024-07-10 11:44:36.452400983 - DEBUG: fastoche_guerilla-1.6.0
2024-07-10 11:44:36.457779036 - DEBUG: fastoche_guerilla-1.7.0
2024-07-10 11:44:36.463302812 - DEBUG: fastoche_guerilla-1.9.1
2024-07-10 11:44:36.469333713 - DEBUG: fastoche_guerilla-1.10.0
2024-07-10 11:44:36.475040691 - DEBUG: fastoche_guerilla-1.11.0
2024-07-10 11:44:36.480544456 - DEBUG: fastoche_guerilla-1.11.1
2024-07-10 11:44:36.486417915 - DEBUG: fastoche_guerilla-1.11.2
2024-07-10 11:44:36.492244040 - DEBUG: fastoche_guerilla-1.12.0
2024-07-10 11:44:36.497948561 - DEBUG: fastoche_guerilla-1.12.1
2024-07-10 11:44:36.503622541 - DEBUG: fastoche_guerilla-1.13.0
2024-07-10 11:44:36.509428827 - DEBUG: fastoche_guerilla-1.13.1
2024-07-10 11:44:36.515187129 - DEBUG: fastoche_guerilla-1.13.2
2024-07-10 11:44:36.520979241 - DEBUG: fastoche_guerilla-1.14.0
2024-07-10 11:44:36.526693546 - DEBUG: fastoche_guerilla-1.15.0
2024-07-10 11:44:36.532305683 - DEBUG: fastoche_guerilla-1.16.0
2024-07-10 11:44:36.537817894 - DEBUG: fastoche_guerilla-1.16.1
2024-07-10 11:44:36.543280436 - DEBUG: fastoche_guerilla-1.17.0
2024-07-10 11:44:36.548866408 - DEBUG: fastoche_guerilla-1.17.1
2024-07-10 11:44:36.554168691 - DEBUG: fastoche_guerilla-1.18.0
2024-07-10 11:44:36.559810162 - DEBUG: fastoche_guerilla-1.18.1
2024-07-10 11:44:36.565481689 - DEBUG: fastoche_guerilla-1.18.2
2024-07-10 11:44:36.570715054 - DEBUG: fastoche_guerilla-1.18.3
2024-07-10 11:44:36.575987370 - DEBUG: fastoche_guerilla-1.18.4
2024-07-10 11:44:36.581257525 - DEBUG: fastoche_guerilla-1.19.0
2024-07-10 11:44:36.586619222 - DEBUG: fastoche_guerilla-1.20.0
2024-07-10 11:44:36.591815579 - DEBUG: fastoche_guerilla-1.21.0
2024-07-10 11:44:36.597066288 - DEBUG: fastoche_guerilla-1.21.1
2024-07-10 11:44:36.603641031 - DEBUG: appy-1.0.0
2024-07-10 11:44:36.604003193 - DEBUG: templaters-1.0.0
2024-07-10 11:44:36.606670035 - DEBUG: templaters-1.1.0
2024-07-10 11:44:36.609166528 - DEBUG: templaters-1.1.1
2024-07-10 11:44:36.612270424 - DEBUG: templaters-1.2.0
2024-07-10 11:44:36.615026190 - DEBUG: templaters-1.2.1
2024-07-10 11:44:36.620473005 - DEBUG: cryptography-2.2.2
2024-07-10 11:44:36.620581258 - DEBUG: cryptography-2.2.2-pkg.0
2024-07-10 11:44:36.620595704 - DEBUG: cryptography-2.2.2-pkg.1
2024-07-10 11:44:36.620616984 - DEBUG: appy-1.0.1
2024-07-10 11:44:36.623531845 - DEBUG: appy-1.0.2
2024-07-10 11:44:36.626608696 - DEBUG: appy-1.0.3
2024-07-10 11:44:36.629561739 - DEBUG: appy-1.0.4
2024-07-10 11:44:36.632216461 - DEBUG: appy-1.1.0
2024-07-10 11:44:36.635161161 - DEBUG: appy-1.2.0
2024-07-10 11:44:36.636305646 - DEBUG: cryptography-2.9.2
2024-07-10 11:44:36.638220879 - DEBUG: appy-1.2.1
2024-07-10 11:44:36.641296353 - DEBUG: appy-1.3.0
2024-07-10 11:44:36.644432494 - DEBUG: appy-1.3.1
2024-07-10 11:44:36.647388403 - DEBUG: appy-1.3.2
2024-07-10 11:44:36.650466014 - DEBUG: appy-1.4.0
2024-07-10 11:44:36.653416763 - DEBUG: appy-1.5.0
2024-07-10 11:44:36.656262156 - DEBUG: appy-1.5.1
2024-07-10 11:44:36.659031391 - DEBUG: appy-1.5.2
2024-07-10 11:58:17.124686984 - INFO: Context name: 645805b3-dabf-40b2-83fb-b9ef89cb5a4d
